AUDIT=CP-AAA-01
DATE=2026-08-21
LOCAL_HEAD=3e8f970
REMOTE_HEAD=3e8f970
AHEAD_BEHIND=0	0
STATUS_TARGETS=
PLAYER_PARAMS=
VOSS_AAA_MATCHES=
320:	road.cast_shadow = GeometryInstance3D.SHADOW_CASTING_SETTING_OFF
366:	route.cast_shadow = GeometryInstance3D.SHADOW_CASTING_SETTING_OFF
400:		# Duas silhuetas projetadas no intervalo entre a Casa Voss e Orion, à esquerda do pico.
403:		# Grupo de fundo irregular: preenche a base de Orion sem alinhar as árvores como uma parede.
487:	# Ramificação controlada: duas margens de floresta real, centro livre para Casa Voss, percurso e Orion.
548:	# Camada de coníferas intermédia: escalas e espaçamentos irregulares densificam o vale, mas deixam corredores de leitura até Orion.
827:		# Agrupamentos periféricos: reforçam o vale sem fechar a rota visual para Orion.
1010:	# Um regresso real de Orion recarrega a cena exterior junto da Garganta; o prólogo não pode roubar a câmara já restaurada de Elias.
1011:	if OrionTransitionState.has_pending_exterior_return():
1049:		elif qa_storyboard_stage == "orion_entrada":
1054:		elif qa_storyboard_stage == "orion_colo":
1058:		elif qa_storyboard_stage == "orion_camara":
1131:		for technical_marker_name: String in ["MarcoChronosAzulRemoto", "MarcosDoVale", "JanelaChronosAzul", "LuzDaJanelaChronos"]:
1169:	# O estágio QA Orion é uma auditoria interior explícita; no prólogo normal, a limpeza permanece integral.
1170:	if OS.get_environment("ORIGEM_QA_ORION_REVEAL") == "1":
1178:	for technical_marker_name: String in ["MarcoChronosAzulRemoto", "MarcosDoVale", "MarcosDaMargemDoLago", "MarcosDeOrientacaoCasaVoss", "MarcosCartograficosSudoeste", "LuzChronosMargem*", "BrilhoAzulChronos", "BrilhoMarcoRuina*", "LuzDoObservatorio", "BrilhoChronosDaCaverna", "JanelaChronosAzul", "LuzDaJanelaChronos", "LuzesDoVale", "InteriorDoSantuario", "SantuarioDaNascente", "ReflexoDaQueda", "LuzDoAltar", "Geometry", "OrionCube", "Tablet1", "Tablet2", "Tablet3", "TerminalP52", "Seraph", "*Chronos*", "*Beacon*", "*Brilho*", "*Marco*"]:
1301:	var opening_message: String = "Prólogo saltado. Elias recupera o controlo na Casa Voss." if opening_was_skipped else "1908 — Casa Voss\n\nA tempestade cobre a estrada para as cavernas de Orion."
1419:	# Janela anómala: a referência visual da abertura associa a casa ao brilho azul de Chronos.
1442:	# Frontão alto em madeira envelhecida: reforça a silhueta de refúgio antigo sem acrescentar colisão ou alterar a volumetria jogável.
1460:	gable.cast_shadow = GeometryInstance3D.SHADOW_CASTING_SETTING_ON
1479:	window.name = "JanelaChronosAzul"
1625:	var porch_light: OmniLight3D = OmniLight3D.new()
1672:		slab.cast_shadow = GeometryInstance3D.SHADOW_CASTING_SETTING_ON
1694:	roof.cast_shadow = GeometryInstance3D.SHADOW_CASTING_SETTING_ON
1727:	mesh_instance.cast_shadow = GeometryInstance3D.SHADOW_CASTING_SETTING_ON
1755:	var light: OmniLight3D = OmniLight3D.new()
1761:	light.shadow_enabled = false
1778:	var candle_light: OmniLight3D = OmniLight3D.new()
1784:	candle_light.shadow_enabled = false
1786:	var lantern_light: OmniLight3D = OmniLight3D.new()
1792:	lantern_light.shadow_enabled = false
1797:	# OmniLight3D âmbar sobre a entrada, energia moderada para não competir com a lareira.
1798:	var porch_light: OmniLight3D = OmniLight3D.new()
1804:	porch_light.shadow_enabled = false
VIDEO_FILE=
PATH=/home/ubuntu/upload/origem_gameplay_01_casa_voss.mp4 SIZE=1839985 BYTES MTIME=2026-08-21 07:52:48.768454201 +0000
VIDEO_ANALYSIS=
*   **Duração:** O clipe é extremamente curto, com aproximadamente 7 segundos de duração.
*   **Grounding Visual dos Pés:** Há uma implementação visível de IK (Inverse Kinematics). Os pés do personagem se ajustam à irregularidade dos degraus de pedra e do terreno inclinado, evitando que flutuem ou afundem excessivamente na geometria.
*   **Iluminação de Alvorada:** A luz é suave e direcional, vindo da lateral esquerda/fundo, consistente com o amanhecer. O espalhamento atmosférico (fog/haze) é visível no vale, criando profundidade.
*   **Feixe Azul de Orion:** No topo da montanha central nevada, há um ponto de luz azul brilhante com um efeito de *lens flare* ou *glow* intenso, servindo como um ponto focal de navegação (beacon).
*   **Sombras:** As sombras são suaves (soft shadows) e projetadas de acordo com a posição do sol baixo. A sombra do personagem no chão é estável, sem artefatos de cintilação (*flicker*) aparentes.
*   **HUD/Debug:** O vídeo está completamente limpo. Não há interface de usuário (UI), contadores de FPS, ou elementos de depuração visíveis na tela.
*   **Sinais de Queda Livre e Travamento:** Não foram observados sinais de queda livre (o personagem permanece no chão) nem travamentos óbvios no terreno (clipping severo ou interrupção brusca de movimento por colisão invisível).
*   **Fluidez Aparente vs. Real:** Embora o vídeo pareça rodar a 60 FPS estáveis, não é possível confirmar a consistência do *frame time* ou a ausência de *micro-stuttering* sem um gráfico de telemetria. A fluidez pode ser resultado de um render pré-gravado ou de otimização real em tempo real.
*   **Carga de Draw Calls:** A complexidade da vegetação e das ruínas sugere um alto número de *draw calls*. Sem telemetria, não se sabe se o motor está usando técnicas avançadas de *instancing* ou *LOD* (Level of Detail) agressivo para manter o desempenho.
### 3. Limitações para Confirmação do Padrão AAA
**Resumo:** O vídeo demonstra um potencial técnico excepcional para o motor Godot, especialmente em renderização de ambientes e iluminação global, mas funciona mais como uma *vertical slice* estética do que como uma prova de performance de um jogo AAA completo.
PRODUCTION_BOUNDARY=
PRODUCTION_MODULES_CHANGED=false
PROMOTION_AUTOMATIC=false
OWNER_APPROVAL=required
VIDEO_DURATION_VALIDATION=insufficient_for_36s_gate
VISUAL_RESULT=positive_vertical_slice
AAA_STATUS=promising_but_not_formally_confirmed
Godot Engine v4.5.1.stable.official.f62fdbde1 - https://godotengine.org
WARNING: Started the engine as `root`/superuser. This is a security risk, and subsystems like audio may not work correctly.
Set the environment variable `GODOT_SILENCE_ROOT_WARNING` to 1 to silence this warning.
     at: setup2 (main/main.cpp:3421)

ERROR: FSR1 is only available when using the Forward+ renderer.
   at: viewport_set_scaling_3d_mode (servers/rendering/renderer_viewport.cpp:979)
ERROR: FSR1 is only available when using the Forward+ renderer.
   at: viewport_set_scaling_3d_mode (servers/rendering/renderer_viewport.cpp:979)
ERROR: FSR1 is only available when using the Forward+ renderer.
   at: viewport_set_scaling_3d_mode (servers/rendering/renderer_viewport.cpp:979)
ERROR: FSR1 is only available when using the Forward+ renderer.
   at: viewport_set_scaling_3d_mode (servers/rendering/renderer_viewport.cpp:979)
ERROR: FSR1 is only available when using the Forward+ renderer.
   at: viewport_set_scaling_3d_mode (servers/rendering/renderer_viewport.cpp:979)
ERROR: FSR1 is only available when using the Forward+ renderer.
   at: viewport_set_scaling_3d_mode (servers/rendering/renderer_viewport.cpp:979)
ERROR: FSR1 is only available when using the Forward+ renderer.
   at: viewport_set_scaling_3d_mode (servers/rendering/renderer_viewport.cpp:979)
ERROR: FSR1 is only available when using the Forward+ renderer.
   at: viewport_set_scaling_3d_mode (servers/rendering/renderer_viewport.cpp:979)
ERROR: FSR1 is only available when using the Forward+ renderer.
   at: viewport_set_scaling_3d_mode (servers/rendering/renderer_viewport.cpp:979)
ERROR: FSR1 is only available when using the Forward+ renderer.
   at: viewport_set_scaling_3d_mode (servers/rendering/renderer_viewport.cpp:979)
ERROR: FSR1 is only available when using the Forward+ renderer.
   at: viewport_set_scaling_3d_mode (servers/rendering/renderer_viewport.cpp:979)
ERROR: FSR1 is only available when using the Forward+ renderer.
   at: viewport_set_scaling_3d_mode (servers/rendering/renderer_viewport.cpp:979)
ERROR: FSR1 is only available when using the Forward+ renderer.
   at: viewport_set_scaling_3d_mode (servers/rendering/renderer_viewport.cpp:979)
ERROR: FSR1 is only available when using the Forward+ renderer.
   at: viewport_set_scaling_3d_mode (servers/rendering/renderer_viewport.cpp:979)
ERROR: FSR1 is only available when using the Forward+ renderer.
   at: viewport_set_scaling_3d_mode (servers/rendering/renderer_viewport.cpp:979)
ERROR: FSR1 is only available when using the Forward+ renderer.
   at: viewport_set_scaling_3d_mode (servers/rendering/renderer_viewport.cpp:979)
ERROR: FSR1 is only available when using the Forward+ renderer.
   at: viewport_set_scaling_3d_mode (servers/rendering/renderer_viewport.cpp:979)
ERROR: FSR1 is only available when using the Forward+ renderer.
   at: viewport_set_scaling_3d_mode (servers/rendering/renderer_viewport.cpp:979)
ERROR: FSR1 is only available when using the Forward+ renderer.
   at: viewport_set_scaling_3d_mode (servers/rendering/renderer_viewport.cpp:979)
ERROR: FSR1 is only available when using the Forward+ renderer.
   at: viewport_set_scaling_3d_mode (servers/rendering/renderer_viewport.cpp:979)
ERROR: FSR1 is only available when using the Forward+ renderer.
   at: viewport_set_scaling_3d_mode (servers/rendering/renderer_viewport.cpp:979)
ERROR: FSR1 is only available when using the Forward+ renderer.
   at: viewport_set_scaling_3d_mode (servers/rendering/renderer_viewport.cpp:979)
ERROR: FSR1 is only available when using the Forward+ renderer.
   at: viewport_set_scaling_3d_mode (servers/rendering/renderer_viewport.cpp:979)
ERROR: FSR1 is only available when using the Forward+ renderer.
   at: viewport_set_scaling_3d_mode (servers/rendering/renderer_viewport.cpp:979)
ERROR: FSR1 is only available when using the Forward+ renderer.
   at: viewport_set_scaling_3d_mode (servers/rendering/renderer_viewport.cpp:979)
ERROR: FSR1 is only available when using the Forward+ renderer.
   at: viewport_set_scaling_3d_mode (servers/rendering/renderer_viewport.cpp:979)
ERROR: FSR1 is only available when using the Forward+ renderer.
   at: viewport_set_scaling_3d_mode (servers/rendering/renderer_viewport.cpp:979)
ERROR: FSR1 is only available when using the Forward+ renderer.
   at: viewport_set_scaling_3d_mode (servers/rendering/renderer_viewport.cpp:979)
ERROR: FSR1 is only available when using the Forward+ renderer.
   at: viewport_set_scaling_3d_mode (servers/rendering/renderer_viewport.cpp:979)
ERROR: FSR1 is only available when using the Forward+ renderer.
   at: viewport_set_scaling_3d_mode (servers/rendering/renderer_viewport.cpp:979)
ERROR: FSR1 is only available when using the Forward+ renderer.
   at: viewport_set_scaling_3d_mode (servers/rendering/renderer_viewport.cpp:979)
ERROR: FSR1 is only available when using the Forward+ renderer.
   at: viewport_set_scaling_3d_mode (servers/rendering/renderer_viewport.cpp:979)
ERROR: FSR1 is only available when using the Forward+ renderer.
   at: viewport_set_scaling_3d_mode (servers/rendering/renderer_viewport.cpp:979)
ERROR: FSR1 is only available when using the Forward+ renderer.
   at: viewport_set_scaling_3d_mode (servers/rendering/renderer_viewport.cpp:979)
ERROR: FSR1 is only available when using the Forward+ renderer.
   at: viewport_set_scaling_3d_mode (servers/rendering/renderer_viewport.cpp:979)
ERROR: FSR1 is only available when using the Forward+ renderer.
   at: viewport_set_scaling_3d_mode (servers/rendering/renderer_viewport.cpp:979)
ERROR: FSR1 is only available when using the Forward+ renderer.
   at: viewport_set_scaling_3d_mode (servers/rendering/renderer_viewport.cpp:979)
ERROR: FSR1 is only available when using the Forward+ renderer.
   at: viewport_set_scaling_3d_mode (servers/rendering/renderer_viewport.cpp:979)
ERROR: FSR1 is only available when using the Forward+ renderer.
   at: viewport_set_scaling_3d_mode (servers/rendering/renderer_viewport.cpp:979)
ERROR: FSR1 is only available when using the Forward+ renderer.
   at: viewport_set_scaling_3d_mode (servers/rendering/renderer_viewport.cpp:979)
ERROR: FSR1 is only available when using the Forward+ renderer.
   at: viewport_set_scaling_3d_mode (servers/rendering/renderer_viewport.cpp:979)
ERROR: FSR1 is only available when using the Forward+ renderer.
   at: viewport_set_scaling_3d_mode (servers/rendering/renderer_viewport.cpp:979)
ERROR: FSR1 is only available when using the Forward+ renderer.
   at: viewport_set_scaling_3d_mode (servers/rendering/renderer_viewport.cpp:979)
ERROR: FSR1 is only available when using the Forward+ renderer.
   at: viewport_set_scaling_3d_mode (servers/rendering/renderer_viewport.cpp:979)
ERROR: FSR1 is only available when using the Forward+ renderer.
   at: viewport_set_scaling_3d_mode (servers/rendering/renderer_viewport.cpp:979)
ERROR: FSR1 is only available when using the Forward+ renderer.
   at: viewport_set_scaling_3d_mode (servers/rendering/renderer_viewport.cpp:979)
ERROR: FSR1 is only available when using the Forward+ renderer.
   at: viewport_set_scaling_3d_mode (servers/rendering/renderer_viewport.cpp:979)
ERROR: FSR1 is only available when using the Forward+ renderer.
   at: viewport_set_scaling_3d_mode (servers/rendering/renderer_viewport.cpp:979)
ERROR: FSR1 is only available when using the Forward+ renderer.
   at: viewport_set_scaling_3d_mode (servers/rendering/renderer_viewport.cpp:979)
ERROR: FSR1 is only available when using the Forward+ renderer.
   at: viewport_set_scaling_3d_mode (servers/rendering/renderer_viewport.cpp:979)
ERROR: FSR1 is only available when using the Forward+ renderer.
   at: viewport_set_scaling_3d_mode (servers/rendering/renderer_viewport.cpp:979)
ERROR: FSR1 is only available when using the Forward+ renderer.
   at: viewport_set_scaling_3d_mode (servers/rendering/renderer_viewport.cpp:979)
ERROR: FSR1 is only available when using the Forward+ renderer.
   at: viewport_set_scaling_3d_mode (servers/rendering/renderer_viewport.cpp:979)
ERROR: FSR1 is only available when using the Forward+ renderer.
   at: viewport_set_scaling_3d_mode (servers/rendering/renderer_viewport.cpp:979)
ERROR: FSR1 is only available when using the Forward+ renderer.
   at: viewport_set_scaling_3d_mode (servers/rendering/renderer_viewport.cpp:979)
ERROR: FSR1 is only available when using the Forward+ renderer.
   at: viewport_set_scaling_3d_mode (servers/rendering/renderer_viewport.cpp:979)
ERROR: FSR1 is only available when using the Forward+ renderer.
   at: viewport_set_scaling_3d_mode (servers/rendering/renderer_viewport.cpp:979)
ERROR: FSR1 is only available when using the Forward+ renderer.
   at: viewport_set_scaling_3d_mode (servers/rendering/renderer_viewport.cpp:979)
ERROR: FSR1 is only available when using the Forward+ renderer.
   at: viewport_set_scaling_3d_mode (servers/rendering/renderer_viewport.cpp:979)
ERROR: FSR1 is only available when using the Forward+ renderer.
   at: viewport_set_scaling_3d_mode (servers/rendering/renderer_viewport.cpp:979)
ERROR: FSR1 is only available when using the Forward+ renderer.
   at: viewport_set_scaling_3d_mode (servers/rendering/renderer_viewport.cpp:979)
ERROR: FSR1 is only available when using the Forward+ renderer.
   at: viewport_set_scaling_3d_mode (servers/rendering/renderer_viewport.cpp:979)
ERROR: FSR1 is only available when using the Forward+ renderer.
   at: viewport_set_scaling_3d_mode (servers/rendering/renderer_viewport.cpp:979)
ERROR: FSR1 is only available when using the Forward+ renderer.
   at: viewport_set_scaling_3d_mode (servers/rendering/renderer_viewport.cpp:979)
ERROR: FSR1 is only available when using the Forward+ renderer.
   at: viewport_set_scaling_3d_mode (servers/rendering/renderer_viewport.cpp:979)
ERROR: FSR1 is only available when using the Forward+ renderer.
   at: viewport_set_scaling_3d_mode (servers/rendering/renderer_viewport.cpp:979)
ERROR: FSR1 is only available when using the Forward+ renderer.
   at: viewport_set_scaling_3d_mode (servers/rendering/renderer_viewport.cpp:979)
ERROR: FSR1 is only available when using the Forward+ renderer.
   at: viewport_set_scaling_3d_mode (servers/rendering/renderer_viewport.cpp:979)
ERROR: FSR1 is only available when using the Forward+ renderer.
   at: viewport_set_scaling_3d_mode (servers/rendering/renderer_viewport.cpp:979)
ERROR: FSR1 is only available when using the Forward+ renderer.
   at: viewport_set_scaling_3d_mode (servers/rendering/renderer_viewport.cpp:979)
ERROR: FSR1 is only available when using the Forward+ renderer.
   at: viewport_set_scaling_3d_mode (servers/rendering/renderer_viewport.cpp:979)
ERROR: FSR1 is only available when using the Forward+ renderer.
   at: viewport_set_scaling_3d_mode (servers/rendering/renderer_viewport.cpp:979)
ERROR: FSR1 is only available when using the Forward+ renderer.
   at: viewport_set_scaling_3d_mode (servers/rendering/renderer_viewport.cpp:979)
ERROR: FSR1 is only available when using the Forward+ renderer.
   at: viewport_set_scaling_3d_mode (servers/rendering/renderer_viewport.cpp:979)
ERROR: FSR1 is only available when using the Forward+ renderer.
   at: viewport_set_scaling_3d_mode (servers/rendering/renderer_viewport.cpp:979)
ERROR: FSR1 is only available when using the Forward+ renderer.
   at: viewport_set_scaling_3d_mode (servers/rendering/renderer_viewport.cpp:979)
ERROR: FSR1 is only available when using the Forward+ renderer.
   at: viewport_set_scaling_3d_mode (servers/rendering/renderer_viewport.cpp:979)
ERROR: FSR1 is only available when using the Forward+ renderer.
   at: viewport_set_scaling_3d_mode (servers/rendering/renderer_viewport.cpp:979)
ERROR: FSR1 is only available when using the Forward+ renderer.
   at: viewport_set_scaling_3d_mode (servers/rendering/renderer_viewport.cpp:979)
ERROR: FSR1 is only available when using the Forward+ renderer.
   at: viewport_set_scaling_3d_mode (servers/rendering/renderer_viewport.cpp:979)
ERROR: FSR1 is only available when using the Forward+ renderer.
   at: viewport_set_scaling_3d_mode (servers/rendering/renderer_viewport.cpp:979)
ERROR: FSR1 is only available when using the Forward+ renderer.
   at: viewport_set_scaling_3d_mode (servers/rendering/renderer_viewport.cpp:979)
ERROR: FSR1 is only available when using the Forward+ renderer.
   at: viewport_set_scaling_3d_mode (servers/rendering/renderer_viewport.cpp:979)
ERROR: FSR1 is only available when using the Forward+ renderer.
   at: viewport_set_scaling_3d_mode (servers/rendering/renderer_viewport.cpp:979)
ERROR: FSR1 is only available when using the Forward+ renderer.
   at: viewport_set_scaling_3d_mode (servers/rendering/renderer_viewport.cpp:979)
ERROR: FSR1 is only available when using the Forward+ renderer.
   at: viewport_set_scaling_3d_mode (servers/rendering/renderer_viewport.cpp:979)
ERROR: FSR1 is only available when using the Forward+ renderer.
   at: viewport_set_scaling_3d_mode (servers/rendering/renderer_viewport.cpp:979)
ERROR: FSR1 is only available when using the Forward+ renderer.
   at: viewport_set_scaling_3d_mode (servers/rendering/renderer_viewport.cpp:979)
ERROR: FSR1 is only available when using the Forward+ renderer.
   at: viewport_set_scaling_3d_mode (servers/rendering/renderer_viewport.cpp:979)
ERROR: FSR1 is only available when using the Forward+ renderer.
   at: viewport_set_scaling_3d_mode (servers/rendering/renderer_viewport.cpp:979)
ERROR: FSR1 is only available when using the Forward+ renderer.
   at: viewport_set_scaling_3d_mode (servers/rendering/renderer_viewport.cpp:979)
ERROR: FSR1 is only available when using the Forward+ renderer.
   at: viewport_set_scaling_3d_mode (servers/rendering/renderer_viewport.cpp:979)
ERROR: FSR1 is only available when using the Forward+ renderer.
   at: viewport_set_scaling_3d_mode (servers/rendering/renderer_viewport.cpp:979)
ERROR: FSR1 is only available when using the Forward+ renderer.
   at: viewport_set_scaling_3d_mode (servers/rendering/renderer_viewport.cpp:979)
ERROR: FSR1 is only available when using the Forward+ renderer.
   at: viewport_set_scaling_3d_mode (servers/rendering/renderer_viewport.cpp:979)
ERROR: FSR1 is only available when using the Forward+ renderer.
   at: viewport_set_scaling_3d_mode (servers/rendering/renderer_viewport.cpp:979)
ERROR: FSR1 is only available when using the Forward+ renderer.
   at: viewport_set_scaling_3d_mode (servers/rendering/renderer_viewport.cpp:979)
ERROR: FSR1 is only available when using the Forward+ renderer.
   at: viewport_set_scaling_3d_mode (servers/rendering/renderer_viewport.cpp:979)
ERROR: FSR1 is only available when using the Forward+ renderer.
   at: viewport_set_scaling_3d_mode (servers/rendering/renderer_viewport.cpp:979)
ERROR: FSR1 is only available when using the Forward+ renderer.
   at: viewport_set_scaling_3d_mode (servers/rendering/renderer_viewport.cpp:979)
ERROR: FSR1 is only available when using the Forward+ renderer.
   at: viewport_set_scaling_3d_mode (servers/rendering/renderer_viewport.cpp:979)
ERROR: FSR1 is only available when using the Forward+ renderer.
   at: viewport_set_scaling_3d_mode (servers/rendering/renderer_viewport.cpp:979)
ERROR: FSR1 is only available when using the Forward+ renderer.
   at: viewport_set_scaling_3d_mode (servers/rendering/renderer_viewport.cpp:979)
ERROR: FSR1 is only available when using the Forward+ renderer.
   at: viewport_set_scaling_3d_mode (servers/rendering/renderer_viewport.cpp:979)
ERROR: FSR1 is only available when using the Forward+ renderer.
   at: viewport_set_scaling_3d_mode (servers/rendering/renderer_viewport.cpp:979)
ERROR: FSR1 is only available when using the Forward+ renderer.
   at: viewport_set_scaling_3d_mode (servers/rendering/renderer_viewport.cpp:979)
ERROR: FSR1 is only available when using the Forward+ renderer.
   at: viewport_set_scaling_3d_mode (servers/rendering/renderer_viewport.cpp:979)
ERROR: FSR1 is only available when using the Forward+ renderer.
   at: viewport_set_scaling_3d_mode (servers/rendering/renderer_viewport.cpp:979)
ERROR: FSR1 is only available when using the Forward+ renderer.
   at: viewport_set_scaling_3d_mode (servers/rendering/renderer_viewport.cpp:979)
ERROR: FSR1 is only available when using the Forward+ renderer.
   at: viewport_set_scaling_3d_mode (servers/rendering/renderer_viewport.cpp:979)
ERROR: FSR1 is only available when using the Forward+ renderer.
   at: viewport_set_scaling_3d_mode (servers/rendering/renderer_viewport.cpp:979)
ERROR: FSR1 is only available when using the Forward+ renderer.
   at: viewport_set_scaling_3d_mode (servers/rendering/renderer_viewport.cpp:979)
ERROR: FSR1 is only available when using the Forward+ renderer.
   at: viewport_set_scaling_3d_mode (servers/rendering/renderer_viewport.cpp:979)
ERROR: FSR1 is only available when using the Forward+ renderer.
   at: viewport_set_scaling_3d_mode (servers/rendering/renderer_viewport.cpp:979)
ERROR: FSR1 is only available when using the Forward+ renderer.
   at: viewport_set_scaling_3d_mode (servers/rendering/renderer_viewport.cpp:979)
ERROR: FSR1 is only available when using the Forward+ renderer.
   at: viewport_set_scaling_3d_mode (servers/rendering/renderer_viewport.cpp:979)
ERROR: FSR1 is only available when using the Forward+ renderer.
   at: viewport_set_scaling_3d_mode (servers/rendering/renderer_viewport.cpp:979)
ERROR: FSR1 is only available when using the Forward+ renderer.
   at: viewport_set_scaling_3d_mode (servers/rendering/renderer_viewport.cpp:979)
ERROR: FSR1 is only available when using the Forward+ renderer.
   at: viewport_set_scaling_3d_mode (servers/rendering/renderer_viewport.cpp:979)
ERROR: FSR1 is only available when using the Forward+ renderer.
   at: viewport_set_scaling_3d_mode (servers/rendering/renderer_viewport.cpp:979)
ERROR: FSR1 is only available when using the Forward+ renderer.
   at: viewport_set_scaling_3d_mode (servers/rendering/renderer_viewport.cpp:979)
ERROR: FSR1 is only available when using the Forward+ renderer.
   at: viewport_set_scaling_3d_mode (servers/rendering/renderer_viewport.cpp:979)
ERROR: FSR1 is only available when using the Forward+ renderer.
   at: viewport_set_scaling_3d_mode (servers/rendering/renderer_viewport.cpp:979)
ERROR: FSR1 is only available when using the Forward+ renderer.
   at: viewport_set_scaling_3d_mode (servers/rendering/renderer_viewport.cpp:979)
ERROR: FSR1 is only available when using the Forward+ renderer.
   at: viewport_set_scaling_3d_mode (servers/rendering/renderer_viewport.cpp:979)
ERROR: FSR1 is only available when using the Forward+ renderer.
   at: viewport_set_scaling_3d_mode (servers/rendering/renderer_viewport.cpp:979)
ERROR: FSR1 is only available when using the Forward+ renderer.
   at: viewport_set_scaling_3d_mode (servers/rendering/renderer_viewport.cpp:979)
ERROR: FSR1 is only available when using the Forward+ renderer.
   at: viewport_set_scaling_3d_mode (servers/rendering/renderer_viewport.cpp:979)
ERROR: FSR1 is only available when using the Forward+ renderer.
   at: viewport_set_scaling_3d_mode (servers/rendering/renderer_viewport.cpp:979)
ERROR: FSR1 is only available when using the Forward+ renderer.
   at: viewport_set_scaling_3d_mode (servers/rendering/renderer_viewport.cpp:979)
ERROR: FSR1 is only available when using the Forward+ renderer.
   at: viewport_set_scaling_3d_mode (servers/rendering/renderer_viewport.cpp:979)
ERROR: FSR1 is only available when using the Forward+ renderer.
   at: viewport_set_scaling_3d_mode (servers/rendering/renderer_viewport.cpp:979)
ERROR: FSR1 is only available when using the Forward+ renderer.
   at: viewport_set_scaling_3d_mode (servers/rendering/renderer_viewport.cpp:979)
ERROR: FSR1 is only available when using the Forward+ renderer.
   at: viewport_set_scaling_3d_mode (servers/rendering/renderer_viewport.cpp:979)
ERROR: FSR1 is only available when using the Forward+ renderer.
   at: viewport_set_scaling_3d_mode (servers/rendering/renderer_viewport.cpp:979)
ERROR: FSR1 is only available when using the Forward+ renderer.
   at: viewport_set_scaling_3d_mode (servers/rendering/renderer_viewport.cpp:979)
ERROR: FSR1 is only available when using the Forward+ renderer.
   at: viewport_set_scaling_3d_mode (servers/rendering/renderer_viewport.cpp:979)
ERROR: FSR1 is only available when using the Forward+ renderer.
   at: viewport_set_scaling_3d_mode (servers/rendering/renderer_viewport.cpp:979)
ERROR: FSR1 is only available when using the Forward+ renderer.
   at: viewport_set_scaling_3d_mode (servers/rendering/renderer_viewport.cpp:979)
ERROR: FSR1 is only available when using the Forward+ renderer.
   at: viewport_set_scaling_3d_mode (servers/rendering/renderer_viewport.cpp:979)
ERROR: FSR1 is only available when using the Forward+ renderer.
   at: viewport_set_scaling_3d_mode (servers/rendering/renderer_viewport.cpp:979)
ERROR: FSR1 is only available when using the Forward+ renderer.
   at: viewport_set_scaling_3d_mode (servers/rendering/renderer_viewport.cpp:979)
ERROR: FSR1 is only available when using the Forward+ renderer.
   at: viewport_set_scaling_3d_mode (servers/rendering/renderer_viewport.cpp:979)
ERROR: FSR1 is only available when using the Forward+ renderer.
   at: viewport_set_scaling_3d_mode (servers/rendering/renderer_viewport.cpp:979)
ERROR: FSR1 is only available when using the Forward+ renderer.
   at: viewport_set_scaling_3d_mode (servers/rendering/renderer_viewport.cpp:979)
ERROR: FSR1 is only available when using the Forward+ renderer.
   at: viewport_set_scaling_3d_mode (servers/rendering/renderer_viewport.cpp:979)
ERROR: FSR1 is only available when using the Forward+ renderer.
   at: viewport_set_scaling_3d_mode (servers/rendering/renderer_viewport.cpp:979)
ERROR: FSR1 is only available when using the Forward+ renderer.
   at: viewport_set_scaling_3d_mode (servers/rendering/renderer_viewport.cpp:979)
ERROR: FSR1 is only available when using the Forward+ renderer.
   at: viewport_set_scaling_3d_mode (servers/rendering/renderer_viewport.cpp:979)
ERROR: FSR1 is only available when using the Forward+ renderer.
   at: viewport_set_scaling_3d_mode (servers/rendering/renderer_viewport.cpp:979)
ERROR: FSR1 is only available when using the Forward+ renderer.
   at: viewport_set_scaling_3d_mode (servers/rendering/renderer_viewport.cpp:979)
ERROR: FSR1 is only available when using the Forward+ renderer.
   at: viewport_set_scaling_3d_mode (servers/rendering/renderer_viewport.cpp:979)
ERROR: FSR1 is only available when using the Forward+ renderer.
   at: viewport_set_scaling_3d_mode (servers/rendering/renderer_viewport.cpp:979)
ERROR: FSR1 is only available when using the Forward+ renderer.
   at: viewport_set_scaling_3d_mode (servers/rendering/renderer_viewport.cpp:979)
ERROR: FSR1 is only available when using the Forward+ renderer.
   at: viewport_set_scaling_3d_mode (servers/rendering/renderer_viewport.cpp:979)
ERROR: FSR1 is only available when using the Forward+ renderer.
   at: viewport_set_scaling_3d_mode (servers/rendering/renderer_viewport.cpp:979)
ERROR: FSR1 is only available when using the Forward+ renderer.
   at: viewport_set_scaling_3d_mode (servers/rendering/renderer_viewport.cpp:979)
ERROR: FSR1 is only available when using the Forward+ renderer.
   at: viewport_set_scaling_3d_mode (servers/rendering/renderer_viewport.cpp:979)
ERROR: FSR1 is only available when using the Forward+ renderer.
   at: viewport_set_scaling_3d_mode (servers/rendering/renderer_viewport.cpp:979)
ERROR: FSR1 is only available when using the Forward+ renderer.
   at: viewport_set_scaling_3d_mode (servers/rendering/renderer_viewport.cpp:979)
ERROR: FSR1 is only available when using the Forward+ renderer.
   at: viewport_set_scaling_3d_mode (servers/rendering/renderer_viewport.cpp:979)
ERROR: FSR1 is only available when using the Forward+ renderer.
   at: viewport_set_scaling_3d_mode (servers/rendering/renderer_viewport.cpp:979)
ERROR: FSR1 is only available when using the Forward+ renderer.
   at: viewport_set_scaling_3d_mode (servers/rendering/renderer_viewport.cpp:979)
ERROR: FSR1 is only available when using the Forward+ renderer.
   at: viewport_set_scaling_3d_mode (servers/rendering/renderer_viewport.cpp:979)
ERROR: FSR1 is only available when using the Forward+ renderer.
   at: viewport_set_scaling_3d_mode (servers/rendering/renderer_viewport.cpp:979)
ERROR: FSR1 is only available when using the Forward+ renderer.
   at: viewport_set_scaling_3d_mode (servers/rendering/renderer_viewport.cpp:979)
ERROR: FSR1 is only available when using the Forward+ renderer.
   at: viewport_set_scaling_3d_mode (servers/rendering/renderer_viewport.cpp:979)
ERROR: FSR1 is only available when using the Forward+ renderer.
   at: viewport_set_scaling_3d_mode (servers/rendering/renderer_viewport.cpp:979)
ERROR: FSR1 is only available when using the Forward+ renderer.
   at: viewport_set_scaling_3d_mode (servers/rendering/renderer_viewport.cpp:979)
ERROR: FSR1 is only available when using the Forward+ renderer.
   at: viewport_set_scaling_3d_mode (servers/rendering/renderer_viewport.cpp:979)
ERROR: FSR1 is only available when using the Forward+ renderer.
   at: viewport_set_scaling_3d_mode (servers/rendering/renderer_viewport.cpp:979)
ERROR: FSR1 is only available when using the Forward+ renderer.
   at: viewport_set_scaling_3d_mode (servers/rendering/renderer_viewport.cpp:979)
ERROR: FSR1 is only available when using the Forward+ renderer.
   at: viewport_set_scaling_3d_mode (servers/rendering/renderer_viewport.cpp:979)
ERROR: FSR1 is only available when using the Forward+ renderer.
   at: viewport_set_scaling_3d_mode (servers/rendering/renderer_viewport.cpp:979)
ERROR: FSR1 is only available when using the Forward+ renderer.
   at: viewport_set_scaling_3d_mode (servers/rendering/renderer_viewport.cpp:979)
ERROR: FSR1 is only available when using the Forward+ renderer.
   at: viewport_set_scaling_3d_mode (servers/rendering/renderer_viewport.cpp:979)
ERROR: FSR1 is only available when using the Forward+ renderer.
   at: viewport_set_scaling_3d_mode (servers/rendering/renderer_viewport.cpp:979)
ERROR: FSR1 is only available when using the Forward+ renderer.
   at: viewport_set_scaling_3d_mode (servers/rendering/renderer_viewport.cpp:979)
ERROR: FSR1 is only available when using the Forward+ renderer.
   at: viewport_set_scaling_3d_mode (servers/rendering/renderer_viewport.cpp:979)
ERROR: FSR1 is only available when using the Forward+ renderer.
   at: viewport_set_scaling_3d_mode (servers/rendering/renderer_viewport.cpp:979)
ERROR: FSR1 is only available when using the Forward+ renderer.
   at: viewport_set_scaling_3d_mode (servers/rendering/renderer_viewport.cpp:979)
ERROR: FSR1 is only available when using the Forward+ renderer.
   at: viewport_set_scaling_3d_mode (servers/rendering/renderer_viewport.cpp:979)
ERROR: FSR1 is only available when using the Forward+ renderer.
   at: viewport_set_scaling_3d_mode (servers/rendering/renderer_viewport.cpp:979)
ERROR: FSR1 is only available when using the Forward+ renderer.
   at: viewport_set_scaling_3d_mode (servers/rendering/renderer_viewport.cpp:979)
ERROR: FSR1 is only available when using the Forward+ renderer.
   at: viewport_set_scaling_3d_mode (servers/rendering/renderer_viewport.cpp:979)
ERROR: FSR1 is only available when using the Forward+ renderer.
   at: viewport_set_scaling_3d_mode (servers/rendering/renderer_viewport.cpp:979)
ERROR: FSR1 is only available when using the Forward+ renderer.
   at: viewport_set_scaling_3d_mode (servers/rendering/renderer_viewport.cpp:979)
ERROR: FSR1 is only available when using the Forward+ renderer.
   at: viewport_set_scaling_3d_mode (servers/rendering/renderer_viewport.cpp:979)
ERROR: FSR1 is only available when using the Forward+ renderer.
   at: viewport_set_scaling_3d_mode (servers/rendering/renderer_viewport.cpp:979)
ERROR: FSR1 is only available when using the Forward+ renderer.
   at: viewport_set_scaling_3d_mode (servers/rendering/renderer_viewport.cpp:979)
ERROR: FSR1 is only available when using the Forward+ renderer.
   at: viewport_set_scaling_3d_mode (servers/rendering/renderer_viewport.cpp:979)
ERROR: FSR1 is only available when using the Forward+ renderer.
   at: viewport_set_scaling_3d_mode (servers/rendering/renderer_viewport.cpp:979)
ERROR: FSR1 is only available when using the Forward+ renderer.
   at: viewport_set_scaling_3d_mode (servers/rendering/renderer_viewport.cpp:979)
ERROR: FSR1 is only available when using the Forward+ renderer.
   at: viewport_set_scaling_3d_mode (servers/rendering/renderer_viewport.cpp:979)
ERROR: FSR1 is only available when using the Forward+ renderer.
   at: viewport_set_scaling_3d_mode (servers/rendering/renderer_viewport.cpp:979)
ERROR: FSR1 is only available when using the Forward+ renderer.
   at: viewport_set_scaling_3d_mode (servers/rendering/renderer_viewport.cpp:979)
ERROR: FSR1 is only available when using the Forward+ renderer.
   at: viewport_set_scaling_3d_mode (servers/rendering/renderer_viewport.cpp:979)
ERROR: FSR1 is only available when using the Forward+ renderer.
   at: viewport_set_scaling_3d_mode (servers/rendering/renderer_viewport.cpp:979)
ERROR: FSR1 is only available when using the Forward+ renderer.
   at: viewport_set_scaling_3d_mode (servers/rendering/renderer_viewport.cpp:979)
ERROR: FSR1 is only available when using the Forward+ renderer.
   at: viewport_set_scaling_3d_mode (servers/rendering/renderer_viewport.cpp:979)
ERROR: FSR1 is only available when using the Forward+ renderer.
   at: viewport_set_scaling_3d_mode (servers/rendering/renderer_viewport.cpp:979)
ERROR: FSR1 is only available when using the Forward+ renderer.
   at: viewport_set_scaling_3d_mode (servers/rendering/renderer_viewport.cpp:979)
ERROR: FSR1 is only available when using the Forward+ renderer.
   at: viewport_set_scaling_3d_mode (servers/rendering/renderer_viewport.cpp:979)
ERROR: FSR1 is only available when using the Forward+ renderer.
   at: viewport_set_scaling_3d_mode (servers/rendering/renderer_viewport.cpp:979)
ERROR: FSR1 is only available when using the Forward+ renderer.
   at: viewport_set_scaling_3d_mode (servers/rendering/renderer_viewport.cpp:979)
ERROR: FSR1 is only available when using the Forward+ renderer.
   at: viewport_set_scaling_3d_mode (servers/rendering/renderer_viewport.cpp:979)
ERROR: FSR1 is only available when using the Forward+ renderer.
   at: viewport_set_scaling_3d_mode (servers/rendering/renderer_viewport.cpp:979)
ERROR: FSR1 is only available when using the Forward+ renderer.
   at: viewport_set_scaling_3d_mode (servers/rendering/renderer_viewport.cpp:979)
ERROR: FSR1 is only available when using the Forward+ renderer.
   at: viewport_set_scaling_3d_mode (servers/rendering/renderer_viewport.cpp:979)
ERROR: FSR1 is only available when using the Forward+ renderer.
   at: viewport_set_scaling_3d_mode (servers/rendering/renderer_viewport.cpp:979)
ERROR: FSR1 is only available when using the Forward+ renderer.
   at: viewport_set_scaling_3d_mode (servers/rendering/renderer_viewport.cpp:979)
ERROR: FSR1 is only available when using the Forward+ renderer.
   at: viewport_set_scaling_3d_mode (servers/rendering/renderer_viewport.cpp:979)
ERROR: FSR1 is only available when using the Forward+ renderer.
   at: viewport_set_scaling_3d_mode (servers/rendering/renderer_viewport.cpp:979)
ERROR: FSR1 is only available when using the Forward+ renderer.
   at: viewport_set_scaling_3d_mode (servers/rendering/renderer_viewport.cpp:979)
ERROR: FSR1 is only available when using the Forward+ renderer.
   at: viewport_set_scaling_3d_mode (servers/rendering/renderer_viewport.cpp:979)
ERROR: FSR1 is only available when using the Forward+ renderer.
   at: viewport_set_scaling_3d_mode (servers/rendering/renderer_viewport.cpp:979)
ERROR: FSR1 is only available when using the Forward+ renderer.
   at: viewport_set_scaling_3d_mode (servers/rendering/renderer_viewport.cpp:979)
ERROR: FSR1 is only available when using the Forward+ renderer.
   at: viewport_set_scaling_3d_mode (servers/rendering/renderer_viewport.cpp:979)
ERROR: FSR1 is only available when using the Forward+ renderer.
   at: viewport_set_scaling_3d_mode (servers/rendering/renderer_viewport.cpp:979)
ERROR: FSR1 is only available when using the Forward+ renderer.
   at: viewport_set_scaling_3d_mode (servers/rendering/renderer_viewport.cpp:979)
ERROR: FSR1 is only available when using the Forward+ renderer.
   at: viewport_set_scaling_3d_mode (servers/rendering/renderer_viewport.cpp:979)
ERROR: FSR1 is only available when using the Forward+ renderer.
   at: viewport_set_scaling_3d_mode (servers/rendering/renderer_viewport.cpp:979)
ERROR: FSR1 is only available when using the Forward+ renderer.
   at: viewport_set_scaling_3d_mode (servers/rendering/renderer_viewport.cpp:979)
ERROR: FSR1 is only available when using the Forward+ renderer.
   at: viewport_set_scaling_3d_mode (servers/rendering/renderer_viewport.cpp:979)
ERROR: FSR1 is only available when using the Forward+ renderer.
   at: viewport_set_scaling_3d_mode (servers/rendering/renderer_viewport.cpp:979)
ERROR: FSR1 is only available when using the Forward+ renderer.
   at: viewport_set_scaling_3d_mode (servers/rendering/renderer_viewport.cpp:979)
ERROR: FSR1 is only available when using the Forward+ renderer.
   at: viewport_set_scaling_3d_mode (servers/rendering/renderer_viewport.cpp:979)
ERROR: FSR1 is only available when using the Forward+ renderer.
   at: viewport_set_scaling_3d_mode (servers/rendering/renderer_viewport.cpp:979)
ERROR: FSR1 is only available when using the Forward+ renderer.
   at: viewport_set_scaling_3d_mode (servers/rendering/renderer_viewport.cpp:979)
ERROR: FSR1 is only available when using the Forward+ renderer.
   at: viewport_set_scaling_3d_mode (servers/rendering/renderer_viewport.cpp:979)
ERROR: FSR1 is only available when using the Forward+ renderer.
   at: viewport_set_scaling_3d_mode (servers/rendering/renderer_viewport.cpp:979)
ERROR: FSR1 is only available when using the Forward+ renderer.
   at: viewport_set_scaling_3d_mode (servers/rendering/renderer_viewport.cpp:979)
ERROR: FSR1 is only available when using the Forward+ renderer.
   at: viewport_set_scaling_3d_mode (servers/rendering/renderer_viewport.cpp:979)
ERROR: FSR1 is only available when using the Forward+ renderer.
   at: viewport_set_scaling_3d_mode (servers/rendering/renderer_viewport.cpp:979)
ERROR: FSR1 is only available when using the Forward+ renderer.
   at: viewport_set_scaling_3d_mode (servers/rendering/renderer_viewport.cpp:979)
ERROR: FSR1 is only available when using the Forward+ renderer.
   at: viewport_set_scaling_3d_mode (servers/rendering/renderer_viewport.cpp:979)
ERROR: FSR1 is only available when using the Forward+ renderer.
   at: viewport_set_scaling_3d_mode (servers/rendering/renderer_viewport.cpp:979)
ERROR: FSR1 is only available when using the Forward+ renderer.
   at: viewport_set_scaling_3d_mode (servers/rendering/renderer_viewport.cpp:979)
ERROR: FSR1 is only available when using the Forward+ renderer.
   at: viewport_set_scaling_3d_mode (servers/rendering/renderer_viewport.cpp:979)
ERROR: FSR1 is only available when using the Forward+ renderer.
   at: viewport_set_scaling_3d_mode (servers/rendering/renderer_viewport.cpp:979)
ERROR: FSR1 is only available when using the Forward+ renderer.
   at: viewport_set_scaling_3d_mode (servers/rendering/renderer_viewport.cpp:979)
ERROR: FSR1 is only available when using the Forward+ renderer.
   at: viewport_set_scaling_3d_mode (servers/rendering/renderer_viewport.cpp:979)
ERROR: FSR1 is only available when using the Forward+ renderer.
   at: viewport_set_scaling_3d_mode (servers/rendering/renderer_viewport.cpp:979)
ERROR: FSR1 is only available when using the Forward+ renderer.
   at: viewport_set_scaling_3d_mode (servers/rendering/renderer_viewport.cpp:979)
ERROR: FSR1 is only available when using the Forward+ renderer.
   at: viewport_set_scaling_3d_mode (servers/rendering/renderer_viewport.cpp:979)
ERROR: FSR1 is only available when using the Forward+ renderer.
   at: viewport_set_scaling_3d_mode (servers/rendering/renderer_viewport.cpp:979)
ERROR: FSR1 is only available when using the Forward+ renderer.
   at: viewport_set_scaling_3d_mode (servers/rendering/renderer_viewport.cpp:979)
ERROR: FSR1 is only available when using the Forward+ renderer.
   at: viewport_set_scaling_3d_mode (servers/rendering/renderer_viewport.cpp:979)
ERROR: FSR1 is only available when using the Forward+ renderer.
   at: viewport_set_scaling_3d_mode (servers/rendering/renderer_viewport.cpp:979)
ERROR: FSR1 is only available when using the Forward+ renderer.
   at: viewport_set_scaling_3d_mode (servers/rendering/renderer_viewport.cpp:979)
ERROR: FSR1 is only available when using the Forward+ renderer.
   at: viewport_set_scaling_3d_mode (servers/rendering/renderer_viewport.cpp:979)
ERROR: FSR1 is only available when using the Forward+ renderer.
   at: viewport_set_scaling_3d_mode (servers/rendering/renderer_viewport.cpp:979)
ERROR: FSR1 is only available when using the Forward+ renderer.
   at: viewport_set_scaling_3d_mode (servers/rendering/renderer_viewport.cpp:979)
ERROR: FSR1 is only available when using the Forward+ renderer.
   at: viewport_set_scaling_3d_mode (servers/rendering/renderer_viewport.cpp:979)
ERROR: FSR1 is only available when using the Forward+ renderer.
   at: viewport_set_scaling_3d_mode (servers/rendering/renderer_viewport.cpp:979)
ERROR: FSR1 is only available when using the Forward+ renderer.
   at: viewport_set_scaling_3d_mode (servers/rendering/renderer_viewport.cpp:979)
ERROR: FSR1 is only available when using the Forward+ renderer.
   at: viewport_set_scaling_3d_mode (servers/rendering/renderer_viewport.cpp:979)
ERROR: FSR1 is only available when using the Forward+ renderer.
   at: viewport_set_scaling_3d_mode (servers/rendering/renderer_viewport.cpp:979)
ERROR: FSR1 is only available when using the Forward+ renderer.
   at: viewport_set_scaling_3d_mode (servers/rendering/renderer_viewport.cpp:979)
ERROR: FSR1 is only available when using the Forward+ renderer.
   at: viewport_set_scaling_3d_mode (servers/rendering/renderer_viewport.cpp:979)
ERROR: FSR1 is only available when using the Forward+ renderer.
   at: viewport_set_scaling_3d_mode (servers/rendering/renderer_viewport.cpp:979)
ERROR: FSR1 is only available when using the Forward+ renderer.
   at: viewport_set_scaling_3d_mode (servers/rendering/renderer_viewport.cpp:979)
ERROR: FSR1 is only available when using the Forward+ renderer.
   at: viewport_set_scaling_3d_mode (servers/rendering/renderer_viewport.cpp:979)
ERROR: FSR1 is only available when using the Forward+ renderer.
   at: viewport_set_scaling_3d_mode (servers/rendering/renderer_viewport.cpp:979)
ERROR: FSR1 is only available when using the Forward+ renderer.
   at: viewport_set_scaling_3d_mode (servers/rendering/renderer_viewport.cpp:979)
ERROR: FSR1 is only available when using the Forward+ renderer.
   at: viewport_set_scaling_3d_mode (servers/rendering/renderer_viewport.cpp:979)
ERROR: FSR1 is only available when using the Forward+ renderer.
   at: viewport_set_scaling_3d_mode (servers/rendering/renderer_viewport.cpp:979)
ERROR: FSR1 is only available when using the Forward+ renderer.
   at: viewport_set_scaling_3d_mode (servers/rendering/renderer_viewport.cpp:979)
ERROR: FSR1 is only available when using the Forward+ renderer.
   at: viewport_set_scaling_3d_mode (servers/rendering/renderer_viewport.cpp:979)
ERROR: FSR1 is only available when using the Forward+ renderer.
   at: viewport_set_scaling_3d_mode (servers/rendering/renderer_viewport.cpp:979)
ERROR: FSR1 is only available when using the Forward+ renderer.
   at: viewport_set_scaling_3d_mode (servers/rendering/renderer_viewport.cpp:979)
ERROR: FSR1 is only available when using the Forward+ renderer.
   at: viewport_set_scaling_3d_mode (servers/rendering/renderer_viewport.cpp:979)
ERROR: FSR1 is only available when using the Forward+ renderer.
   at: viewport_set_scaling_3d_mode (servers/rendering/renderer_viewport.cpp:979)
ERROR: FSR1 is only available when using the Forward+ renderer.
   at: viewport_set_scaling_3d_mode (servers/rendering/renderer_viewport.cpp:979)
ERROR: FSR1 is only available when using the Forward+ renderer.
   at: viewport_set_scaling_3d_mode (servers/rendering/renderer_viewport.cpp:979)
ERROR: FSR1 is only available when using the Forward+ renderer.
   at: viewport_set_scaling_3d_mode (servers/rendering/renderer_viewport.cpp:979)
ERROR: FSR1 is only available when using the Forward+ renderer.
   at: viewport_set_scaling_3d_mode (servers/rendering/renderer_viewport.cpp:979)
ERROR: FSR1 is only available when using the Forward+ renderer.
   at: viewport_set_scaling_3d_mode (servers/rendering/renderer_viewport.cpp:979)
ERROR: FSR1 is only available when using the Forward+ renderer.
   at: viewport_set_scaling_3d_mode (servers/rendering/renderer_viewport.cpp:979)
ERROR: FSR1 is only available when using the Forward+ renderer.
   at: viewport_set_scaling_3d_mode (servers/rendering/renderer_viewport.cpp:979)
ERROR: FSR1 is only available when using the Forward+ renderer.
   at: viewport_set_scaling_3d_mode (servers/rendering/renderer_viewport.cpp:979)
ERROR: FSR1 is only available when using the Forward+ renderer.
   at: viewport_set_scaling_3d_mode (servers/rendering/renderer_viewport.cpp:979)
ERROR: FSR1 is only available when using the Forward+ renderer.
   at: viewport_set_scaling_3d_mode (servers/rendering/renderer_viewport.cpp:979)
ERROR: FSR1 is only available when using the Forward+ renderer.
   at: viewport_set_scaling_3d_mode (servers/rendering/renderer_viewport.cpp:979)
ERROR: FSR1 is only available when using the Forward+ renderer.
   at: viewport_set_scaling_3d_mode (servers/rendering/renderer_viewport.cpp:979)
ERROR: FSR1 is only available when using the Forward+ renderer.
   at: viewport_set_scaling_3d_mode (servers/rendering/renderer_viewport.cpp:979)
ERROR: FSR1 is only available when using the Forward+ renderer.
   at: viewport_set_scaling_3d_mode (servers/rendering/renderer_viewport.cpp:979)
ERROR: FSR1 is only available when using the Forward+ renderer.
   at: viewport_set_scaling_3d_mode (servers/rendering/renderer_viewport.cpp:979)
ERROR: FSR1 is only available when using the Forward+ renderer.
   at: viewport_set_scaling_3d_mode (servers/rendering/renderer_viewport.cpp:979)
ERROR: FSR1 is only available when using the Forward+ renderer.
   at: viewport_set_scaling_3d_mode (servers/rendering/renderer_viewport.cpp:979)
ERROR: FSR1 is only available when using the Forward+ renderer.
   at: viewport_set_scaling_3d_mode (servers/rendering/renderer_viewport.cpp:979)
ERROR: FSR1 is only available when using the Forward+ renderer.
   at: viewport_set_scaling_3d_mode (servers/rendering/renderer_viewport.cpp:979)
ERROR: FSR1 is only available when using the Forward+ renderer.
   at: viewport_set_scaling_3d_mode (servers/rendering/renderer_viewport.cpp:979)
ERROR: FSR1 is only available when using the Forward+ renderer.
   at: viewport_set_scaling_3d_mode (servers/rendering/renderer_viewport.cpp:979)
ERROR: FSR1 is only available when using the Forward+ renderer.
   at: viewport_set_scaling_3d_mode (servers/rendering/renderer_viewport.cpp:979)
ERROR: FSR1 is only available when using the Forward+ renderer.
   at: viewport_set_scaling_3d_mode (servers/rendering/renderer_viewport.cpp:979)
ERROR: FSR1 is only available when using the Forward+ renderer.
   at: viewport_set_scaling_3d_mode (servers/rendering/renderer_viewport.cpp:979)
ERROR: FSR1 is only available when using the Forward+ renderer.
   at: viewport_set_scaling_3d_mode (servers/rendering/renderer_viewport.cpp:979)
ERROR: FSR1 is only available when using the Forward+ renderer.
   at: viewport_set_scaling_3d_mode (servers/rendering/renderer_viewport.cpp:979)
ERROR: FSR1 is only available when using the Forward+ renderer.
   at: viewport_set_scaling_3d_mode (servers/rendering/renderer_viewport.cpp:979)
ERROR: FSR1 is only available when using the Forward+ renderer.
   at: viewport_set_scaling_3d_mode (servers/rendering/renderer_viewport.cpp:979)
ERROR: FSR1 is only available when using the Forward+ renderer.
   at: viewport_set_scaling_3d_mode (servers/rendering/renderer_viewport.cpp:979)
ERROR: FSR1 is only available when using the Forward+ renderer.
   at: viewport_set_scaling_3d_mode (servers/rendering/renderer_viewport.cpp:979)
ERROR: FSR1 is only available when using the Forward+ renderer.
   at: viewport_set_scaling_3d_mode (servers/rendering/renderer_viewport.cpp:979)
ERROR: FSR1 is only available when using the Forward+ renderer.
   at: viewport_set_scaling_3d_mode (servers/rendering/renderer_viewport.cpp:979)
ERROR: FSR1 is only available when using the Forward+ renderer.
   at: viewport_set_scaling_3d_mode (servers/rendering/renderer_viewport.cpp:979)
ERROR: FSR1 is only available when using the Forward+ renderer.
   at: viewport_set_scaling_3d_mode (servers/rendering/renderer_viewport.cpp:979)
ERROR: FSR1 is only available when using the Forward+ renderer.
   at: viewport_set_scaling_3d_mode (servers/rendering/renderer_viewport.cpp:979)
ERROR: FSR1 is only available when using the Forward+ renderer.
   at: viewport_set_scaling_3d_mode (servers/rendering/renderer_viewport.cpp:979)
ERROR: FSR1 is only available when using the Forward+ renderer.
   at: viewport_set_scaling_3d_mode (servers/rendering/renderer_viewport.cpp:979)
ERROR: FSR1 is only available when using the Forward+ renderer.
   at: viewport_set_scaling_3d_mode (servers/rendering/renderer_viewport.cpp:979)
ERROR: FSR1 is only available when using the Forward+ renderer.
   at: viewport_set_scaling_3d_mode (servers/rendering/renderer_viewport.cpp:979)
ERROR: FSR1 is only available when using the Forward+ renderer.
   at: viewport_set_scaling_3d_mode (servers/rendering/renderer_viewport.cpp:979)
ERROR: FSR1 is only available when using the Forward+ renderer.
   at: viewport_set_scaling_3d_mode (servers/rendering/renderer_viewport.cpp:979)
ERROR: FSR1 is only available when using the Forward+ renderer.
   at: viewport_set_scaling_3d_mode (servers/rendering/renderer_viewport.cpp:979)
ERROR: FSR1 is only available when using the Forward+ renderer.
   at: viewport_set_scaling_3d_mode (servers/rendering/renderer_viewport.cpp:979)
ERROR: FSR1 is only available when using the Forward+ renderer.
   at: viewport_set_scaling_3d_mode (servers/rendering/renderer_viewport.cpp:979)
ERROR: FSR1 is only available when using the Forward+ renderer.
   at: viewport_set_scaling_3d_mode (servers/rendering/renderer_viewport.cpp:979)
ERROR: FSR1 is only available when using the Forward+ renderer.
   at: viewport_set_scaling_3d_mode (servers/rendering/renderer_viewport.cpp:979)
ERROR: FSR1 is only available when using the Forward+ renderer.
   at: viewport_set_scaling_3d_mode (servers/rendering/renderer_viewport.cpp:979)
ERROR: FSR1 is only available when using the Forward+ renderer.
   at: viewport_set_scaling_3d_mode (servers/rendering/renderer_viewport.cpp:979)
ERROR: FSR1 is only available when using the Forward+ renderer.
   at: viewport_set_scaling_3d_mode (servers/rendering/renderer_viewport.cpp:979)
ERROR: FSR1 is only available when using the Forward+ renderer.
   at: viewport_set_scaling_3d_mode (servers/rendering/renderer_viewport.cpp:979)
ERROR: FSR1 is only available when using the Forward+ renderer.
   at: viewport_set_scaling_3d_mode (servers/rendering/renderer_viewport.cpp:979)
ERROR: FSR1 is only available when using the Forward+ renderer.
   at: viewport_set_scaling_3d_mode (servers/rendering/renderer_viewport.cpp:979)
ERROR: FSR1 is only available when using the Forward+ renderer.
   at: viewport_set_scaling_3d_mode (servers/rendering/renderer_viewport.cpp:979)
ERROR: FSR1 is only available when using the Forward+ renderer.
   at: viewport_set_scaling_3d_mode (servers/rendering/renderer_viewport.cpp:979)
ERROR: FSR1 is only available when using the Forward+ renderer.
   at: viewport_set_scaling_3d_mode (servers/rendering/renderer_viewport.cpp:979)
ERROR: FSR1 is only available when using the Forward+ renderer.
   at: viewport_set_scaling_3d_mode (servers/rendering/renderer_viewport.cpp:979)
ERROR: FSR1 is only available when using the Forward+ renderer.
   at: viewport_set_scaling_3d_mode (servers/rendering/renderer_viewport.cpp:979)
ERROR: FSR1 is only available when using the Forward+ renderer.
   at: viewport_set_scaling_3d_mode (servers/rendering/renderer_viewport.cpp:979)
ERROR: FSR1 is only available when using the Forward+ renderer.
   at: viewport_set_scaling_3d_mode (servers/rendering/renderer_viewport.cpp:979)
ERROR: FSR1 is only available when using the Forward+ renderer.
   at: viewport_set_scaling_3d_mode (servers/rendering/renderer_viewport.cpp:979)
ERROR: FSR1 is only available when using the Forward+ renderer.
   at: viewport_set_scaling_3d_mode (servers/rendering/renderer_viewport.cpp:979)
ERROR: FSR1 is only available when using the Forward+ renderer.
   at: viewport_set_scaling_3d_mode (servers/rendering/renderer_viewport.cpp:979)
ERROR: FSR1 is only available when using the Forward+ renderer.
   at: viewport_set_scaling_3d_mode (servers/rendering/renderer_viewport.cpp:979)
ERROR: FSR1 is only available when using the Forward+ renderer.
   at: viewport_set_scaling_3d_mode (servers/rendering/renderer_viewport.cpp:979)
ERROR: FSR1 is only available when using the Forward+ renderer.
   at: viewport_set_scaling_3d_mode (servers/rendering/renderer_viewport.cpp:979)
ERROR: FSR1 is only available when using the Forward+ renderer.
   at: viewport_set_scaling_3d_mode (servers/rendering/renderer_viewport.cpp:979)
ERROR: FSR1 is only available when using the Forward+ renderer.
   at: viewport_set_scaling_3d_mode (servers/rendering/renderer_viewport.cpp:979)
ERROR: FSR1 is only available when using the Forward+ renderer.
   at: viewport_set_scaling_3d_mode (servers/rendering/renderer_viewport.cpp:979)
ERROR: FSR1 is only available when using the Forward+ renderer.
   at: viewport_set_scaling_3d_mode (servers/rendering/renderer_viewport.cpp:979)
ERROR: FSR1 is only available when using the Forward+ renderer.
   at: viewport_set_scaling_3d_mode (servers/rendering/renderer_viewport.cpp:979)
ERROR: FSR1 is only available when using the Forward+ renderer.
   at: viewport_set_scaling_3d_mode (servers/rendering/renderer_viewport.cpp:979)
ERROR: FSR1 is only available when using the Forward+ renderer.
   at: viewport_set_scaling_3d_mode (servers/rendering/renderer_viewport.cpp:979)
ERROR: FSR1 is only available when using the Forward+ renderer.
   at: viewport_set_scaling_3d_mode (servers/rendering/renderer_viewport.cpp:979)
ERROR: FSR1 is only available when using the Forward+ renderer.
   at: viewport_set_scaling_3d_mode (servers/rendering/renderer_viewport.cpp:979)
ERROR: FSR1 is only available when using the Forward+ renderer.
   at: viewport_set_scaling_3d_mode (servers/rendering/renderer_viewport.cpp:979)
ERROR: FSR1 is only available when using the Forward+ renderer.
   at: viewport_set_scaling_3d_mode (servers/rendering/renderer_viewport.cpp:979)
ERROR: FSR1 is only available when using the Forward+ renderer.
   at: viewport_set_scaling_3d_mode (servers/rendering/renderer_viewport.cpp:979)
ERROR: FSR1 is only available when using the Forward+ renderer.
   at: viewport_set_scaling_3d_mode (servers/rendering/renderer_viewport.cpp:979)
ERROR: FSR1 is only available when using the Forward+ renderer.
   at: viewport_set_scaling_3d_mode (servers/rendering/renderer_viewport.cpp:979)
ERROR: FSR1 is only available when using the Forward+ renderer.
   at: viewport_set_scaling_3d_mode (servers/rendering/renderer_viewport.cpp:979)
ERROR: FSR1 is only available when using the Forward+ renderer.
   at: viewport_set_scaling_3d_mode (servers/rendering/renderer_viewport.cpp:979)
ERROR: FSR1 is only available when using the Forward+ renderer.
   at: viewport_set_scaling_3d_mode (servers/rendering/renderer_viewport.cpp:979)
ERROR: FSR1 is only available when using the Forward+ renderer.
   at: viewport_set_scaling_3d_mode (servers/rendering/renderer_viewport.cpp:979)
ERROR: FSR1 is only available when using the Forward+ renderer.
   at: viewport_set_scaling_3d_mode (servers/rendering/renderer_viewport.cpp:979)
ERROR: FSR1 is only available when using the Forward+ renderer.
   at: viewport_set_scaling_3d_mode (servers/rendering/renderer_viewport.cpp:979)
ERROR: FSR1 is only available when using the Forward+ renderer.
   at: viewport_set_scaling_3d_mode (servers/rendering/renderer_viewport.cpp:979)
ERROR: FSR1 is only available when using the Forward+ renderer.
   at: viewport_set_scaling_3d_mode (servers/rendering/renderer_viewport.cpp:979)
ERROR: FSR1 is only available when using the Forward+ renderer.
   at: viewport_set_scaling_3d_mode (servers/rendering/renderer_viewport.cpp:979)
ERROR: FSR1 is only available when using the Forward+ renderer.
   at: viewport_set_scaling_3d_mode (servers/rendering/renderer_viewport.cpp:979)
ERROR: FSR1 is only available when using the Forward+ renderer.
   at: viewport_set_scaling_3d_mode (servers/rendering/renderer_viewport.cpp:979)
ERROR: FSR1 is only available when using the Forward+ renderer.
   at: viewport_set_scaling_3d_mode (servers/rendering/renderer_viewport.cpp:979)
ERROR: FSR1 is only available when using the Forward+ renderer.
   at: viewport_set_scaling_3d_mode (servers/rendering/renderer_viewport.cpp:979)
ERROR: FSR1 is only available when using the Forward+ renderer.
   at: viewport_set_scaling_3d_mode (servers/rendering/renderer_viewport.cpp:979)
ERROR: FSR1 is only available when using the Forward+ renderer.
   at: viewport_set_scaling_3d_mode (servers/rendering/renderer_viewport.cpp:979)
ERROR: FSR1 is only available when using the Forward+ renderer.
   at: viewport_set_scaling_3d_mode (servers/rendering/renderer_viewport.cpp:979)
ERROR: FSR1 is only available when using the Forward+ renderer.
   at: viewport_set_scaling_3d_mode (servers/rendering/renderer_viewport.cpp:979)
ERROR: FSR1 is only available when using the Forward+ renderer.
   at: viewport_set_scaling_3d_mode (servers/rendering/renderer_viewport.cpp:979)
ERROR: FSR1 is only available when using the Forward+ renderer.
   at: viewport_set_scaling_3d_mode (servers/rendering/renderer_viewport.cpp:979)
ERROR: FSR1 is only available when using the Forward+ renderer.
   at: viewport_set_scaling_3d_mode (servers/rendering/renderer_viewport.cpp:979)
ERROR: FSR1 is only available when using the Forward+ renderer.
   at: viewport_set_scaling_3d_mode (servers/rendering/renderer_viewport.cpp:979)
ERROR: FSR1 is only available when using the Forward+ renderer.
   at: viewport_set_scaling_3d_mode (servers/rendering/renderer_viewport.cpp:979)
ERROR: FSR1 is only available when using the Forward+ renderer.
   at: viewport_set_scaling_3d_mode (servers/rendering/renderer_viewport.cpp:979)
ERROR: FSR1 is only available when using the Forward+ renderer.
   at: viewport_set_scaling_3d_mode (servers/rendering/renderer_viewport.cpp:979)
ERROR: FSR1 is only available when using the Forward+ renderer.
   at: viewport_set_scaling_3d_mode (servers/rendering/renderer_viewport.cpp:979)
ERROR: FSR1 is only available when using the Forward+ renderer.
   at: viewport_set_scaling_3d_mode (servers/rendering/renderer_viewport.cpp:979)
ERROR: FSR1 is only available when using the Forward+ renderer.
   at: viewport_set_scaling_3d_mode (servers/rendering/renderer_viewport.cpp:979)
ERROR: FSR1 is only available when using the Forward+ renderer.
   at: viewport_set_scaling_3d_mode (servers/rendering/renderer_viewport.cpp:979)
ERROR: FSR1 is only available when using the Forward+ renderer.
   at: viewport_set_scaling_3d_mode (servers/rendering/renderer_viewport.cpp:979)
ERROR: FSR1 is only available when using the Forward+ renderer.
   at: viewport_set_scaling_3d_mode (servers/rendering/renderer_viewport.cpp:979)
ERROR: FSR1 is only available when using the Forward+ renderer.
   at: viewport_set_scaling_3d_mode (servers/rendering/renderer_viewport.cpp:979)
ERROR: FSR1 is only available when using the Forward+ renderer.
   at: viewport_set_scaling_3d_mode (servers/rendering/renderer_viewport.cpp:979)
ERROR: FSR1 is only available when using the Forward+ renderer.
   at: viewport_set_scaling_3d_mode (servers/rendering/renderer_viewport.cpp:979)
ERROR: FSR1 is only available when using the Forward+ renderer.
   at: viewport_set_scaling_3d_mode (servers/rendering/renderer_viewport.cpp:979)
ERROR: FSR1 is only available when using the Forward+ renderer.
   at: viewport_set_scaling_3d_mode (servers/rendering/renderer_viewport.cpp:979)
ERROR: FSR1 is only available when using the Forward+ renderer.
   at: viewport_set_scaling_3d_mode (servers/rendering/renderer_viewport.cpp:979)
ERROR: FSR1 is only available when using the Forward+ renderer.
   at: viewport_set_scaling_3d_mode (servers/rendering/renderer_viewport.cpp:979)
ERROR: FSR1 is only available when using the Forward+ renderer.
   at: viewport_set_scaling_3d_mode (servers/rendering/renderer_viewport.cpp:979)
ERROR: FSR1 is only available when using the Forward+ renderer.
   at: viewport_set_scaling_3d_mode (servers/rendering/renderer_viewport.cpp:979)
ERROR: FSR1 is only available when using the Forward+ renderer.
   at: viewport_set_scaling_3d_mode (servers/rendering/renderer_viewport.cpp:979)
ERROR: FSR1 is only available when using the Forward+ renderer.
   at: viewport_set_scaling_3d_mode (servers/rendering/renderer_viewport.cpp:979)
ERROR: FSR1 is only available when using the Forward+ renderer.
   at: viewport_set_scaling_3d_mode (servers/rendering/renderer_viewport.cpp:979)
ERROR: FSR1 is only available when using the Forward+ renderer.
   at: viewport_set_scaling_3d_mode (servers/rendering/renderer_viewport.cpp:979)
ERROR: FSR1 is only available when using the Forward+ renderer.
   at: viewport_set_scaling_3d_mode (servers/rendering/renderer_viewport.cpp:979)
ERROR: FSR1 is only available when using the Forward+ renderer.
   at: viewport_set_scaling_3d_mode (servers/rendering/renderer_viewport.cpp:979)
ERROR: FSR1 is only available when using the Forward+ renderer.
   at: viewport_set_scaling_3d_mode (servers/rendering/renderer_viewport.cpp:979)
ERROR: FSR1 is only available when using the Forward+ renderer.
   at: viewport_set_scaling_3d_mode (servers/rendering/renderer_viewport.cpp:979)
ERROR: FSR1 is only available when using the Forward+ renderer.
   at: viewport_set_scaling_3d_mode (servers/rendering/renderer_viewport.cpp:979)
ERROR: FSR1 is only available when using the Forward+ renderer.
   at: viewport_set_scaling_3d_mode (servers/rendering/renderer_viewport.cpp:979)
ERROR: FSR1 is only available when using the Forward+ renderer.
   at: viewport_set_scaling_3d_mode (servers/rendering/renderer_viewport.cpp:979)
ERROR: FSR1 is only available when using the Forward+ renderer.
   at: viewport_set_scaling_3d_mode (servers/rendering/renderer_viewport.cpp:979)
ERROR: FSR1 is only available when using the Forward+ renderer.
   at: viewport_set_scaling_3d_mode (servers/rendering/renderer_viewport.cpp:979)
ERROR: FSR1 is only available when using the Forward+ renderer.
   at: viewport_set_scaling_3d_mode (servers/rendering/renderer_viewport.cpp:979)
ERROR: FSR1 is only available when using the Forward+ renderer.
   at: viewport_set_scaling_3d_mode (servers/rendering/renderer_viewport.cpp:979)
ERROR: FSR1 is only available when using the Forward+ renderer.
   at: viewport_set_scaling_3d_mode (servers/rendering/renderer_viewport.cpp:979)
ERROR: FSR1 is only available when using the Forward+ renderer.
   at: viewport_set_scaling_3d_mode (servers/rendering/renderer_viewport.cpp:979)
ERROR: FSR1 is only available when using the Forward+ renderer.
   at: viewport_set_scaling_3d_mode (servers/rendering/renderer_viewport.cpp:979)
ERROR: FSR1 is only available when using the Forward+ renderer.
   at: viewport_set_scaling_3d_mode (servers/rendering/renderer_viewport.cpp:979)
ERROR: FSR1 is only available when using the Forward+ renderer.
   at: viewport_set_scaling_3d_mode (servers/rendering/renderer_viewport.cpp:979)
ERROR: FSR1 is only available when using the Forward+ renderer.
   at: viewport_set_scaling_3d_mode (servers/rendering/renderer_viewport.cpp:979)
ERROR: FSR1 is only available when using the Forward+ renderer.
   at: viewport_set_scaling_3d_mode (servers/rendering/renderer_viewport.cpp:979)
ERROR: FSR1 is only available when using the Forward+ renderer.
   at: viewport_set_scaling_3d_mode (servers/rendering/renderer_viewport.cpp:979)
ERROR: FSR1 is only available when using the Forward+ renderer.
   at: viewport_set_scaling_3d_mode (servers/rendering/renderer_viewport.cpp:979)
ERROR: FSR1 is only available when using the Forward+ renderer.
   at: viewport_set_scaling_3d_mode (servers/rendering/renderer_viewport.cpp:979)
ERROR: FSR1 is only available when using the Forward+ renderer.
   at: viewport_set_scaling_3d_mode (servers/rendering/renderer_viewport.cpp:979)
ERROR: FSR1 is only available when using the Forward+ renderer.
   at: viewport_set_scaling_3d_mode (servers/rendering/renderer_viewport.cpp:979)
ERROR: FSR1 is only available when using the Forward+ renderer.
   at: viewport_set_scaling_3d_mode (servers/rendering/renderer_viewport.cpp:979)
ERROR: FSR1 is only available when using the Forward+ renderer.
   at: viewport_set_scaling_3d_mode (servers/rendering/renderer_viewport.cpp:979)
ERROR: FSR1 is only available when using the Forward+ renderer.
   at: viewport_set_scaling_3d_mode (servers/rendering/renderer_viewport.cpp:979)
ERROR: FSR1 is only available when using the Forward+ renderer.
   at: viewport_set_scaling_3d_mode (servers/rendering/renderer_viewport.cpp:979)
ERROR: FSR1 is only available when using the Forward+ renderer.
   at: viewport_set_scaling_3d_mode (servers/rendering/renderer_viewport.cpp:979)
ERROR: FSR1 is only available when using the Forward+ renderer.
   at: viewport_set_scaling_3d_mode (servers/rendering/renderer_viewport.cpp:979)
ERROR: FSR1 is only available when using the Forward+ renderer.
   at: viewport_set_scaling_3d_mode (servers/rendering/renderer_viewport.cpp:979)
ERROR: FSR1 is only available when using the Forward+ renderer.
   at: viewport_set_scaling_3d_mode (servers/rendering/renderer_viewport.cpp:979)
ERROR: FSR1 is only available when using the Forward+ renderer.
   at: viewport_set_scaling_3d_mode (servers/rendering/renderer_viewport.cpp:979)
ERROR: FSR1 is only available when using the Forward+ renderer.
   at: viewport_set_scaling_3d_mode (servers/rendering/renderer_viewport.cpp:979)
ERROR: FSR1 is only available when using the Forward+ renderer.
   at: viewport_set_scaling_3d_mode (servers/rendering/renderer_viewport.cpp:979)
ERROR: FSR1 is only available when using the Forward+ renderer.
   at: viewport_set_scaling_3d_mode (servers/rendering/renderer_viewport.cpp:979)
ERROR: FSR1 is only available when using the Forward+ renderer.
   at: viewport_set_scaling_3d_mode (servers/rendering/renderer_viewport.cpp:979)
ERROR: FSR1 is only available when using the Forward+ renderer.
   at: viewport_set_scaling_3d_mode (servers/rendering/renderer_viewport.cpp:979)
ERROR: FSR1 is only available when using the Forward+ renderer.
   at: viewport_set_scaling_3d_mode (servers/rendering/renderer_viewport.cpp:979)
ERROR: FSR1 is only available when using the Forward+ renderer.
   at: viewport_set_scaling_3d_mode (servers/rendering/renderer_viewport.cpp:979)
ERROR: FSR1 is only available when using the Forward+ renderer.
   at: viewport_set_scaling_3d_mode (servers/rendering/renderer_viewport.cpp:979)
ERROR: FSR1 is only available when using the Forward+ renderer.
   at: viewport_set_scaling_3d_mode (servers/rendering/renderer_viewport.cpp:979)
ERROR: FSR1 is only available when using the Forward+ renderer.
   at: viewport_set_scaling_3d_mode (servers/rendering/renderer_viewport.cpp:979)
ERROR: FSR1 is only available when using the Forward+ renderer.
   at: viewport_set_scaling_3d_mode (servers/rendering/renderer_viewport.cpp:979)
ERROR: FSR1 is only available when using the Forward+ renderer.
   at: viewport_set_scaling_3d_mode (servers/rendering/renderer_viewport.cpp:979)
ERROR: FSR1 is only available when using the Forward+ renderer.
   at: viewport_set_scaling_3d_mode (servers/rendering/renderer_viewport.cpp:979)
ERROR: FSR1 is only available when using the Forward+ renderer.
   at: viewport_set_scaling_3d_mode (servers/rendering/renderer_viewport.cpp:979)
ERROR: FSR1 is only available when using the Forward+ renderer.
   at: viewport_set_scaling_3d_mode (servers/rendering/renderer_viewport.cpp:979)
ERROR: FSR1 is only available when using the Forward+ renderer.
   at: viewport_set_scaling_3d_mode (servers/rendering/renderer_viewport.cpp:979)
ERROR: FSR1 is only available when using the Forward+ renderer.
   at: viewport_set_scaling_3d_mode (servers/rendering/renderer_viewport.cpp:979)
ERROR: FSR1 is only available when using the Forward+ renderer.
   at: viewport_set_scaling_3d_mode (servers/rendering/renderer_viewport.cpp:979)
ERROR: FSR1 is only available when using the Forward+ renderer.
   at: viewport_set_scaling_3d_mode (servers/rendering/renderer_viewport.cpp:979)
ERROR: FSR1 is only available when using the Forward+ renderer.
   at: viewport_set_scaling_3d_mode (servers/rendering/renderer_viewport.cpp:979)
ERROR: FSR1 is only available when using the Forward+ renderer.
   at: viewport_set_scaling_3d_mode (servers/rendering/renderer_viewport.cpp:979)
ERROR: FSR1 is only available when using the Forward+ renderer.
   at: viewport_set_scaling_3d_mode (servers/rendering/renderer_viewport.cpp:979)
ERROR: FSR1 is only available when using the Forward+ renderer.
   at: viewport_set_scaling_3d_mode (servers/rendering/renderer_viewport.cpp:979)
ERROR: FSR1 is only available when using the Forward+ renderer.
   at: viewport_set_scaling_3d_mode (servers/rendering/renderer_viewport.cpp:979)
ERROR: FSR1 is only available when using the Forward+ renderer.
   at: viewport_set_scaling_3d_mode (servers/rendering/renderer_viewport.cpp:979)
ERROR: FSR1 is only available when using the Forward+ renderer.
   at: viewport_set_scaling_3d_mode (servers/rendering/renderer_viewport.cpp:979)
ERROR: FSR1 is only available when using the Forward+ renderer.
   at: viewport_set_scaling_3d_mode (servers/rendering/renderer_viewport.cpp:979)
ERROR: FSR1 is only available when using the Forward+ renderer.
   at: viewport_set_scaling_3d_mode (servers/rendering/renderer_viewport.cpp:979)
ERROR: FSR1 is only available when using the Forward+ renderer.
   at: viewport_set_scaling_3d_mode (servers/rendering/renderer_viewport.cpp:979)
ERROR: FSR1 is only available when using the Forward+ renderer.
   at: viewport_set_scaling_3d_mode (servers/rendering/renderer_viewport.cpp:979)
ERROR: FSR1 is only available when using the Forward+ renderer.
   at: viewport_set_scaling_3d_mode (servers/rendering/renderer_viewport.cpp:979)
ERROR: FSR1 is only available when using the Forward+ renderer.
   at: viewport_set_scaling_3d_mode (servers/rendering/renderer_viewport.cpp:979)
ERROR: FSR1 is only available when using the Forward+ renderer.
   at: viewport_set_scaling_3d_mode (servers/rendering/renderer_viewport.cpp:979)
ERROR: FSR1 is only available when using the Forward+ renderer.
   at: viewport_set_scaling_3d_mode (servers/rendering/renderer_viewport.cpp:979)
ERROR: FSR1 is only available when using the Forward+ renderer.
   at: viewport_set_scaling_3d_mode (servers/rendering/renderer_viewport.cpp:979)
ERROR: FSR1 is only available when using the Forward+ renderer.
   at: viewport_set_scaling_3d_mode (servers/rendering/renderer_viewport.cpp:979)
ERROR: FSR1 is only available when using the Forward+ renderer.
   at: viewport_set_scaling_3d_mode (servers/rendering/renderer_viewport.cpp:979)
ERROR: FSR1 is only available when using the Forward+ renderer.
   at: viewport_set_scaling_3d_mode (servers/rendering/renderer_viewport.cpp:979)
ERROR: FSR1 is only available when using the Forward+ renderer.
   at: viewport_set_scaling_3d_mode (servers/rendering/renderer_viewport.cpp:979)
ERROR: FSR1 is only available when using the Forward+ renderer.
   at: viewport_set_scaling_3d_mode (servers/rendering/renderer_viewport.cpp:979)
ERROR: FSR1 is only available when using the Forward+ renderer.
   at: viewport_set_scaling_3d_mode (servers/rendering/renderer_viewport.cpp:979)
ERROR: FSR1 is only available when using the Forward+ renderer.
   at: viewport_set_scaling_3d_mode (servers/rendering/renderer_viewport.cpp:979)
ERROR: FSR1 is only available when using the Forward+ renderer.
   at: viewport_set_scaling_3d_mode (servers/rendering/renderer_viewport.cpp:979)
ERROR: FSR1 is only available when using the Forward+ renderer.
   at: viewport_set_scaling_3d_mode (servers/rendering/renderer_viewport.cpp:979)
ERROR: FSR1 is only available when using the Forward+ renderer.
   at: viewport_set_scaling_3d_mode (servers/rendering/renderer_viewport.cpp:979)
ERROR: FSR1 is only available when using the Forward+ renderer.
   at: viewport_set_scaling_3d_mode (servers/rendering/renderer_viewport.cpp:979)
ERROR: FSR1 is only available when using the Forward+ renderer.
   at: viewport_set_scaling_3d_mode (servers/rendering/renderer_viewport.cpp:979)
ERROR: FSR1 is only available when using the Forward+ renderer.
   at: viewport_set_scaling_3d_mode (servers/rendering/renderer_viewport.cpp:979)
ERROR: FSR1 is only available when using the Forward+ renderer.
   at: viewport_set_scaling_3d_mode (servers/rendering/renderer_viewport.cpp:979)
ERROR: FSR1 is only available when using the Forward+ renderer.
   at: viewport_set_scaling_3d_mode (servers/rendering/renderer_viewport.cpp:979)
ERROR: FSR1 is only available when using the Forward+ renderer.
   at: viewport_set_scaling_3d_mode (servers/rendering/renderer_viewport.cpp:979)
ERROR: FSR1 is only available when using the Forward+ renderer.
   at: viewport_set_scaling_3d_mode (servers/rendering/renderer_viewport.cpp:979)
ERROR: FSR1 is only available when using the Forward+ renderer.
   at: viewport_set_scaling_3d_mode (servers/rendering/renderer_viewport.cpp:979)
ERROR: FSR1 is only available when using the Forward+ renderer.
   at: viewport_set_scaling_3d_mode (servers/rendering/renderer_viewport.cpp:979)
ERROR: FSR1 is only available when using the Forward+ renderer.
   at: viewport_set_scaling_3d_mode (servers/rendering/renderer_viewport.cpp:979)
ERROR: FSR1 is only available when using the Forward+ renderer.
   at: viewport_set_scaling_3d_mode (servers/rendering/renderer_viewport.cpp:979)
ERROR: FSR1 is only available when using the Forward+ renderer.
   at: viewport_set_scaling_3d_mode (servers/rendering/renderer_viewport.cpp:979)
ERROR: FSR1 is only available when using the Forward+ renderer.
   at: viewport_set_scaling_3d_mode (servers/rendering/renderer_viewport.cpp:979)
ERROR: FSR1 is only available when using the Forward+ renderer.
   at: viewport_set_scaling_3d_mode (servers/rendering/renderer_viewport.cpp:979)
ERROR: FSR1 is only available when using the Forward+ renderer.
   at: viewport_set_scaling_3d_mode (servers/rendering/renderer_viewport.cpp:979)
ERROR: FSR1 is only available when using the Forward+ renderer.
   at: viewport_set_scaling_3d_mode (servers/rendering/renderer_viewport.cpp:979)
ERROR: FSR1 is only available when using the Forward+ renderer.
   at: viewport_set_scaling_3d_mode (servers/rendering/renderer_viewport.cpp:979)
ERROR: FSR1 is only available when using the Forward+ renderer.
   at: viewport_set_scaling_3d_mode (servers/rendering/renderer_viewport.cpp:979)
ERROR: FSR1 is only available when using the Forward+ renderer.
   at: viewport_set_scaling_3d_mode (servers/rendering/renderer_viewport.cpp:979)
ERROR: FSR1 is only available when using the Forward+ renderer.
   at: viewport_set_scaling_3d_mode (servers/rendering/renderer_viewport.cpp:979)
ERROR: FSR1 is only available when using the Forward+ renderer.
   at: viewport_set_scaling_3d_mode (servers/rendering/renderer_viewport.cpp:979)
ERROR: FSR1 is only available when using the Forward+ renderer.
   at: viewport_set_scaling_3d_mode (servers/rendering/renderer_viewport.cpp:979)
ERROR: FSR1 is only available when using the Forward+ renderer.
   at: viewport_set_scaling_3d_mode (servers/rendering/renderer_viewport.cpp:979)
ERROR: FSR1 is only available when using the Forward+ renderer.
   at: viewport_set_scaling_3d_mode (servers/rendering/renderer_viewport.cpp:979)
ERROR: FSR1 is only available when using the Forward+ renderer.
   at: viewport_set_scaling_3d_mode (servers/rendering/renderer_viewport.cpp:979)
ERROR: FSR1 is only available when using the Forward+ renderer.
   at: viewport_set_scaling_3d_mode (servers/rendering/renderer_viewport.cpp:979)
ERROR: FSR1 is only available when using the Forward+ renderer.
   at: viewport_set_scaling_3d_mode (servers/rendering/renderer_viewport.cpp:979)
ERROR: FSR1 is only available when using the Forward+ renderer.
   at: viewport_set_scaling_3d_mode (servers/rendering/renderer_viewport.cpp:979)
ERROR: FSR1 is only available when using the Forward+ renderer.
   at: viewport_set_scaling_3d_mode (servers/rendering/renderer_viewport.cpp:979)
ERROR: FSR1 is only available when using the Forward+ renderer.
   at: viewport_set_scaling_3d_mode (servers/rendering/renderer_viewport.cpp:979)
ERROR: FSR1 is only available when using the Forward+ renderer.
   at: viewport_set_scaling_3d_mode (servers/rendering/renderer_viewport.cpp:979)
ERROR: FSR1 is only available when using the Forward+ renderer.
   at: viewport_set_scaling_3d_mode (servers/rendering/renderer_viewport.cpp:979)
ERROR: FSR1 is only available when using the Forward+ renderer.
   at: viewport_set_scaling_3d_mode (servers/rendering/renderer_viewport.cpp:979)
ERROR: FSR1 is only available when using the Forward+ renderer.
   at: viewport_set_scaling_3d_mode (servers/rendering/renderer_viewport.cpp:979)
ERROR: FSR1 is only available when using the Forward+ renderer.
   at: viewport_set_scaling_3d_mode (servers/rendering/renderer_viewport.cpp:979)
ERROR: FSR1 is only available when using the Forward+ renderer.
   at: viewport_set_scaling_3d_mode (servers/rendering/renderer_viewport.cpp:979)
ERROR: FSR1 is only available when using the Forward+ renderer.
   at: viewport_set_scaling_3d_mode (servers/rendering/renderer_viewport.cpp:979)
ERROR: FSR1 is only available when using the Forward+ renderer.
   at: viewport_set_scaling_3d_mode (servers/rendering/renderer_viewport.cpp:979)
ERROR: FSR1 is only available when using the Forward+ renderer.
   at: viewport_set_scaling_3d_mode (servers/rendering/renderer_viewport.cpp:979)
ERROR: FSR1 is only available when using the Forward+ renderer.
   at: viewport_set_scaling_3d_mode (servers/rendering/renderer_viewport.cpp:979)
ERROR: FSR1 is only available when using the Forward+ renderer.
   at: viewport_set_scaling_3d_mode (servers/rendering/renderer_viewport.cpp:979)
ERROR: FSR1 is only available when using the Forward+ renderer.
   at: viewport_set_scaling_3d_mode (servers/rendering/renderer_viewport.cpp:979)
ERROR: FSR1 is only available when using the Forward+ renderer.
   at: viewport_set_scaling_3d_mode (servers/rendering/renderer_viewport.cpp:979)
ERROR: FSR1 is only available when using the Forward+ renderer.
   at: viewport_set_scaling_3d_mode (servers/rendering/renderer_viewport.cpp:979)
ERROR: FSR1 is only available when using the Forward+ renderer.
   at: viewport_set_scaling_3d_mode (servers/rendering/renderer_viewport.cpp:979)
ERROR: FSR1 is only available when using the Forward+ renderer.
   at: viewport_set_scaling_3d_mode (servers/rendering/renderer_viewport.cpp:979)
ERROR: FSR1 is only available when using the Forward+ renderer.
   at: viewport_set_scaling_3d_mode (servers/rendering/renderer_viewport.cpp:979)
ERROR: FSR1 is only available when using the Forward+ renderer.
   at: viewport_set_scaling_3d_mode (servers/rendering/renderer_viewport.cpp:979)
ERROR: FSR1 is only available when using the Forward+ renderer.
   at: viewport_set_scaling_3d_mode (servers/rendering/renderer_viewport.cpp:979)
ERROR: FSR1 is only available when using the Forward+ renderer.
   at: viewport_set_scaling_3d_mode (servers/rendering/renderer_viewport.cpp:979)
ERROR: FSR1 is only available when using the Forward+ renderer.
   at: viewport_set_scaling_3d_mode (servers/rendering/renderer_viewport.cpp:979)
ERROR: FSR1 is only available when using the Forward+ renderer.
   at: viewport_set_scaling_3d_mode (servers/rendering/renderer_viewport.cpp:979)
ERROR: FSR1 is only available when using the Forward+ renderer.
   at: viewport_set_scaling_3d_mode (servers/rendering/renderer_viewport.cpp:979)
ERROR: FSR1 is only available when using the Forward+ renderer.
   at: viewport_set_scaling_3d_mode (servers/rendering/renderer_viewport.cpp:979)
ERROR: FSR1 is only available when using the Forward+ renderer.
   at: viewport_set_scaling_3d_mode (servers/rendering/renderer_viewport.cpp:979)
ERROR: FSR1 is only available when using the Forward+ renderer.
   at: viewport_set_scaling_3d_mode (servers/rendering/renderer_viewport.cpp:979)
ERROR: FSR1 is only available when using the Forward+ renderer.
   at: viewport_set_scaling_3d_mode (servers/rendering/renderer_viewport.cpp:979)
ERROR: FSR1 is only available when using the Forward+ renderer.
   at: viewport_set_scaling_3d_mode (servers/rendering/renderer_viewport.cpp:979)
ERROR: FSR1 is only available when using the Forward+ renderer.
   at: viewport_set_scaling_3d_mode (servers/rendering/renderer_viewport.cpp:979)
ERROR: FSR1 is only available when using the Forward+ renderer.
   at: viewport_set_scaling_3d_mode (servers/rendering/renderer_viewport.cpp:979)
ERROR: FSR1 is only available when using the Forward+ renderer.
   at: viewport_set_scaling_3d_mode (servers/rendering/renderer_viewport.cpp:979)
ERROR: FSR1 is only available when using the Forward+ renderer.
   at: viewport_set_scaling_3d_mode (servers/rendering/renderer_viewport.cpp:979)
ERROR: FSR1 is only available when using the Forward+ renderer.
   at: viewport_set_scaling_3d_mode (servers/rendering/renderer_viewport.cpp:979)
ERROR: FSR1 is only available when using the Forward+ renderer.
   at: viewport_set_scaling_3d_mode (servers/rendering/renderer_viewport.cpp:979)
ERROR: FSR1 is only available when using the Forward+ renderer.
   at: viewport_set_scaling_3d_mode (servers/rendering/renderer_viewport.cpp:979)
ERROR: FSR1 is only available when using the Forward+ renderer.
   at: viewport_set_scaling_3d_mode (servers/rendering/renderer_viewport.cpp:979)
ERROR: FSR1 is only available when using the Forward+ renderer.
   at: viewport_set_scaling_3d_mode (servers/rendering/renderer_viewport.cpp:979)
ERROR: FSR1 is only available when using the Forward+ renderer.
   at: viewport_set_scaling_3d_mode (servers/rendering/renderer_viewport.cpp:979)
ERROR: FSR1 is only available when using the Forward+ renderer.
   at: viewport_set_scaling_3d_mode (servers/rendering/renderer_viewport.cpp:979)
ERROR: FSR1 is only available when using the Forward+ renderer.
   at: viewport_set_scaling_3d_mode (servers/rendering/renderer_viewport.cpp:979)
ERROR: FSR1 is only available when using the Forward+ renderer.
   at: viewport_set_scaling_3d_mode (servers/rendering/renderer_viewport.cpp:979)
ERROR: FSR1 is only available when using the Forward+ renderer.
   at: viewport_set_scaling_3d_mode (servers/rendering/renderer_viewport.cpp:979)
ERROR: FSR1 is only available when using the Forward+ renderer.
   at: viewport_set_scaling_3d_mode (servers/rendering/renderer_viewport.cpp:979)
ERROR: FSR1 is only available when using the Forward+ renderer.
   at: viewport_set_scaling_3d_mode (servers/rendering/renderer_viewport.cpp:979)
ERROR: FSR1 is only available when using the Forward+ renderer.
   at: viewport_set_scaling_3d_mode (servers/rendering/renderer_viewport.cpp:979)
ERROR: FSR1 is only available when using the Forward+ renderer.
   at: viewport_set_scaling_3d_mode (servers/rendering/renderer_viewport.cpp:979)
ERROR: FSR1 is only available when using the Forward+ renderer.
   at: viewport_set_scaling_3d_mode (servers/rendering/renderer_viewport.cpp:979)
ERROR: FSR1 is only available when using the Forward+ renderer.
   at: viewport_set_scaling_3d_mode (servers/rendering/renderer_viewport.cpp:979)
ERROR: FSR1 is only available when using the Forward+ renderer.
   at: viewport_set_scaling_3d_mode (servers/rendering/renderer_viewport.cpp:979)
ERROR: FSR1 is only available when using the Forward+ renderer.
   at: viewport_set_scaling_3d_mode (servers/rendering/renderer_viewport.cpp:979)
ERROR: FSR1 is only available when using the Forward+ renderer.
   at: viewport_set_scaling_3d_mode (servers/rendering/renderer_viewport.cpp:979)
ERROR: FSR1 is only available when using the Forward+ renderer.
   at: viewport_set_scaling_3d_mode (servers/rendering/renderer_viewport.cpp:979)
ERROR: FSR1 is only available when using the Forward+ renderer.
   at: viewport_set_scaling_3d_mode (servers/rendering/renderer_viewport.cpp:979)
ERROR: FSR1 is only available when using the Forward+ renderer.
   at: viewport_set_scaling_3d_mode (servers/rendering/renderer_viewport.cpp:979)
ERROR: FSR1 is only available when using the Forward+ renderer.
   at: viewport_set_scaling_3d_mode (servers/rendering/renderer_viewport.cpp:979)
ERROR: FSR1 is only available when using the Forward+ renderer.
   at: viewport_set_scaling_3d_mode (servers/rendering/renderer_viewport.cpp:979)
ERROR: FSR1 is only available when using the Forward+ renderer.
   at: viewport_set_scaling_3d_mode (servers/rendering/renderer_viewport.cpp:979)
ERROR: FSR1 is only available when using the Forward+ renderer.
   at: viewport_set_scaling_3d_mode (servers/rendering/renderer_viewport.cpp:979)
ERROR: FSR1 is only available when using the Forward+ renderer.
   at: viewport_set_scaling_3d_mode (servers/rendering/renderer_viewport.cpp:979)
ERROR: FSR1 is only available when using the Forward+ renderer.
   at: viewport_set_scaling_3d_mode (servers/rendering/renderer_viewport.cpp:979)
ERROR: FSR1 is only available when using the Forward+ renderer.
   at: viewport_set_scaling_3d_mode (servers/rendering/renderer_viewport.cpp:979)
ERROR: FSR1 is only available when using the Forward+ renderer.
   at: viewport_set_scaling_3d_mode (servers/rendering/renderer_viewport.cpp:979)
ERROR: FSR1 is only available when using the Forward+ renderer.
   at: viewport_set_scaling_3d_mode (servers/rendering/renderer_viewport.cpp:979)
ERROR: FSR1 is only available when using the Forward+ renderer.
   at: viewport_set_scaling_3d_mode (servers/rendering/renderer_viewport.cpp:979)
ERROR: FSR1 is only available when using the Forward+ renderer.
   at: viewport_set_scaling_3d_mode (servers/rendering/renderer_viewport.cpp:979)
ERROR: FSR1 is only available when using the Forward+ renderer.
   at: viewport_set_scaling_3d_mode (servers/rendering/renderer_viewport.cpp:979)
ERROR: FSR1 is only available when using the Forward+ renderer.
   at: viewport_set_scaling_3d_mode (servers/rendering/renderer_viewport.cpp:979)
ERROR: FSR1 is only available when using the Forward+ renderer.
   at: viewport_set_scaling_3d_mode (servers/rendering/renderer_viewport.cpp:979)
ERROR: FSR1 is only available when using the Forward+ renderer.
   at: viewport_set_scaling_3d_mode (servers/rendering/renderer_viewport.cpp:979)
ERROR: FSR1 is only available when using the Forward+ renderer.
   at: viewport_set_scaling_3d_mode (servers/rendering/renderer_viewport.cpp:979)
ERROR: FSR1 is only available when using the Forward+ renderer.
   at: viewport_set_scaling_3d_mode (servers/rendering/renderer_viewport.cpp:979)
ERROR: FSR1 is only available when using the Forward+ renderer.
   at: viewport_set_scaling_3d_mode (servers/rendering/renderer_viewport.cpp:979)
ERROR: FSR1 is only available when using the Forward+ renderer.
   at: viewport_set_scaling_3d_mode (servers/rendering/renderer_viewport.cpp:979)
ERROR: FSR1 is only available when using the Forward+ renderer.
   at: viewport_set_scaling_3d_mode (servers/rendering/renderer_viewport.cpp:979)
ERROR: FSR1 is only available when using the Forward+ renderer.
   at: viewport_set_scaling_3d_mode (servers/rendering/renderer_viewport.cpp:979)
ERROR: FSR1 is only available when using the Forward+ renderer.
   at: viewport_set_scaling_3d_mode (servers/rendering/renderer_viewport.cpp:979)
ERROR: FSR1 is only available when using the Forward+ renderer.
   at: viewport_set_scaling_3d_mode (servers/rendering/renderer_viewport.cpp:979)
ERROR: FSR1 is only available when using the Forward+ renderer.
   at: viewport_set_scaling_3d_mode (servers/rendering/renderer_viewport.cpp:979)
ERROR: FSR1 is only available when using the Forward+ renderer.
   at: viewport_set_scaling_3d_mode (servers/rendering/renderer_viewport.cpp:979)
ERROR: FSR1 is only available when using the Forward+ renderer.
   at: viewport_set_scaling_3d_mode (servers/rendering/renderer_viewport.cpp:979)
ERROR: FSR1 is only available when using the Forward+ renderer.
   at: viewport_set_scaling_3d_mode (servers/rendering/renderer_viewport.cpp:979)
ERROR: FSR1 is only available when using the Forward+ renderer.
   at: viewport_set_scaling_3d_mode (servers/rendering/renderer_viewport.cpp:979)
ERROR: FSR1 is only available when using the Forward+ renderer.
   at: viewport_set_scaling_3d_mode (servers/rendering/renderer_viewport.cpp:979)
ERROR: FSR1 is only available when using the Forward+ renderer.
   at: viewport_set_scaling_3d_mode (servers/rendering/renderer_viewport.cpp:979)
ERROR: FSR1 is only available when using the Forward+ renderer.
   at: viewport_set_scaling_3d_mode (servers/rendering/renderer_viewport.cpp:979)
ERROR: FSR1 is only available when using the Forward+ renderer.
   at: viewport_set_scaling_3d_mode (servers/rendering/renderer_viewport.cpp:979)
ERROR: FSR1 is only available when using the Forward+ renderer.
   at: viewport_set_scaling_3d_mode (servers/rendering/renderer_viewport.cpp:979)
ERROR: FSR1 is only available when using the Forward+ renderer.
   at: viewport_set_scaling_3d_mode (servers/rendering/renderer_viewport.cpp:979)
ERROR: FSR1 is only available when using the Forward+ renderer.
   at: viewport_set_scaling_3d_mode (servers/rendering/renderer_viewport.cpp:979)
ERROR: FSR1 is only available when using the Forward+ renderer.
   at: viewport_set_scaling_3d_mode (servers/rendering/renderer_viewport.cpp:979)
ERROR: FSR1 is only available when using the Forward+ renderer.
   at: viewport_set_scaling_3d_mode (servers/rendering/renderer_viewport.cpp:979)
ERROR: FSR1 is only available when using the Forward+ renderer.
   at: viewport_set_scaling_3d_mode (servers/rendering/renderer_viewport.cpp:979)
ERROR: FSR1 is only available when using the Forward+ renderer.
   at: viewport_set_scaling_3d_mode (servers/rendering/renderer_viewport.cpp:979)
ERROR: FSR1 is only available when using the Forward+ renderer.
   at: viewport_set_scaling_3d_mode (servers/rendering/renderer_viewport.cpp:979)
ERROR: FSR1 is only available when using the Forward+ renderer.
   at: viewport_set_scaling_3d_mode (servers/rendering/renderer_viewport.cpp:979)
ERROR: FSR1 is only available when using the Forward+ renderer.
   at: viewport_set_scaling_3d_mode (servers/rendering/renderer_viewport.cpp:979)
ERROR: FSR1 is only available when using the Forward+ renderer.
   at: viewport_set_scaling_3d_mode (servers/rendering/renderer_viewport.cpp:979)
ERROR: FSR1 is only available when using the Forward+ renderer.
   at: viewport_set_scaling_3d_mode (servers/rendering/renderer_viewport.cpp:979)
ERROR: FSR1 is only available when using the Forward+ renderer.
   at: viewport_set_scaling_3d_mode (servers/rendering/renderer_viewport.cpp:979)
ERROR: FSR1 is only available when using the Forward+ renderer.
   at: viewport_set_scaling_3d_mode (servers/rendering/renderer_viewport.cpp:979)
ERROR: FSR1 is only available when using the Forward+ renderer.
   at: viewport_set_scaling_3d_mode (servers/rendering/renderer_viewport.cpp:979)
ERROR: FSR1 is only available when using the Forward+ renderer.
   at: viewport_set_scaling_3d_mode (servers/rendering/renderer_viewport.cpp:979)
ERROR: FSR1 is only available when using the Forward+ renderer.
   at: viewport_set_scaling_3d_mode (servers/rendering/renderer_viewport.cpp:979)
ERROR: FSR1 is only available when using the Forward+ renderer.
   at: viewport_set_scaling_3d_mode (servers/rendering/renderer_viewport.cpp:979)
ERROR: FSR1 is only available when using the Forward+ renderer.
   at: viewport_set_scaling_3d_mode (servers/rendering/renderer_viewport.cpp:979)
ERROR: FSR1 is only available when using the Forward+ renderer.
   at: viewport_set_scaling_3d_mode (servers/rendering/renderer_viewport.cpp:979)
ERROR: FSR1 is only available when using the Forward+ renderer.
   at: viewport_set_scaling_3d_mode (servers/rendering/renderer_viewport.cpp:979)
ERROR: FSR1 is only available when using the Forward+ renderer.
   at: viewport_set_scaling_3d_mode (servers/rendering/renderer_viewport.cpp:979)
ERROR: FSR1 is only available when using the Forward+ renderer.
   at: viewport_set_scaling_3d_mode (servers/rendering/renderer_viewport.cpp:979)
ERROR: FSR1 is only available when using the Forward+ renderer.
   at: viewport_set_scaling_3d_mode (servers/rendering/renderer_viewport.cpp:979)
ERROR: FSR1 is only available when using the Forward+ renderer.
   at: viewport_set_scaling_3d_mode (servers/rendering/renderer_viewport.cpp:979)
ERROR: FSR1 is only available when using the Forward+ renderer.
   at: viewport_set_scaling_3d_mode (servers/rendering/renderer_viewport.cpp:979)
ERROR: FSR1 is only available when using the Forward+ renderer.
   at: viewport_set_scaling_3d_mode (servers/rendering/renderer_viewport.cpp:979)
ERROR: FSR1 is only available when using the Forward+ renderer.
   at: viewport_set_scaling_3d_mode (servers/rendering/renderer_viewport.cpp:979)
ERROR: FSR1 is only available when using the Forward+ renderer.
   at: viewport_set_scaling_3d_mode (servers/rendering/renderer_viewport.cpp:979)
ERROR: FSR1 is only available when using the Forward+ renderer.
   at: viewport_set_scaling_3d_mode (servers/rendering/renderer_viewport.cpp:979)
ERROR: FSR1 is only available when using the Forward+ renderer.
   at: viewport_set_scaling_3d_mode (servers/rendering/renderer_viewport.cpp:979)
ERROR: FSR1 is only available when using the Forward+ renderer.
   at: viewport_set_scaling_3d_mode (servers/rendering/renderer_viewport.cpp:979)
ERROR: FSR1 is only available when using the Forward+ renderer.
   at: viewport_set_scaling_3d_mode (servers/rendering/renderer_viewport.cpp:979)
ERROR: FSR1 is only available when using the Forward+ renderer.
   at: viewport_set_scaling_3d_mode (servers/rendering/renderer_viewport.cpp:979)
ERROR: FSR1 is only available when using the Forward+ renderer.
   at: viewport_set_scaling_3d_mode (servers/rendering/renderer_viewport.cpp:979)
ERROR: FSR1 is only available when using the Forward+ renderer.
   at: viewport_set_scaling_3d_mode (servers/rendering/renderer_viewport.cpp:979)
ERROR: FSR1 is only available when using the Forward+ renderer.
   at: viewport_set_scaling_3d_mode (servers/rendering/renderer_viewport.cpp:979)
ERROR: FSR1 is only available when using the Forward+ renderer.
   at: viewport_set_scaling_3d_mode (servers/rendering/renderer_viewport.cpp:979)
ERROR: FSR1 is only available when using the Forward+ renderer.
   at: viewport_set_scaling_3d_mode (servers/rendering/renderer_viewport.cpp:979)
ERROR: FSR1 is only available when using the Forward+ renderer.
   at: viewport_set_scaling_3d_mode (servers/rendering/renderer_viewport.cpp:979)
ERROR: FSR1 is only available when using the Forward+ renderer.
   at: viewport_set_scaling_3d_mode (servers/rendering/renderer_viewport.cpp:979)
ERROR: FSR1 is only available when using the Forward+ renderer.
   at: viewport_set_scaling_3d_mode (servers/rendering/renderer_viewport.cpp:979)
ERROR: FSR1 is only available when using the Forward+ renderer.
   at: viewport_set_scaling_3d_mode (servers/rendering/renderer_viewport.cpp:979)
ERROR: FSR1 is only available when using the Forward+ renderer.
   at: viewport_set_scaling_3d_mode (servers/rendering/renderer_viewport.cpp:979)
ERROR: FSR1 is only available when using the Forward+ renderer.
   at: viewport_set_scaling_3d_mode (servers/rendering/renderer_viewport.cpp:979)
ERROR: FSR1 is only available when using the Forward+ renderer.
   at: viewport_set_scaling_3d_mode (servers/rendering/renderer_viewport.cpp:979)
ERROR: FSR1 is only available when using the Forward+ renderer.
   at: viewport_set_scaling_3d_mode (servers/rendering/renderer_viewport.cpp:979)
ERROR: FSR1 is only available when using the Forward+ renderer.
   at: viewport_set_scaling_3d_mode (servers/rendering/renderer_viewport.cpp:979)
ERROR: FSR1 is only available when using the Forward+ renderer.
   at: viewport_set_scaling_3d_mode (servers/rendering/renderer_viewport.cpp:979)
ERROR: FSR1 is only available when using the Forward+ renderer.
   at: viewport_set_scaling_3d_mode (servers/rendering/renderer_viewport.cpp:979)
ERROR: FSR1 is only available when using the Forward+ renderer.
   at: viewport_set_scaling_3d_mode (servers/rendering/renderer_viewport.cpp:979)
ERROR: FSR1 is only available when using the Forward+ renderer.
   at: viewport_set_scaling_3d_mode (servers/rendering/renderer_viewport.cpp:979)
ERROR: FSR1 is only available when using the Forward+ renderer.
   at: viewport_set_scaling_3d_mode (servers/rendering/renderer_viewport.cpp:979)
ERROR: FSR1 is only available when using the Forward+ renderer.
   at: viewport_set_scaling_3d_mode (servers/rendering/renderer_viewport.cpp:979)
ERROR: FSR1 is only available when using the Forward+ renderer.
   at: viewport_set_scaling_3d_mode (servers/rendering/renderer_viewport.cpp:979)
ERROR: FSR1 is only available when using the Forward+ renderer.
   at: viewport_set_scaling_3d_mode (servers/rendering/renderer_viewport.cpp:979)
ERROR: FSR1 is only available when using the Forward+ renderer.
   at: viewport_set_scaling_3d_mode (servers/rendering/renderer_viewport.cpp:979)
ERROR: FSR1 is only available when using the Forward+ renderer.
   at: viewport_set_scaling_3d_mode (servers/rendering/renderer_viewport.cpp:979)
ERROR: FSR1 is only available when using the Forward+ renderer.
   at: viewport_set_scaling_3d_mode (servers/rendering/renderer_viewport.cpp:979)
ERROR: FSR1 is only available when using the Forward+ renderer.
   at: viewport_set_scaling_3d_mode (servers/rendering/renderer_viewport.cpp:979)
ERROR: FSR1 is only available when using the Forward+ renderer.
   at: viewport_set_scaling_3d_mode (servers/rendering/renderer_viewport.cpp:979)
ERROR: FSR1 is only available when using the Forward+ renderer.
   at: viewport_set_scaling_3d_mode (servers/rendering/renderer_viewport.cpp:979)
ERROR: FSR1 is only available when using the Forward+ renderer.
   at: viewport_set_scaling_3d_mode (servers/rendering/renderer_viewport.cpp:979)
ERROR: FSR1 is only available when using the Forward+ renderer.
   at: viewport_set_scaling_3d_mode (servers/rendering/renderer_viewport.cpp:979)
ERROR: FSR1 is only available when using the Forward+ renderer.
   at: viewport_set_scaling_3d_mode (servers/rendering/renderer_viewport.cpp:979)
ERROR: FSR1 is only available when using the Forward+ renderer.
   at: viewport_set_scaling_3d_mode (servers/rendering/renderer_viewport.cpp:979)
ERROR: FSR1 is only available when using the Forward+ renderer.
   at: viewport_set_scaling_3d_mode (servers/rendering/renderer_viewport.cpp:979)
ERROR: FSR1 is only available when using the Forward+ renderer.
   at: viewport_set_scaling_3d_mode (servers/rendering/renderer_viewport.cpp:979)
ERROR: FSR1 is only available when using the Forward+ renderer.
   at: viewport_set_scaling_3d_mode (servers/rendering/renderer_viewport.cpp:979)
ERROR: FSR1 is only available when using the Forward+ renderer.
   at: viewport_set_scaling_3d_mode (servers/rendering/renderer_viewport.cpp:979)
ERROR: FSR1 is only available when using the Forward+ renderer.
   at: viewport_set_scaling_3d_mode (servers/rendering/renderer_viewport.cpp:979)
ERROR: FSR1 is only available when using the Forward+ renderer.
   at: viewport_set_scaling_3d_mode (servers/rendering/renderer_viewport.cpp:979)
ERROR: FSR1 is only available when using the Forward+ renderer.
   at: viewport_set_scaling_3d_mode (servers/rendering/renderer_viewport.cpp:979)
ERROR: FSR1 is only available when using the Forward+ renderer.
   at: viewport_set_scaling_3d_mode (servers/rendering/renderer_viewport.cpp:979)
ERROR: FSR1 is only available when using the Forward+ renderer.
   at: viewport_set_scaling_3d_mode (servers/rendering/renderer_viewport.cpp:979)
ERROR: FSR1 is only available when using the Forward+ renderer.
   at: viewport_set_scaling_3d_mode (servers/rendering/renderer_viewport.cpp:979)
ERROR: FSR1 is only available when using the Forward+ renderer.
   at: viewport_set_scaling_3d_mode (servers/rendering/renderer_viewport.cpp:979)
ERROR: FSR1 is only available when using the Forward+ renderer.
   at: viewport_set_scaling_3d_mode (servers/rendering/renderer_viewport.cpp:979)
ERROR: FSR1 is only available when using the Forward+ renderer.
   at: viewport_set_scaling_3d_mode (servers/rendering/renderer_viewport.cpp:979)
ERROR: FSR1 is only available when using the Forward+ renderer.
   at: viewport_set_scaling_3d_mode (servers/rendering/renderer_viewport.cpp:979)
ERROR: FSR1 is only available when using the Forward+ renderer.
   at: viewport_set_scaling_3d_mode (servers/rendering/renderer_viewport.cpp:979)
ERROR: FSR1 is only available when using the Forward+ renderer.
   at: viewport_set_scaling_3d_mode (servers/rendering/renderer_viewport.cpp:979)
ERROR: FSR1 is only available when using the Forward+ renderer.
   at: viewport_set_scaling_3d_mode (servers/rendering/renderer_viewport.cpp:979)
ERROR: FSR1 is only available when using the Forward+ renderer.
   at: viewport_set_scaling_3d_mode (servers/rendering/renderer_viewport.cpp:979)
ERROR: FSR1 is only available when using the Forward+ renderer.
   at: viewport_set_scaling_3d_mode (servers/rendering/renderer_viewport.cpp:979)
ERROR: FSR1 is only available when using the Forward+ renderer.
   at: viewport_set_scaling_3d_mode (servers/rendering/renderer_viewport.cpp:979)
ERROR: FSR1 is only available when using the Forward+ renderer.
   at: viewport_set_scaling_3d_mode (servers/rendering/renderer_viewport.cpp:979)
ERROR: FSR1 is only available when using the Forward+ renderer.
   at: viewport_set_scaling_3d_mode (servers/rendering/renderer_viewport.cpp:979)
ERROR: FSR1 is only available when using the Forward+ renderer.
   at: viewport_set_scaling_3d_mode (servers/rendering/renderer_viewport.cpp:979)
ERROR: FSR1 is only available when using the Forward+ renderer.
   at: viewport_set_scaling_3d_mode (servers/rendering/renderer_viewport.cpp:979)
ERROR: FSR1 is only available when using the Forward+ renderer.
   at: viewport_set_scaling_3d_mode (servers/rendering/renderer_viewport.cpp:979)
ERROR: FSR1 is only available when using the Forward+ renderer.
   at: viewport_set_scaling_3d_mode (servers/rendering/renderer_viewport.cpp:979)
ERROR: FSR1 is only available when using the Forward+ renderer.
   at: viewport_set_scaling_3d_mode (servers/rendering/renderer_viewport.cpp:979)
ERROR: FSR1 is only available when using the Forward+ renderer.
   at: viewport_set_scaling_3d_mode (servers/rendering/renderer_viewport.cpp:979)
ERROR: FSR1 is only available when using the Forward+ renderer.
   at: viewport_set_scaling_3d_mode (servers/rendering/renderer_viewport.cpp:979)
ERROR: FSR1 is only available when using the Forward+ renderer.
   at: viewport_set_scaling_3d_mode (servers/rendering/renderer_viewport.cpp:979)
ERROR: FSR1 is only available when using the Forward+ renderer.
   at: viewport_set_scaling_3d_mode (servers/rendering/renderer_viewport.cpp:979)
ERROR: FSR1 is only available when using the Forward+ renderer.
   at: viewport_set_scaling_3d_mode (servers/rendering/renderer_viewport.cpp:979)
ERROR: FSR1 is only available when using the Forward+ renderer.
   at: viewport_set_scaling_3d_mode (servers/rendering/renderer_viewport.cpp:979)
ERROR: FSR1 is only available when using the Forward+ renderer.
   at: viewport_set_scaling_3d_mode (servers/rendering/renderer_viewport.cpp:979)
ERROR: FSR1 is only available when using the Forward+ renderer.
   at: viewport_set_scaling_3d_mode (servers/rendering/renderer_viewport.cpp:979)
ERROR: FSR1 is only available when using the Forward+ renderer.
   at: viewport_set_scaling_3d_mode (servers/rendering/renderer_viewport.cpp:979)
ERROR: FSR1 is only available when using the Forward+ renderer.
   at: viewport_set_scaling_3d_mode (servers/rendering/renderer_viewport.cpp:979)
ERROR: FSR1 is only available when using the Forward+ renderer.
   at: viewport_set_scaling_3d_mode (servers/rendering/renderer_viewport.cpp:979)
ERROR: FSR1 is only available when using the Forward+ renderer.
   at: viewport_set_scaling_3d_mode (servers/rendering/renderer_viewport.cpp:979)
ERROR: FSR1 is only available when using the Forward+ renderer.
   at: viewport_set_scaling_3d_mode (servers/rendering/renderer_viewport.cpp:979)
ERROR: FSR1 is only available when using the Forward+ renderer.
   at: viewport_set_scaling_3d_mode (servers/rendering/renderer_viewport.cpp:979)
ERROR: FSR1 is only available when using the Forward+ renderer.
   at: viewport_set_scaling_3d_mode (servers/rendering/renderer_viewport.cpp:979)
ERROR: FSR1 is only available when using the Forward+ renderer.
   at: viewport_set_scaling_3d_mode (servers/rendering/renderer_viewport.cpp:979)
ERROR: FSR1 is only available when using the Forward+ renderer.
   at: viewport_set_scaling_3d_mode (servers/rendering/renderer_viewport.cpp:979)
ERROR: FSR1 is only available when using the Forward+ renderer.
   at: viewport_set_scaling_3d_mode (servers/rendering/renderer_viewport.cpp:979)
ERROR: FSR1 is only available when using the Forward+ renderer.
   at: viewport_set_scaling_3d_mode (servers/rendering/renderer_viewport.cpp:979)
ERROR: FSR1 is only available when using the Forward+ renderer.
   at: viewport_set_scaling_3d_mode (servers/rendering/renderer_viewport.cpp:979)
ERROR: FSR1 is only available when using the Forward+ renderer.
   at: viewport_set_scaling_3d_mode (servers/rendering/renderer_viewport.cpp:979)
ERROR: FSR1 is only available when using the Forward+ renderer.
   at: viewport_set_scaling_3d_mode (servers/rendering/renderer_viewport.cpp:979)
ERROR: FSR1 is only available when using the Forward+ renderer.
   at: viewport_set_scaling_3d_mode (servers/rendering/renderer_viewport.cpp:979)
ERROR: FSR1 is only available when using the Forward+ renderer.
   at: viewport_set_scaling_3d_mode (servers/rendering/renderer_viewport.cpp:979)
ERROR: FSR1 is only available when using the Forward+ renderer.
   at: viewport_set_scaling_3d_mode (servers/rendering/renderer_viewport.cpp:979)
ERROR: FSR1 is only available when using the Forward+ renderer.
   at: viewport_set_scaling_3d_mode (servers/rendering/renderer_viewport.cpp:979)
ERROR: FSR1 is only available when using the Forward+ renderer.
   at: viewport_set_scaling_3d_mode (servers/rendering/renderer_viewport.cpp:979)
ERROR: FSR1 is only available when using the Forward+ renderer.
   at: viewport_set_scaling_3d_mode (servers/rendering/renderer_viewport.cpp:979)
ERROR: FSR1 is only available when using the Forward+ renderer.
   at: viewport_set_scaling_3d_mode (servers/rendering/renderer_viewport.cpp:979)
ERROR: FSR1 is only available when using the Forward+ renderer.
   at: viewport_set_scaling_3d_mode (servers/rendering/renderer_viewport.cpp:979)
ERROR: FSR1 is only available when using the Forward+ renderer.
   at: viewport_set_scaling_3d_mode (servers/rendering/renderer_viewport.cpp:979)
ERROR: FSR1 is only available when using the Forward+ renderer.
   at: viewport_set_scaling_3d_mode (servers/rendering/renderer_viewport.cpp:979)
ERROR: FSR1 is only available when using the Forward+ renderer.
   at: viewport_set_scaling_3d_mode (servers/rendering/renderer_viewport.cpp:979)
ERROR: FSR1 is only available when using the Forward+ renderer.
   at: viewport_set_scaling_3d_mode (servers/rendering/renderer_viewport.cpp:979)
ERROR: FSR1 is only available when using the Forward+ renderer.
   at: viewport_set_scaling_3d_mode (servers/rendering/renderer_viewport.cpp:979)
ERROR: FSR1 is only available when using the Forward+ renderer.
   at: viewport_set_scaling_3d_mode (servers/rendering/renderer_viewport.cpp:979)
ERROR: FSR1 is only available when using the Forward+ renderer.
   at: viewport_set_scaling_3d_mode (servers/rendering/renderer_viewport.cpp:979)
ERROR: FSR1 is only available when using the Forward+ renderer.
   at: viewport_set_scaling_3d_mode (servers/rendering/renderer_viewport.cpp:979)
ERROR: FSR1 is only available when using the Forward+ renderer.
   at: viewport_set_scaling_3d_mode (servers/rendering/renderer_viewport.cpp:979)
ERROR: FSR1 is only available when using the Forward+ renderer.
   at: viewport_set_scaling_3d_mode (servers/rendering/renderer_viewport.cpp:979)
ERROR: FSR1 is only available when using the Forward+ renderer.
   at: viewport_set_scaling_3d_mode (servers/rendering/renderer_viewport.cpp:979)
ERROR: FSR1 is only available when using the Forward+ renderer.
   at: viewport_set_scaling_3d_mode (servers/rendering/renderer_viewport.cpp:979)
ERROR: FSR1 is only available when using the Forward+ renderer.
   at: viewport_set_scaling_3d_mode (servers/rendering/renderer_viewport.cpp:979)
ERROR: FSR1 is only available when using the Forward+ renderer.
   at: viewport_set_scaling_3d_mode (servers/rendering/renderer_viewport.cpp:979)
ERROR: FSR1 is only available when using the Forward+ renderer.
   at: viewport_set_scaling_3d_mode (servers/rendering/renderer_viewport.cpp:979)
ERROR: FSR1 is only available when using the Forward+ renderer.
   at: viewport_set_scaling_3d_mode (servers/rendering/renderer_viewport.cpp:979)
ERROR: FSR1 is only available when using the Forward+ renderer.
   at: viewport_set_scaling_3d_mode (servers/rendering/renderer_viewport.cpp:979)
ERROR: FSR1 is only available when using the Forward+ renderer.
   at: viewport_set_scaling_3d_mode (servers/rendering/renderer_viewport.cpp:979)
ERROR: FSR1 is only available when using the Forward+ renderer.
   at: viewport_set_scaling_3d_mode (servers/rendering/renderer_viewport.cpp:979)
ERROR: FSR1 is only available when using the Forward+ renderer.
   at: viewport_set_scaling_3d_mode (servers/rendering/renderer_viewport.cpp:979)
ERROR: FSR1 is only available when using the Forward+ renderer.
   at: viewport_set_scaling_3d_mode (servers/rendering/renderer_viewport.cpp:979)
ERROR: FSR1 is only available when using the Forward+ renderer.
   at: viewport_set_scaling_3d_mode (servers/rendering/renderer_viewport.cpp:979)
ERROR: FSR1 is only available when using the Forward+ renderer.
   at: viewport_set_scaling_3d_mode (servers/rendering/renderer_viewport.cpp:979)
ERROR: FSR1 is only available when using the Forward+ renderer.
   at: viewport_set_scaling_3d_mode (servers/rendering/renderer_viewport.cpp:979)
ERROR: FSR1 is only available when using the Forward+ renderer.
   at: viewport_set_scaling_3d_mode (servers/rendering/renderer_viewport.cpp:979)
ERROR: FSR1 is only available when using the Forward+ renderer.
   at: viewport_set_scaling_3d_mode (servers/rendering/renderer_viewport.cpp:979)
ERROR: FSR1 is only available when using the Forward+ renderer.
   at: viewport_set_scaling_3d_mode (servers/rendering/renderer_viewport.cpp:979)
ERROR: FSR1 is only available when using the Forward+ renderer.
   at: viewport_set_scaling_3d_mode (servers/rendering/renderer_viewport.cpp:979)
ERROR: FSR1 is only available when using the Forward+ renderer.
   at: viewport_set_scaling_3d_mode (servers/rendering/renderer_viewport.cpp:979)
ERROR: FSR1 is only available when using the Forward+ renderer.
   at: viewport_set_scaling_3d_mode (servers/rendering/renderer_viewport.cpp:979)
ERROR: FSR1 is only available when using the Forward+ renderer.
   at: viewport_set_scaling_3d_mode (servers/rendering/renderer_viewport.cpp:979)
ERROR: FSR1 is only available when using the Forward+ renderer.
   at: viewport_set_scaling_3d_mode (servers/rendering/renderer_viewport.cpp:979)
ERROR: FSR1 is only available when using the Forward+ renderer.
   at: viewport_set_scaling_3d_mode (servers/rendering/renderer_viewport.cpp:979)
ERROR: FSR1 is only available when using the Forward+ renderer.
   at: viewport_set_scaling_3d_mode (servers/rendering/renderer_viewport.cpp:979)
ERROR: FSR1 is only available when using the Forward+ renderer.
   at: viewport_set_scaling_3d_mode (servers/rendering/renderer_viewport.cpp:979)
ERROR: FSR1 is only available when using the Forward+ renderer.
   at: viewport_set_scaling_3d_mode (servers/rendering/renderer_viewport.cpp:979)
ERROR: FSR1 is only available when using the Forward+ renderer.
   at: viewport_set_scaling_3d_mode (servers/rendering/renderer_viewport.cpp:979)
ERROR: FSR1 is only available when using the Forward+ renderer.
   at: viewport_set_scaling_3d_mode (servers/rendering/renderer_viewport.cpp:979)
ERROR: FSR1 is only available when using the Forward+ renderer.
   at: viewport_set_scaling_3d_mode (servers/rendering/renderer_viewport.cpp:979)
ERROR: FSR1 is only available when using the Forward+ renderer.
   at: viewport_set_scaling_3d_mode (servers/rendering/renderer_viewport.cpp:979)
ERROR: FSR1 is only available when using the Forward+ renderer.
   at: viewport_set_scaling_3d_mode (servers/rendering/renderer_viewport.cpp:979)
ERROR: FSR1 is only available when using the Forward+ renderer.
   at: viewport_set_scaling_3d_mode (servers/rendering/renderer_viewport.cpp:979)
ERROR: FSR1 is only available when using the Forward+ renderer.
   at: viewport_set_scaling_3d_mode (servers/rendering/renderer_viewport.cpp:979)
ERROR: FSR1 is only available when using the Forward+ renderer.
   at: viewport_set_scaling_3d_mode (servers/rendering/renderer_viewport.cpp:979)
ERROR: FSR1 is only available when using the Forward+ renderer.
   at: viewport_set_scaling_3d_mode (servers/rendering/renderer_viewport.cpp:979)
ERROR: FSR1 is only available when using the Forward+ renderer.
   at: viewport_set_scaling_3d_mode (servers/rendering/renderer_viewport.cpp:979)
ERROR: FSR1 is only available when using the Forward+ renderer.
   at: viewport_set_scaling_3d_mode (servers/rendering/renderer_viewport.cpp:979)
ERROR: FSR1 is only available when using the Forward+ renderer.
   at: viewport_set_scaling_3d_mode (servers/rendering/renderer_viewport.cpp:979)
ERROR: FSR1 is only available when using the Forward+ renderer.
   at: viewport_set_scaling_3d_mode (servers/rendering/renderer_viewport.cpp:979)
ERROR: FSR1 is only available when using the Forward+ renderer.
   at: viewport_set_scaling_3d_mode (servers/rendering/renderer_viewport.cpp:979)
ERROR: FSR1 is only available when using the Forward+ renderer.
   at: viewport_set_scaling_3d_mode (servers/rendering/renderer_viewport.cpp:979)
ERROR: FSR1 is only available when using the Forward+ renderer.
   at: viewport_set_scaling_3d_mode (servers/rendering/renderer_viewport.cpp:979)
ERROR: FSR1 is only available when using the Forward+ renderer.
   at: viewport_set_scaling_3d_mode (servers/rendering/renderer_viewport.cpp:979)
ERROR: FSR1 is only available when using the Forward+ renderer.
   at: viewport_set_scaling_3d_mode (servers/rendering/renderer_viewport.cpp:979)
ERROR: FSR1 is only available when using the Forward+ renderer.
   at: viewport_set_scaling_3d_mode (servers/rendering/renderer_viewport.cpp:979)
ERROR: FSR1 is only available when using the Forward+ renderer.
   at: viewport_set_scaling_3d_mode (servers/rendering/renderer_viewport.cpp:979)
ERROR: FSR1 is only available when using the Forward+ renderer.
   at: viewport_set_scaling_3d_mode (servers/rendering/renderer_viewport.cpp:979)
ERROR: FSR1 is only available when using the Forward+ renderer.
   at: viewport_set_scaling_3d_mode (servers/rendering/renderer_viewport.cpp:979)
ERROR: FSR1 is only available when using the Forward+ renderer.
   at: viewport_set_scaling_3d_mode (servers/rendering/renderer_viewport.cpp:979)
ERROR: FSR1 is only available when using the Forward+ renderer.
   at: viewport_set_scaling_3d_mode (servers/rendering/renderer_viewport.cpp:979)
ERROR: FSR1 is only available when using the Forward+ renderer.
   at: viewport_set_scaling_3d_mode (servers/rendering/renderer_viewport.cpp:979)
ERROR: FSR1 is only available when using the Forward+ renderer.
   at: viewport_set_scaling_3d_mode (servers/rendering/renderer_viewport.cpp:979)
ERROR: FSR1 is only available when using the Forward+ renderer.
   at: viewport_set_scaling_3d_mode (servers/rendering/renderer_viewport.cpp:979)
ERROR: FSR1 is only available when using the Forward+ renderer.
   at: viewport_set_scaling_3d_mode (servers/rendering/renderer_viewport.cpp:979)
ERROR: FSR1 is only available when using the Forward+ renderer.
   at: viewport_set_scaling_3d_mode (servers/rendering/renderer_viewport.cpp:979)
ERROR: FSR1 is only available when using the Forward+ renderer.
   at: viewport_set_scaling_3d_mode (servers/rendering/renderer_viewport.cpp:979)
ERROR: FSR1 is only available when using the Forward+ renderer.
   at: viewport_set_scaling_3d_mode (servers/rendering/renderer_viewport.cpp:979)
ERROR: FSR1 is only available when using the Forward+ renderer.
   at: viewport_set_scaling_3d_mode (servers/rendering/renderer_viewport.cpp:979)
ERROR: FSR1 is only available when using the Forward+ renderer.
   at: viewport_set_scaling_3d_mode (servers/rendering/renderer_viewport.cpp:979)
ERROR: FSR1 is only available when using the Forward+ renderer.
   at: viewport_set_scaling_3d_mode (servers/rendering/renderer_viewport.cpp:979)
ERROR: FSR1 is only available when using the Forward+ renderer.
   at: viewport_set_scaling_3d_mode (servers/rendering/renderer_viewport.cpp:979)
ERROR: FSR1 is only available when using the Forward+ renderer.
   at: viewport_set_scaling_3d_mode (servers/rendering/renderer_viewport.cpp:979)
ERROR: FSR1 is only available when using the Forward+ renderer.
   at: viewport_set_scaling_3d_mode (servers/rendering/renderer_viewport.cpp:979)
ERROR: FSR1 is only available when using the Forward+ renderer.
   at: viewport_set_scaling_3d_mode (servers/rendering/renderer_viewport.cpp:979)
ERROR: FSR1 is only available when using the Forward+ renderer.
   at: viewport_set_scaling_3d_mode (servers/rendering/renderer_viewport.cpp:979)
ERROR: FSR1 is only available when using the Forward+ renderer.
   at: viewport_set_scaling_3d_mode (servers/rendering/renderer_viewport.cpp:979)
ERROR: FSR1 is only available when using the Forward+ renderer.
   at: viewport_set_scaling_3d_mode (servers/rendering/renderer_viewport.cpp:979)
ERROR: FSR1 is only available when using the Forward+ renderer.
   at: viewport_set_scaling_3d_mode (servers/rendering/renderer_viewport.cpp:979)
ERROR: FSR1 is only available when using the Forward+ renderer.
   at: viewport_set_scaling_3d_mode (servers/rendering/renderer_viewport.cpp:979)
ERROR: FSR1 is only available when using the Forward+ renderer.
   at: viewport_set_scaling_3d_mode (servers/rendering/renderer_viewport.cpp:979)
ERROR: FSR1 is only available when using the Forward+ renderer.
   at: viewport_set_scaling_3d_mode (servers/rendering/renderer_viewport.cpp:979)
ERROR: FSR1 is only available when using the Forward+ renderer.
   at: viewport_set_scaling_3d_mode (servers/rendering/renderer_viewport.cpp:979)
ERROR: FSR1 is only available when using the Forward+ renderer.
   at: viewport_set_scaling_3d_mode (servers/rendering/renderer_viewport.cpp:979)
ERROR: FSR1 is only available when using the Forward+ renderer.
   at: viewport_set_scaling_3d_mode (servers/rendering/renderer_viewport.cpp:979)
ERROR: FSR1 is only available when using the Forward+ renderer.
   at: viewport_set_scaling_3d_mode (servers/rendering/renderer_viewport.cpp:979)
ERROR: FSR1 is only available when using the Forward+ renderer.
   at: viewport_set_scaling_3d_mode (servers/rendering/renderer_viewport.cpp:979)
ERROR: FSR1 is only available when using the Forward+ renderer.
   at: viewport_set_scaling_3d_mode (servers/rendering/renderer_viewport.cpp:979)
ERROR: FSR1 is only available when using the Forward+ renderer.
   at: viewport_set_scaling_3d_mode (servers/rendering/renderer_viewport.cpp:979)
ERROR: FSR1 is only available when using the Forward+ renderer.
   at: viewport_set_scaling_3d_mode (servers/rendering/renderer_viewport.cpp:979)
ERROR: FSR1 is only available when using the Forward+ renderer.
   at: viewport_set_scaling_3d_mode (servers/rendering/renderer_viewport.cpp:979)
ERROR: FSR1 is only available when using the Forward+ renderer.
   at: viewport_set_scaling_3d_mode (servers/rendering/renderer_viewport.cpp:979)
ERROR: FSR1 is only available when using the Forward+ renderer.
   at: viewport_set_scaling_3d_mode (servers/rendering/renderer_viewport.cpp:979)
ERROR: FSR1 is only available when using the Forward+ renderer.
   at: viewport_set_scaling_3d_mode (servers/rendering/renderer_viewport.cpp:979)
ERROR: FSR1 is only available when using the Forward+ renderer.
   at: viewport_set_scaling_3d_mode (servers/rendering/renderer_viewport.cpp:979)
ERROR: FSR1 is only available when using the Forward+ renderer.
   at: viewport_set_scaling_3d_mode (servers/rendering/renderer_viewport.cpp:979)
ERROR: FSR1 is only available when using the Forward+ renderer.
   at: viewport_set_scaling_3d_mode (servers/rendering/renderer_viewport.cpp:979)
ERROR: FSR1 is only available when using the Forward+ renderer.
   at: viewport_set_scaling_3d_mode (servers/rendering/renderer_viewport.cpp:979)
ERROR: FSR1 is only available when using the Forward+ renderer.
   at: viewport_set_scaling_3d_mode (servers/rendering/renderer_viewport.cpp:979)
ERROR: FSR1 is only available when using the Forward+ renderer.
   at: viewport_set_scaling_3d_mode (servers/rendering/renderer_viewport.cpp:979)
ERROR: FSR1 is only available when using the Forward+ renderer.
   at: viewport_set_scaling_3d_mode (servers/rendering/renderer_viewport.cpp:979)
ERROR: FSR1 is only available when using the Forward+ renderer.
   at: viewport_set_scaling_3d_mode (servers/rendering/renderer_viewport.cpp:979)
ERROR: FSR1 is only available when using the Forward+ renderer.
   at: viewport_set_scaling_3d_mode (servers/rendering/renderer_viewport.cpp:979)
ERROR: FSR1 is only available when using the Forward+ renderer.
   at: viewport_set_scaling_3d_mode (servers/rendering/renderer_viewport.cpp:979)
ERROR: FSR1 is only available when using the Forward+ renderer.
   at: viewport_set_scaling_3d_mode (servers/rendering/renderer_viewport.cpp:979)
ERROR: FSR1 is only available when using the Forward+ renderer.
   at: viewport_set_scaling_3d_mode (servers/rendering/renderer_viewport.cpp:979)
ERROR: FSR1 is only available when using the Forward+ renderer.
   at: viewport_set_scaling_3d_mode (servers/rendering/renderer_viewport.cpp:979)
ERROR: FSR1 is only available when using the Forward+ renderer.
   at: viewport_set_scaling_3d_mode (servers/rendering/renderer_viewport.cpp:979)
ERROR: FSR1 is only available when using the Forward+ renderer.
   at: viewport_set_scaling_3d_mode (servers/rendering/renderer_viewport.cpp:979)
ERROR: FSR1 is only available when using the Forward+ renderer.
   at: viewport_set_scaling_3d_mode (servers/rendering/renderer_viewport.cpp:979)
ERROR: FSR1 is only available when using the Forward+ renderer.
   at: viewport_set_scaling_3d_mode (servers/rendering/renderer_viewport.cpp:979)
ERROR: FSR1 is only available when using the Forward+ renderer.
   at: viewport_set_scaling_3d_mode (servers/rendering/renderer_viewport.cpp:979)
ERROR: FSR1 is only available when using the Forward+ renderer.
   at: viewport_set_scaling_3d_mode (servers/rendering/renderer_viewport.cpp:979)
ERROR: FSR1 is only available when using the Forward+ renderer.
   at: viewport_set_scaling_3d_mode (servers/rendering/renderer_viewport.cpp:979)
ERROR: FSR1 is only available when using the Forward+ renderer.
   at: viewport_set_scaling_3d_mode (servers/rendering/renderer_viewport.cpp:979)
ERROR: FSR1 is only available when using the Forward+ renderer.
   at: viewport_set_scaling_3d_mode (servers/rendering/renderer_viewport.cpp:979)
ERROR: FSR1 is only available when using the Forward+ renderer.
   at: viewport_set_scaling_3d_mode (servers/rendering/renderer_viewport.cpp:979)
ERROR: FSR1 is only available when using the Forward+ renderer.
   at: viewport_set_scaling_3d_mode (servers/rendering/renderer_viewport.cpp:979)
ERROR: FSR1 is only available when using the Forward+ renderer.
   at: viewport_set_scaling_3d_mode (servers/rendering/renderer_viewport.cpp:979)
ERROR: FSR1 is only available when using the Forward+ renderer.
   at: viewport_set_scaling_3d_mode (servers/rendering/renderer_viewport.cpp:979)
ERROR: FSR1 is only available when using the Forward+ renderer.
   at: viewport_set_scaling_3d_mode (servers/rendering/renderer_viewport.cpp:979)
ERROR: FSR1 is only available when using the Forward+ renderer.
   at: viewport_set_scaling_3d_mode (servers/rendering/renderer_viewport.cpp:979)
ERROR: FSR1 is only available when using the Forward+ renderer.
   at: viewport_set_scaling_3d_mode (servers/rendering/renderer_viewport.cpp:979)
ERROR: FSR1 is only available when using the Forward+ renderer.
   at: viewport_set_scaling_3d_mode (servers/rendering/renderer_viewport.cpp:979)
ERROR: FSR1 is only available when using the Forward+ renderer.
   at: viewport_set_scaling_3d_mode (servers/rendering/renderer_viewport.cpp:979)
ERROR: FSR1 is only available when using the Forward+ renderer.
   at: viewport_set_scaling_3d_mode (servers/rendering/renderer_viewport.cpp:979)
ERROR: FSR1 is only available when using the Forward+ renderer.
   at: viewport_set_scaling_3d_mode (servers/rendering/renderer_viewport.cpp:979)
ERROR: FSR1 is only available when using the Forward+ renderer.
   at: viewport_set_scaling_3d_mode (servers/rendering/renderer_viewport.cpp:979)
ERROR: FSR1 is only available when using the Forward+ renderer.
   at: viewport_set_scaling_3d_mode (servers/rendering/renderer_viewport.cpp:979)
ERROR: FSR1 is only available when using the Forward+ renderer.
   at: viewport_set_scaling_3d_mode (servers/rendering/renderer_viewport.cpp:979)
ERROR: FSR1 is only available when using the Forward+ renderer.
   at: viewport_set_scaling_3d_mode (servers/rendering/renderer_viewport.cpp:979)
ERROR: FSR1 is only available when using the Forward+ renderer.
   at: viewport_set_scaling_3d_mode (servers/rendering/renderer_viewport.cpp:979)
ERROR: FSR1 is only available when using the Forward+ renderer.
   at: viewport_set_scaling_3d_mode (servers/rendering/renderer_viewport.cpp:979)
ERROR: FSR1 is only available when using the Forward+ renderer.
   at: viewport_set_scaling_3d_mode (servers/rendering/renderer_viewport.cpp:979)
ERROR: FSR1 is only available when using the Forward+ renderer.
   at: viewport_set_scaling_3d_mode (servers/rendering/renderer_viewport.cpp:979)
ERROR: FSR1 is only available when using the Forward+ renderer.
   at: viewport_set_scaling_3d_mode (servers/rendering/renderer_viewport.cpp:979)
ERROR: FSR1 is only available when using the Forward+ renderer.
   at: viewport_set_scaling_3d_mode (servers/rendering/renderer_viewport.cpp:979)
ERROR: FSR1 is only available when using the Forward+ renderer.
   at: viewport_set_scaling_3d_mode (servers/rendering/renderer_viewport.cpp:979)
ERROR: FSR1 is only available when using the Forward+ renderer.
   at: viewport_set_scaling_3d_mode (servers/rendering/renderer_viewport.cpp:979)
ERROR: FSR1 is only available when using the Forward+ renderer.
   at: viewport_set_scaling_3d_mode (servers/rendering/renderer_viewport.cpp:979)
ERROR: FSR1 is only available when using the Forward+ renderer.
   at: viewport_set_scaling_3d_mode (servers/rendering/renderer_viewport.cpp:979)
ERROR: FSR1 is only available when using the Forward+ renderer.
   at: viewport_set_scaling_3d_mode (servers/rendering/renderer_viewport.cpp:979)
ERROR: FSR1 is only available when using the Forward+ renderer.
   at: viewport_set_scaling_3d_mode (servers/rendering/renderer_viewport.cpp:979)
ERROR: FSR1 is only available when using the Forward+ renderer.
   at: viewport_set_scaling_3d_mode (servers/rendering/renderer_viewport.cpp:979)
ERROR: FSR1 is only available when using the Forward+ renderer.
   at: viewport_set_scaling_3d_mode (servers/rendering/renderer_viewport.cpp:979)
ERROR: FSR1 is only available when using the Forward+ renderer.
   at: viewport_set_scaling_3d_mode (servers/rendering/renderer_viewport.cpp:979)
ERROR: FSR1 is only available when using the Forward+ renderer.
   at: viewport_set_scaling_3d_mode (servers/rendering/renderer_viewport.cpp:979)
ERROR: FSR1 is only available when using the Forward+ renderer.
   at: viewport_set_scaling_3d_mode (servers/rendering/renderer_viewport.cpp:979)
ERROR: FSR1 is only available when using the Forward+ renderer.
   at: viewport_set_scaling_3d_mode (servers/rendering/renderer_viewport.cpp:979)
ERROR: FSR1 is only available when using the Forward+ renderer.
   at: viewport_set_scaling_3d_mode (servers/rendering/renderer_viewport.cpp:979)
ERROR: FSR1 is only available when using the Forward+ renderer.
   at: viewport_set_scaling_3d_mode (servers/rendering/renderer_viewport.cpp:979)
ERROR: FSR1 is only available when using the Forward+ renderer.
   at: viewport_set_scaling_3d_mode (servers/rendering/renderer_viewport.cpp:979)
ERROR: FSR1 is only available when using the Forward+ renderer.
   at: viewport_set_scaling_3d_mode (servers/rendering/renderer_viewport.cpp:979)
ERROR: FSR1 is only available when using the Forward+ renderer.
   at: viewport_set_scaling_3d_mode (servers/rendering/renderer_viewport.cpp:979)
ERROR: FSR1 is only available when using the Forward+ renderer.
   at: viewport_set_scaling_3d_mode (servers/rendering/renderer_viewport.cpp:979)
ERROR: FSR1 is only available when using the Forward+ renderer.
   at: viewport_set_scaling_3d_mode (servers/rendering/renderer_viewport.cpp:979)
ERROR: FSR1 is only available when using the Forward+ renderer.
   at: viewport_set_scaling_3d_mode (servers/rendering/renderer_viewport.cpp:979)
ERROR: FSR1 is only available when using the Forward+ renderer.
   at: viewport_set_scaling_3d_mode (servers/rendering/renderer_viewport.cpp:979)
ERROR: FSR1 is only available when using the Forward+ renderer.
   at: viewport_set_scaling_3d_mode (servers/rendering/renderer_viewport.cpp:979)
ERROR: FSR1 is only available when using the Forward+ renderer.
   at: viewport_set_scaling_3d_mode (servers/rendering/renderer_viewport.cpp:979)
ERROR: FSR1 is only available when using the Forward+ renderer.
   at: viewport_set_scaling_3d_mode (servers/rendering/renderer_viewport.cpp:979)
ERROR: FSR1 is only available when using the Forward+ renderer.
   at: viewport_set_scaling_3d_mode (servers/rendering/renderer_viewport.cpp:979)
ERROR: FSR1 is only available when using the Forward+ renderer.
   at: viewport_set_scaling_3d_mode (servers/rendering/renderer_viewport.cpp:979)
ERROR: FSR1 is only available when using the Forward+ renderer.
   at: viewport_set_scaling_3d_mode (servers/rendering/renderer_viewport.cpp:979)
ERROR: FSR1 is only available when using the Forward+ renderer.
   at: viewport_set_scaling_3d_mode (servers/rendering/renderer_viewport.cpp:979)
ERROR: FSR1 is only available when using the Forward+ renderer.
   at: viewport_set_scaling_3d_mode (servers/rendering/renderer_viewport.cpp:979)
ERROR: FSR1 is only available when using the Forward+ renderer.
   at: viewport_set_scaling_3d_mode (servers/rendering/renderer_viewport.cpp:979)
ERROR: FSR1 is only available when using the Forward+ renderer.
   at: viewport_set_scaling_3d_mode (servers/rendering/renderer_viewport.cpp:979)
ERROR: FSR1 is only available when using the Forward+ renderer.
   at: viewport_set_scaling_3d_mode (servers/rendering/renderer_viewport.cpp:979)
ERROR: FSR1 is only available when using the Forward+ renderer.
   at: viewport_set_scaling_3d_mode (servers/rendering/renderer_viewport.cpp:979)
ERROR: FSR1 is only available when using the Forward+ renderer.
   at: viewport_set_scaling_3d_mode (servers/rendering/renderer_viewport.cpp:979)
ERROR: FSR1 is only available when using the Forward+ renderer.
   at: viewport_set_scaling_3d_mode (servers/rendering/renderer_viewport.cpp:979)
ERROR: FSR1 is only available when using the Forward+ renderer.
   at: viewport_set_scaling_3d_mode (servers/rendering/renderer_viewport.cpp:979)
ERROR: FSR1 is only available when using the Forward+ renderer.
   at: viewport_set_scaling_3d_mode (servers/rendering/renderer_viewport.cpp:979)
ERROR: FSR1 is only available when using the Forward+ renderer.
   at: viewport_set_scaling_3d_mode (servers/rendering/renderer_viewport.cpp:979)
ERROR: FSR1 is only available when using the Forward+ renderer.
   at: viewport_set_scaling_3d_mode (servers/rendering/renderer_viewport.cpp:979)
ERROR: FSR1 is only available when using the Forward+ renderer.
   at: viewport_set_scaling_3d_mode (servers/rendering/renderer_viewport.cpp:979)
ERROR: FSR1 is only available when using the Forward+ renderer.
   at: viewport_set_scaling_3d_mode (servers/rendering/renderer_viewport.cpp:979)
ERROR: FSR1 is only available when using the Forward+ renderer.
   at: viewport_set_scaling_3d_mode (servers/rendering/renderer_viewport.cpp:979)
ERROR: FSR1 is only available when using the Forward+ renderer.
   at: viewport_set_scaling_3d_mode (servers/rendering/renderer_viewport.cpp:979)
ERROR: FSR1 is only available when using the Forward+ renderer.
   at: viewport_set_scaling_3d_mode (servers/rendering/renderer_viewport.cpp:979)
ERROR: FSR1 is only available when using the Forward+ renderer.
   at: viewport_set_scaling_3d_mode (servers/rendering/renderer_viewport.cpp:979)
ERROR: FSR1 is only available when using the Forward+ renderer.
   at: viewport_set_scaling_3d_mode (servers/rendering/renderer_viewport.cpp:979)
ERROR: FSR1 is only available when using the Forward+ renderer.
   at: viewport_set_scaling_3d_mode (servers/rendering/renderer_viewport.cpp:979)
ERROR: FSR1 is only available when using the Forward+ renderer.
   at: viewport_set_scaling_3d_mode (servers/rendering/renderer_viewport.cpp:979)
ERROR: FSR1 is only available when using the Forward+ renderer.
   at: viewport_set_scaling_3d_mode (servers/rendering/renderer_viewport.cpp:979)
ERROR: FSR1 is only available when using the Forward+ renderer.
   at: viewport_set_scaling_3d_mode (servers/rendering/renderer_viewport.cpp:979)
ERROR: FSR1 is only available when using the Forward+ renderer.
   at: viewport_set_scaling_3d_mode (servers/rendering/renderer_viewport.cpp:979)
ERROR: FSR1 is only available when using the Forward+ renderer.
   at: viewport_set_scaling_3d_mode (servers/rendering/renderer_viewport.cpp:979)
ERROR: FSR1 is only available when using the Forward+ renderer.
   at: viewport_set_scaling_3d_mode (servers/rendering/renderer_viewport.cpp:979)
ERROR: FSR1 is only available when using the Forward+ renderer.
   at: viewport_set_scaling_3d_mode (servers/rendering/renderer_viewport.cpp:979)
ERROR: FSR1 is only available when using the Forward+ renderer.
   at: viewport_set_scaling_3d_mode (servers/rendering/renderer_viewport.cpp:979)
ERROR: FSR1 is only available when using the Forward+ renderer.
   at: viewport_set_scaling_3d_mode (servers/rendering/renderer_viewport.cpp:979)
ERROR: FSR1 is only available when using the Forward+ renderer.
   at: viewport_set_scaling_3d_mode (servers/rendering/renderer_viewport.cpp:979)
ERROR: FSR1 is only available when using the Forward+ renderer.
   at: viewport_set_scaling_3d_mode (servers/rendering/renderer_viewport.cpp:979)
ERROR: FSR1 is only available when using the Forward+ renderer.
   at: viewport_set_scaling_3d_mode (servers/rendering/renderer_viewport.cpp:979)
ERROR: FSR1 is only available when using the Forward+ renderer.
   at: viewport_set_scaling_3d_mode (servers/rendering/renderer_viewport.cpp:979)
ERROR: FSR1 is only available when using the Forward+ renderer.
   at: viewport_set_scaling_3d_mode (servers/rendering/renderer_viewport.cpp:979)
ERROR: FSR1 is only available when using the Forward+ renderer.
   at: viewport_set_scaling_3d_mode (servers/rendering/renderer_viewport.cpp:979)
ERROR: FSR1 is only available when using the Forward+ renderer.
   at: viewport_set_scaling_3d_mode (servers/rendering/renderer_viewport.cpp:979)
ERROR: FSR1 is only available when using the Forward+ renderer.
   at: viewport_set_scaling_3d_mode (servers/rendering/renderer_viewport.cpp:979)
ERROR: FSR1 is only available when using the Forward+ renderer.
   at: viewport_set_scaling_3d_mode (servers/rendering/renderer_viewport.cpp:979)
ERROR: FSR1 is only available when using the Forward+ renderer.
   at: viewport_set_scaling_3d_mode (servers/rendering/renderer_viewport.cpp:979)
ERROR: FSR1 is only available when using the Forward+ renderer.
   at: viewport_set_scaling_3d_mode (servers/rendering/renderer_viewport.cpp:979)
ERROR: FSR1 is only available when using the Forward+ renderer.
   at: viewport_set_scaling_3d_mode (servers/rendering/renderer_viewport.cpp:979)
ERROR: FSR1 is only available when using the Forward+ renderer.
   at: viewport_set_scaling_3d_mode (servers/rendering/renderer_viewport.cpp:979)
ERROR: FSR1 is only available when using the Forward+ renderer.
   at: viewport_set_scaling_3d_mode (servers/rendering/renderer_viewport.cpp:979)
ERROR: FSR1 is only available when using the Forward+ renderer.
   at: viewport_set_scaling_3d_mode (servers/rendering/renderer_viewport.cpp:979)
ERROR: FSR1 is only available when using the Forward+ renderer.
   at: viewport_set_scaling_3d_mode (servers/rendering/renderer_viewport.cpp:979)
ERROR: FSR1 is only available when using the Forward+ renderer.
   at: viewport_set_scaling_3d_mode (servers/rendering/renderer_viewport.cpp:979)
ERROR: FSR1 is only available when using the Forward+ renderer.
   at: viewport_set_scaling_3d_mode (servers/rendering/renderer_viewport.cpp:979)
ERROR: FSR1 is only available when using the Forward+ renderer.
   at: viewport_set_scaling_3d_mode (servers/rendering/renderer_viewport.cpp:979)
ERROR: FSR1 is only available when using the Forward+ renderer.
   at: viewport_set_scaling_3d_mode (servers/rendering/renderer_viewport.cpp:979)
ERROR: FSR1 is only available when using the Forward+ renderer.
   at: viewport_set_scaling_3d_mode (servers/rendering/renderer_viewport.cpp:979)
ERROR: FSR1 is only available when using the Forward+ renderer.
   at: viewport_set_scaling_3d_mode (servers/rendering/renderer_viewport.cpp:979)
ERROR: FSR1 is only available when using the Forward+ renderer.
   at: viewport_set_scaling_3d_mode (servers/rendering/renderer_viewport.cpp:979)
ERROR: FSR1 is only available when using the Forward+ renderer.
   at: viewport_set_scaling_3d_mode (servers/rendering/renderer_viewport.cpp:979)
ERROR: FSR1 is only available when using the Forward+ renderer.
   at: viewport_set_scaling_3d_mode (servers/rendering/renderer_viewport.cpp:979)
ERROR: FSR1 is only available when using the Forward+ renderer.
   at: viewport_set_scaling_3d_mode (servers/rendering/renderer_viewport.cpp:979)
ERROR: FSR1 is only available when using the Forward+ renderer.
   at: viewport_set_scaling_3d_mode (servers/rendering/renderer_viewport.cpp:979)
ERROR: FSR1 is only available when using the Forward+ renderer.
   at: viewport_set_scaling_3d_mode (servers/rendering/renderer_viewport.cpp:979)
ERROR: FSR1 is only available when using the Forward+ renderer.
   at: viewport_set_scaling_3d_mode (servers/rendering/renderer_viewport.cpp:979)
ERROR: FSR1 is only available when using the Forward+ renderer.
   at: viewport_set_scaling_3d_mode (servers/rendering/renderer_viewport.cpp:979)
ERROR: FSR1 is only available when using the Forward+ renderer.
   at: viewport_set_scaling_3d_mode (servers/rendering/renderer_viewport.cpp:979)
ERROR: FSR1 is only available when using the Forward+ renderer.
   at: viewport_set_scaling_3d_mode (servers/rendering/renderer_viewport.cpp:979)
ERROR: FSR1 is only available when using the Forward+ renderer.
   at: viewport_set_scaling_3d_mode (servers/rendering/renderer_viewport.cpp:979)
ERROR: FSR1 is only available when using the Forward+ renderer.
   at: viewport_set_scaling_3d_mode (servers/rendering/renderer_viewport.cpp:979)
ERROR: FSR1 is only available when using the Forward+ renderer.
   at: viewport_set_scaling_3d_mode (servers/rendering/renderer_viewport.cpp:979)
ERROR: FSR1 is only available when using the Forward+ renderer.
   at: viewport_set_scaling_3d_mode (servers/rendering/renderer_viewport.cpp:979)
ERROR: FSR1 is only available when using the Forward+ renderer.
   at: viewport_set_scaling_3d_mode (servers/rendering/renderer_viewport.cpp:979)
ERROR: FSR1 is only available when using the Forward+ renderer.
   at: viewport_set_scaling_3d_mode (servers/rendering/renderer_viewport.cpp:979)
ERROR: FSR1 is only available when using the Forward+ renderer.
   at: viewport_set_scaling_3d_mode (servers/rendering/renderer_viewport.cpp:979)
ERROR: FSR1 is only available when using the Forward+ renderer.
   at: viewport_set_scaling_3d_mode (servers/rendering/renderer_viewport.cpp:979)
ERROR: FSR1 is only available when using the Forward+ renderer.
   at: viewport_set_scaling_3d_mode (servers/rendering/renderer_viewport.cpp:979)
ERROR: FSR1 is only available when using the Forward+ renderer.
   at: viewport_set_scaling_3d_mode (servers/rendering/renderer_viewport.cpp:979)
ERROR: FSR1 is only available when using the Forward+ renderer.
   at: viewport_set_scaling_3d_mode (servers/rendering/renderer_viewport.cpp:979)
ERROR: FSR1 is only available when using the Forward+ renderer.
   at: viewport_set_scaling_3d_mode (servers/rendering/renderer_viewport.cpp:979)
ERROR: FSR1 is only available when using the Forward+ renderer.
   at: viewport_set_scaling_3d_mode (servers/rendering/renderer_viewport.cpp:979)
ERROR: FSR1 is only available when using the Forward+ renderer.
   at: viewport_set_scaling_3d_mode (servers/rendering/renderer_viewport.cpp:979)
ERROR: FSR1 is only available when using the Forward+ renderer.
   at: viewport_set_scaling_3d_mode (servers/rendering/renderer_viewport.cpp:979)
ERROR: FSR1 is only available when using the Forward+ renderer.
   at: viewport_set_scaling_3d_mode (servers/rendering/renderer_viewport.cpp:979)
ERROR: FSR1 is only available when using the Forward+ renderer.
   at: viewport_set_scaling_3d_mode (servers/rendering/renderer_viewport.cpp:979)
ERROR: FSR1 is only available when using the Forward+ renderer.
   at: viewport_set_scaling_3d_mode (servers/rendering/renderer_viewport.cpp:979)
ERROR: FSR1 is only available when using the Forward+ renderer.
   at: viewport_set_scaling_3d_mode (servers/rendering/renderer_viewport.cpp:979)
ERROR: FSR1 is only available when using the Forward+ renderer.
   at: viewport_set_scaling_3d_mode (servers/rendering/renderer_viewport.cpp:979)
ERROR: FSR1 is only available when using the Forward+ renderer.
   at: viewport_set_scaling_3d_mode (servers/rendering/renderer_viewport.cpp:979)
ERROR: FSR1 is only available when using the Forward+ renderer.
   at: viewport_set_scaling_3d_mode (servers/rendering/renderer_viewport.cpp:979)
ERROR: FSR1 is only available when using the Forward+ renderer.
   at: viewport_set_scaling_3d_mode (servers/rendering/renderer_viewport.cpp:979)
ERROR: FSR1 is only available when using the Forward+ renderer.
   at: viewport_set_scaling_3d_mode (servers/rendering/renderer_viewport.cpp:979)
ERROR: FSR1 is only available when using the Forward+ renderer.
   at: viewport_set_scaling_3d_mode (servers/rendering/renderer_viewport.cpp:979)
ERROR: FSR1 is only available when using the Forward+ renderer.
   at: viewport_set_scaling_3d_mode (servers/rendering/renderer_viewport.cpp:979)
ERROR: FSR1 is only available when using the Forward+ renderer.
   at: viewport_set_scaling_3d_mode (servers/rendering/renderer_viewport.cpp:979)
ERROR: FSR1 is only available when using the Forward+ renderer.
   at: viewport_set_scaling_3d_mode (servers/rendering/renderer_viewport.cpp:979)
ERROR: FSR1 is only available when using the Forward+ renderer.
   at: viewport_set_scaling_3d_mode (servers/rendering/renderer_viewport.cpp:979)
ERROR: FSR1 is only available when using the Forward+ renderer.
   at: viewport_set_scaling_3d_mode (servers/rendering/renderer_viewport.cpp:979)
ERROR: FSR1 is only available when using the Forward+ renderer.
   at: viewport_set_scaling_3d_mode (servers/rendering/renderer_viewport.cpp:979)
ERROR: FSR1 is only available when using the Forward+ renderer.
   at: viewport_set_scaling_3d_mode (servers/rendering/renderer_viewport.cpp:979)
ERROR: FSR1 is only available when using the Forward+ renderer.
   at: viewport_set_scaling_3d_mode (servers/rendering/renderer_viewport.cpp:979)
ERROR: FSR1 is only available when using the Forward+ renderer.
   at: viewport_set_scaling_3d_mode (servers/rendering/renderer_viewport.cpp:979)
ERROR: FSR1 is only available when using the Forward+ renderer.
   at: viewport_set_scaling_3d_mode (servers/rendering/renderer_viewport.cpp:979)
ERROR: FSR1 is only available when using the Forward+ renderer.
   at: viewport_set_scaling_3d_mode (servers/rendering/renderer_viewport.cpp:979)
ERROR: FSR1 is only available when using the Forward+ renderer.
   at: viewport_set_scaling_3d_mode (servers/rendering/renderer_viewport.cpp:979)
ERROR: FSR1 is only available when using the Forward+ renderer.
   at: viewport_set_scaling_3d_mode (servers/rendering/renderer_viewport.cpp:979)
ERROR: FSR1 is only available when using the Forward+ renderer.
   at: viewport_set_scaling_3d_mode (servers/rendering/renderer_viewport.cpp:979)
ERROR: FSR1 is only available when using the Forward+ renderer.
   at: viewport_set_scaling_3d_mode (servers/rendering/renderer_viewport.cpp:979)
ERROR: FSR1 is only available when using the Forward+ renderer.
   at: viewport_set_scaling_3d_mode (servers/rendering/renderer_viewport.cpp:979)
ERROR: FSR1 is only available when using the Forward+ renderer.
   at: viewport_set_scaling_3d_mode (servers/rendering/renderer_viewport.cpp:979)
ERROR: FSR1 is only available when using the Forward+ renderer.
   at: viewport_set_scaling_3d_mode (servers/rendering/renderer_viewport.cpp:979)
ERROR: FSR1 is only available when using the Forward+ renderer.
   at: viewport_set_scaling_3d_mode (servers/rendering/renderer_viewport.cpp:979)
ERROR: FSR1 is only available when using the Forward+ renderer.
   at: viewport_set_scaling_3d_mode (servers/rendering/renderer_viewport.cpp:979)
ERROR: FSR1 is only available when using the Forward+ renderer.
   at: viewport_set_scaling_3d_mode (servers/rendering/renderer_viewport.cpp:979)
ERROR: FSR1 is only available when using the Forward+ renderer.
   at: viewport_set_scaling_3d_mode (servers/rendering/renderer_viewport.cpp:979)
ERROR: FSR1 is only available when using the Forward+ renderer.
   at: viewport_set_scaling_3d_mode (servers/rendering/renderer_viewport.cpp:979)
ERROR: FSR1 is only available when using the Forward+ renderer.
   at: viewport_set_scaling_3d_mode (servers/rendering/renderer_viewport.cpp:979)
ERROR: FSR1 is only available when using the Forward+ renderer.
   at: viewport_set_scaling_3d_mode (servers/rendering/renderer_viewport.cpp:979)
ERROR: FSR1 is only available when using the Forward+ renderer.
   at: viewport_set_scaling_3d_mode (servers/rendering/renderer_viewport.cpp:979)
ERROR: FSR1 is only available when using the Forward+ renderer.
   at: viewport_set_scaling_3d_mode (servers/rendering/renderer_viewport.cpp:979)
ERROR: FSR1 is only available when using the Forward+ renderer.
   at: viewport_set_scaling_3d_mode (servers/rendering/renderer_viewport.cpp:979)
ERROR: FSR1 is only available when using the Forward+ renderer.
   at: viewport_set_scaling_3d_mode (servers/rendering/renderer_viewport.cpp:979)
ERROR: FSR1 is only available when using the Forward+ renderer.
   at: viewport_set_scaling_3d_mode (servers/rendering/renderer_viewport.cpp:979)
ERROR: FSR1 is only available when using the Forward+ renderer.
   at: viewport_set_scaling_3d_mode (servers/rendering/renderer_viewport.cpp:979)
ERROR: FSR1 is only available when using the Forward+ renderer.
   at: viewport_set_scaling_3d_mode (servers/rendering/renderer_viewport.cpp:979)
ERROR: FSR1 is only available when using the Forward+ renderer.
   at: viewport_set_scaling_3d_mode (servers/rendering/renderer_viewport.cpp:979)
ERROR: FSR1 is only available when using the Forward+ renderer.
   at: viewport_set_scaling_3d_mode (servers/rendering/renderer_viewport.cpp:979)
ERROR: FSR1 is only available when using the Forward+ renderer.
   at: viewport_set_scaling_3d_mode (servers/rendering/renderer_viewport.cpp:979)
ERROR: FSR1 is only available when using the Forward+ renderer.
   at: viewport_set_scaling_3d_mode (servers/rendering/renderer_viewport.cpp:979)
ERROR: FSR1 is only available when using the Forward+ renderer.
   at: viewport_set_scaling_3d_mode (servers/rendering/renderer_viewport.cpp:979)
ERROR: FSR1 is only available when using the Forward+ renderer.
   at: viewport_set_scaling_3d_mode (servers/rendering/renderer_viewport.cpp:979)
ERROR: FSR1 is only available when using the Forward+ renderer.
   at: viewport_set_scaling_3d_mode (servers/rendering/renderer_viewport.cpp:979)
ERROR: FSR1 is only available when using the Forward+ renderer.
   at: viewport_set_scaling_3d_mode (servers/rendering/renderer_viewport.cpp:979)
ERROR: FSR1 is only available when using the Forward+ renderer.
   at: viewport_set_scaling_3d_mode (servers/rendering/renderer_viewport.cpp:979)
ERROR: FSR1 is only available when using the Forward+ renderer.
   at: viewport_set_scaling_3d_mode (servers/rendering/renderer_viewport.cpp:979)
ERROR: FSR1 is only available when using the Forward+ renderer.
   at: viewport_set_scaling_3d_mode (servers/rendering/renderer_viewport.cpp:979)
ERROR: FSR1 is only available when using the Forward+ renderer.
   at: viewport_set_scaling_3d_mode (servers/rendering/renderer_viewport.cpp:979)
ERROR: FSR1 is only available when using the Forward+ renderer.
   at: viewport_set_scaling_3d_mode (servers/rendering/renderer_viewport.cpp:979)
ERROR: FSR1 is only available when using the Forward+ renderer.
   at: viewport_set_scaling_3d_mode (servers/rendering/renderer_viewport.cpp:979)
ERROR: FSR1 is only available when using the Forward+ renderer.
   at: viewport_set_scaling_3d_mode (servers/rendering/renderer_viewport.cpp:979)
ERROR: FSR1 is only available when using the Forward+ renderer.
   at: viewport_set_scaling_3d_mode (servers/rendering/renderer_viewport.cpp:979)
ERROR: FSR1 is only available when using the Forward+ renderer.
   at: viewport_set_scaling_3d_mode (servers/rendering/renderer_viewport.cpp:979)
ERROR: FSR1 is only available when using the Forward+ renderer.
   at: viewport_set_scaling_3d_mode (servers/rendering/renderer_viewport.cpp:979)
ERROR: FSR1 is only available when using the Forward+ renderer.
   at: viewport_set_scaling_3d_mode (servers/rendering/renderer_viewport.cpp:979)
ERROR: FSR1 is only available when using the Forward+ renderer.
   at: viewport_set_scaling_3d_mode (servers/rendering/renderer_viewport.cpp:979)
ERROR: FSR1 is only available when using the Forward+ renderer.
   at: viewport_set_scaling_3d_mode (servers/rendering/renderer_viewport.cpp:979)
ERROR: FSR1 is only available when using the Forward+ renderer.
   at: viewport_set_scaling_3d_mode (servers/rendering/renderer_viewport.cpp:979)
ERROR: FSR1 is only available when using the Forward+ renderer.
   at: viewport_set_scaling_3d_mode (servers/rendering/renderer_viewport.cpp:979)
ERROR: FSR1 is only available when using the Forward+ renderer.
   at: viewport_set_scaling_3d_mode (servers/rendering/renderer_viewport.cpp:979)
ERROR: FSR1 is only available when using the Forward+ renderer.
   at: viewport_set_scaling_3d_mode (servers/rendering/renderer_viewport.cpp:979)
ERROR: FSR1 is only available when using the Forward+ renderer.
   at: viewport_set_scaling_3d_mode (servers/rendering/renderer_viewport.cpp:979)
ERROR: FSR1 is only available when using the Forward+ renderer.
   at: viewport_set_scaling_3d_mode (servers/rendering/renderer_viewport.cpp:979)
ERROR: FSR1 is only available when using the Forward+ renderer.
   at: viewport_set_scaling_3d_mode (servers/rendering/renderer_viewport.cpp:979)
ERROR: FSR1 is only available when using the Forward+ renderer.
   at: viewport_set_scaling_3d_mode (servers/rendering/renderer_viewport.cpp:979)
ERROR: FSR1 is only available when using the Forward+ renderer.
   at: viewport_set_scaling_3d_mode (servers/rendering/renderer_viewport.cpp:979)
ERROR: FSR1 is only available when using the Forward+ renderer.
   at: viewport_set_scaling_3d_mode (servers/rendering/renderer_viewport.cpp:979)
ERROR: FSR1 is only available when using the Forward+ renderer.
   at: viewport_set_scaling_3d_mode (servers/rendering/renderer_viewport.cpp:979)
ERROR: FSR1 is only available when using the Forward+ renderer.
   at: viewport_set_scaling_3d_mode (servers/rendering/renderer_viewport.cpp:979)
ERROR: FSR1 is only available when using the Forward+ renderer.
   at: viewport_set_scaling_3d_mode (servers/rendering/renderer_viewport.cpp:979)
ERROR: FSR1 is only available when using the Forward+ renderer.
   at: viewport_set_scaling_3d_mode (servers/rendering/renderer_viewport.cpp:979)
ERROR: FSR1 is only available when using the Forward+ renderer.
   at: viewport_set_scaling_3d_mode (servers/rendering/renderer_viewport.cpp:979)
ERROR: FSR1 is only available when using the Forward+ renderer.
   at: viewport_set_scaling_3d_mode (servers/rendering/renderer_viewport.cpp:979)
ERROR: FSR1 is only available when using the Forward+ renderer.
   at: viewport_set_scaling_3d_mode (servers/rendering/renderer_viewport.cpp:979)
ERROR: FSR1 is only available when using the Forward+ renderer.
   at: viewport_set_scaling_3d_mode (servers/rendering/renderer_viewport.cpp:979)
ERROR: FSR1 is only available when using the Forward+ renderer.
   at: viewport_set_scaling_3d_mode (servers/rendering/renderer_viewport.cpp:979)
ERROR: FSR1 is only available when using the Forward+ renderer.
   at: viewport_set_scaling_3d_mode (servers/rendering/renderer_viewport.cpp:979)
ERROR: FSR1 is only available when using the Forward+ renderer.
   at: viewport_set_scaling_3d_mode (servers/rendering/renderer_viewport.cpp:979)
ERROR: FSR1 is only available when using the Forward+ renderer.
   at: viewport_set_scaling_3d_mode (servers/rendering/renderer_viewport.cpp:979)
ERROR: FSR1 is only available when using the Forward+ renderer.
   at: viewport_set_scaling_3d_mode (servers/rendering/renderer_viewport.cpp:979)
ERROR: FSR1 is only available when using the Forward+ renderer.
   at: viewport_set_scaling_3d_mode (servers/rendering/renderer_viewport.cpp:979)
ERROR: FSR1 is only available when using the Forward+ renderer.
   at: viewport_set_scaling_3d_mode (servers/rendering/renderer_viewport.cpp:979)
ERROR: FSR1 is only available when using the Forward+ renderer.
   at: viewport_set_scaling_3d_mode (servers/rendering/renderer_viewport.cpp:979)
ERROR: FSR1 is only available when using the Forward+ renderer.
   at: viewport_set_scaling_3d_mode (servers/rendering/renderer_viewport.cpp:979)
ERROR: FSR1 is only available when using the Forward+ renderer.
   at: viewport_set_scaling_3d_mode (servers/rendering/renderer_viewport.cpp:979)
ERROR: FSR1 is only available when using the Forward+ renderer.
   at: viewport_set_scaling_3d_mode (servers/rendering/renderer_viewport.cpp:979)
ERROR: FSR1 is only available when using the Forward+ renderer.
   at: viewport_set_scaling_3d_mode (servers/rendering/renderer_viewport.cpp:979)
ERROR: FSR1 is only available when using the Forward+ renderer.
   at: viewport_set_scaling_3d_mode (servers/rendering/renderer_viewport.cpp:979)
ERROR: FSR1 is only available when using the Forward+ renderer.
   at: viewport_set_scaling_3d_mode (servers/rendering/renderer_viewport.cpp:979)
ERROR: FSR1 is only available when using the Forward+ renderer.
   at: viewport_set_scaling_3d_mode (servers/rendering/renderer_viewport.cpp:979)
ERROR: FSR1 is only available when using the Forward+ renderer.
   at: viewport_set_scaling_3d_mode (servers/rendering/renderer_viewport.cpp:979)
ERROR: FSR1 is only available when using the Forward+ renderer.
   at: viewport_set_scaling_3d_mode (servers/rendering/renderer_viewport.cpp:979)
ERROR: FSR1 is only available when using the Forward+ renderer.
   at: viewport_set_scaling_3d_mode (servers/rendering/renderer_viewport.cpp:979)
ERROR: FSR1 is only available when using the Forward+ renderer.
   at: viewport_set_scaling_3d_mode (servers/rendering/renderer_viewport.cpp:979)
ERROR: FSR1 is only available when using the Forward+ renderer.
   at: viewport_set_scaling_3d_mode (servers/rendering/renderer_viewport.cpp:979)
ERROR: FSR1 is only available when using the Forward+ renderer.
   at: viewport_set_scaling_3d_mode (servers/rendering/renderer_viewport.cpp:979)
ERROR: FSR1 is only available when using the Forward+ renderer.
   at: viewport_set_scaling_3d_mode (servers/rendering/renderer_viewport.cpp:979)
ERROR: FSR1 is only available when using the Forward+ renderer.
   at: viewport_set_scaling_3d_mode (servers/rendering/renderer_viewport.cpp:979)
ERROR: FSR1 is only available when using the Forward+ renderer.
   at: viewport_set_scaling_3d_mode (servers/rendering/renderer_viewport.cpp:979)
ERROR: FSR1 is only available when using the Forward+ renderer.
   at: viewport_set_scaling_3d_mode (servers/rendering/renderer_viewport.cpp:979)
ERROR: FSR1 is only available when using the Forward+ renderer.
   at: viewport_set_scaling_3d_mode (servers/rendering/renderer_viewport.cpp:979)
ERROR: FSR1 is only available when using the Forward+ renderer.
   at: viewport_set_scaling_3d_mode (servers/rendering/renderer_viewport.cpp:979)
ERROR: FSR1 is only available when using the Forward+ renderer.
   at: viewport_set_scaling_3d_mode (servers/rendering/renderer_viewport.cpp:979)
ERROR: FSR1 is only available when using the Forward+ renderer.
   at: viewport_set_scaling_3d_mode (servers/rendering/renderer_viewport.cpp:979)
ERROR: FSR1 is only available when using the Forward+ renderer.
   at: viewport_set_scaling_3d_mode (servers/rendering/renderer_viewport.cpp:979)
ERROR: FSR1 is only available when using the Forward+ renderer.
   at: viewport_set_scaling_3d_mode (servers/rendering/renderer_viewport.cpp:979)
ERROR: FSR1 is only available when using the Forward+ renderer.
   at: viewport_set_scaling_3d_mode (servers/rendering/renderer_viewport.cpp:979)
ERROR: FSR1 is only available when using the Forward+ renderer.
   at: viewport_set_scaling_3d_mode (servers/rendering/renderer_viewport.cpp:979)
ERROR: FSR1 is only available when using the Forward+ renderer.
   at: viewport_set_scaling_3d_mode (servers/rendering/renderer_viewport.cpp:979)
ERROR: FSR1 is only available when using the Forward+ renderer.
   at: viewport_set_scaling_3d_mode (servers/rendering/renderer_viewport.cpp:979)
ERROR: FSR1 is only available when using the Forward+ renderer.
   at: viewport_set_scaling_3d_mode (servers/rendering/renderer_viewport.cpp:979)
ERROR: FSR1 is only available when using the Forward+ renderer.
   at: viewport_set_scaling_3d_mode (servers/rendering/renderer_viewport.cpp:979)
ERROR: FSR1 is only available when using the Forward+ renderer.
   at: viewport_set_scaling_3d_mode (servers/rendering/renderer_viewport.cpp:979)
ERROR: FSR1 is only available when using the Forward+ renderer.
   at: viewport_set_scaling_3d_mode (servers/rendering/renderer_viewport.cpp:979)
ERROR: FSR1 is only available when using the Forward+ renderer.
   at: viewport_set_scaling_3d_mode (servers/rendering/renderer_viewport.cpp:979)
ERROR: FSR1 is only available when using the Forward+ renderer.
   at: viewport_set_scaling_3d_mode (servers/rendering/renderer_viewport.cpp:979)
ERROR: FSR1 is only available when using the Forward+ renderer.
   at: viewport_set_scaling_3d_mode (servers/rendering/renderer_viewport.cpp:979)
ERROR: FSR1 is only available when using the Forward+ renderer.
   at: viewport_set_scaling_3d_mode (servers/rendering/renderer_viewport.cpp:979)
ERROR: FSR1 is only available when using the Forward+ renderer.
   at: viewport_set_scaling_3d_mode (servers/rendering/renderer_viewport.cpp:979)
ERROR: FSR1 is only available when using the Forward+ renderer.
   at: viewport_set_scaling_3d_mode (servers/rendering/renderer_viewport.cpp:979)
ERROR: FSR1 is only available when using the Forward+ renderer.
   at: viewport_set_scaling_3d_mode (servers/rendering/renderer_viewport.cpp:979)
ERROR: FSR1 is only available when using the Forward+ renderer.
   at: viewport_set_scaling_3d_mode (servers/rendering/renderer_viewport.cpp:979)
ERROR: FSR1 is only available when using the Forward+ renderer.
   at: viewport_set_scaling_3d_mode (servers/rendering/renderer_viewport.cpp:979)
ERROR: FSR1 is only available when using the Forward+ renderer.
   at: viewport_set_scaling_3d_mode (servers/rendering/renderer_viewport.cpp:979)
ERROR: FSR1 is only available when using the Forward+ renderer.
   at: viewport_set_scaling_3d_mode (servers/rendering/renderer_viewport.cpp:979)
ERROR: FSR1 is only available when using the Forward+ renderer.
   at: viewport_set_scaling_3d_mode (servers/rendering/renderer_viewport.cpp:979)
ERROR: FSR1 is only available when using the Forward+ renderer.
   at: viewport_set_scaling_3d_mode (servers/rendering/renderer_viewport.cpp:979)
ERROR: FSR1 is only available when using the Forward+ renderer.
   at: viewport_set_scaling_3d_mode (servers/rendering/renderer_viewport.cpp:979)
ERROR: FSR1 is only available when using the Forward+ renderer.
   at: viewport_set_scaling_3d_mode (servers/rendering/renderer_viewport.cpp:979)
ERROR: FSR1 is only available when using the Forward+ renderer.
   at: viewport_set_scaling_3d_mode (servers/rendering/renderer_viewport.cpp:979)
ERROR: FSR1 is only available when using the Forward+ renderer.
   at: viewport_set_scaling_3d_mode (servers/rendering/renderer_viewport.cpp:979)
ERROR: FSR1 is only available when using the Forward+ renderer.
   at: viewport_set_scaling_3d_mode (servers/rendering/renderer_viewport.cpp:979)
ERROR: FSR1 is only available when using the Forward+ renderer.
   at: viewport_set_scaling_3d_mode (servers/rendering/renderer_viewport.cpp:979)
ERROR: FSR1 is only available when using the Forward+ renderer.
   at: viewport_set_scaling_3d_mode (servers/rendering/renderer_viewport.cpp:979)
ERROR: FSR1 is only available when using the Forward+ renderer.
   at: viewport_set_scaling_3d_mode (servers/rendering/renderer_viewport.cpp:979)
ERROR: FSR1 is only available when using the Forward+ renderer.
   at: viewport_set_scaling_3d_mode (servers/rendering/renderer_viewport.cpp:979)
ERROR: FSR1 is only available when using the Forward+ renderer.
   at: viewport_set_scaling_3d_mode (servers/rendering/renderer_viewport.cpp:979)
ERROR: FSR1 is only available when using the Forward+ renderer.
   at: viewport_set_scaling_3d_mode (servers/rendering/renderer_viewport.cpp:979)
ERROR: FSR1 is only available when using the Forward+ renderer.
   at: viewport_set_scaling_3d_mode (servers/rendering/renderer_viewport.cpp:979)
ERROR: FSR1 is only available when using the Forward+ renderer.
   at: viewport_set_scaling_3d_mode (servers/rendering/renderer_viewport.cpp:979)
ERROR: FSR1 is only available when using the Forward+ renderer.
   at: viewport_set_scaling_3d_mode (servers/rendering/renderer_viewport.cpp:979)
ERROR: FSR1 is only available when using the Forward+ renderer.
   at: viewport_set_scaling_3d_mode (servers/rendering/renderer_viewport.cpp:979)
ERROR: FSR1 is only available when using the Forward+ renderer.
   at: viewport_set_scaling_3d_mode (servers/rendering/renderer_viewport.cpp:979)
ERROR: FSR1 is only available when using the Forward+ renderer.
   at: viewport_set_scaling_3d_mode (servers/rendering/renderer_viewport.cpp:979)
ERROR: FSR1 is only available when using the Forward+ renderer.
   at: viewport_set_scaling_3d_mode (servers/rendering/renderer_viewport.cpp:979)
ERROR: FSR1 is only available when using the Forward+ renderer.
   at: viewport_set_scaling_3d_mode (servers/rendering/renderer_viewport.cpp:979)
ERROR: FSR1 is only available when using the Forward+ renderer.
   at: viewport_set_scaling_3d_mode (servers/rendering/renderer_viewport.cpp:979)
ERROR: FSR1 is only available when using the Forward+ renderer.
   at: viewport_set_scaling_3d_mode (servers/rendering/renderer_viewport.cpp:979)
ERROR: FSR1 is only available when using the Forward+ renderer.
   at: viewport_set_scaling_3d_mode (servers/rendering/renderer_viewport.cpp:979)
ERROR: FSR1 is only available when using the Forward+ renderer.
   at: viewport_set_scaling_3d_mode (servers/rendering/renderer_viewport.cpp:979)
ERROR: FSR1 is only available when using the Forward+ renderer.
   at: viewport_set_scaling_3d_mode (servers/rendering/renderer_viewport.cpp:979)
ERROR: FSR1 is only available when using the Forward+ renderer.
   at: viewport_set_scaling_3d_mode (servers/rendering/renderer_viewport.cpp:979)
ERROR: FSR1 is only available when using the Forward+ renderer.
   at: viewport_set_scaling_3d_mode (servers/rendering/renderer_viewport.cpp:979)
ERROR: FSR1 is only available when using the Forward+ renderer.
   at: viewport_set_scaling_3d_mode (servers/rendering/renderer_viewport.cpp:979)
ERROR: FSR1 is only available when using the Forward+ renderer.
   at: viewport_set_scaling_3d_mode (servers/rendering/renderer_viewport.cpp:979)
ERROR: FSR1 is only available when using the Forward+ renderer.
   at: viewport_set_scaling_3d_mode (servers/rendering/renderer_viewport.cpp:979)
ERROR: FSR1 is only available when using the Forward+ renderer.
   at: viewport_set_scaling_3d_mode (servers/rendering/renderer_viewport.cpp:979)
ERROR: FSR1 is only available when using the Forward+ renderer.
   at: viewport_set_scaling_3d_mode (servers/rendering/renderer_viewport.cpp:979)
ERROR: FSR1 is only available when using the Forward+ renderer.
   at: viewport_set_scaling_3d_mode (servers/rendering/renderer_viewport.cpp:979)
ERROR: FSR1 is only available when using the Forward+ renderer.
   at: viewport_set_scaling_3d_mode (servers/rendering/renderer_viewport.cpp:979)
ERROR: FSR1 is only available when using the Forward+ renderer.
   at: viewport_set_scaling_3d_mode (servers/rendering/renderer_viewport.cpp:979)
ERROR: FSR1 is only available when using the Forward+ renderer.
   at: viewport_set_scaling_3d_mode (servers/rendering/renderer_viewport.cpp:979)
ERROR: FSR1 is only available when using the Forward+ renderer.
   at: viewport_set_scaling_3d_mode (servers/rendering/renderer_viewport.cpp:979)
ERROR: FSR1 is only available when using the Forward+ renderer.
   at: viewport_set_scaling_3d_mode (servers/rendering/renderer_viewport.cpp:979)
ERROR: FSR1 is only available when using the Forward+ renderer.
   at: viewport_set_scaling_3d_mode (servers/rendering/renderer_viewport.cpp:979)
ERROR: FSR1 is only available when using the Forward+ renderer.
   at: viewport_set_scaling_3d_mode (servers/rendering/renderer_viewport.cpp:979)
ERROR: FSR1 is only available when using the Forward+ renderer.
   at: viewport_set_scaling_3d_mode (servers/rendering/renderer_viewport.cpp:979)
ERROR: FSR1 is only available when using the Forward+ renderer.
   at: viewport_set_scaling_3d_mode (servers/rendering/renderer_viewport.cpp:979)
ERROR: FSR1 is only available when using the Forward+ renderer.
   at: viewport_set_scaling_3d_mode (servers/rendering/renderer_viewport.cpp:979)
ERROR: FSR1 is only available when using the Forward+ renderer.
   at: viewport_set_scaling_3d_mode (servers/rendering/renderer_viewport.cpp:979)
ERROR: FSR1 is only available when using the Forward+ renderer.
   at: viewport_set_scaling_3d_mode (servers/rendering/renderer_viewport.cpp:979)
ERROR: FSR1 is only available when using the Forward+ renderer.
   at: viewport_set_scaling_3d_mode (servers/rendering/renderer_viewport.cpp:979)
ERROR: FSR1 is only available when using the Forward+ renderer.
   at: viewport_set_scaling_3d_mode (servers/rendering/renderer_viewport.cpp:979)
ERROR: FSR1 is only available when using the Forward+ renderer.
   at: viewport_set_scaling_3d_mode (servers/rendering/renderer_viewport.cpp:979)
ERROR: FSR1 is only available when using the Forward+ renderer.
   at: viewport_set_scaling_3d_mode (servers/rendering/renderer_viewport.cpp:979)
ERROR: FSR1 is only available when using the Forward+ renderer.
   at: viewport_set_scaling_3d_mode (servers/rendering/renderer_viewport.cpp:979)
ERROR: FSR1 is only available when using the Forward+ renderer.
   at: viewport_set_scaling_3d_mode (servers/rendering/renderer_viewport.cpp:979)
ERROR: FSR1 is only available when using the Forward+ renderer.
   at: viewport_set_scaling_3d_mode (servers/rendering/renderer_viewport.cpp:979)
ERROR: FSR1 is only available when using the Forward+ renderer.
   at: viewport_set_scaling_3d_mode (servers/rendering/renderer_viewport.cpp:979)
ERROR: FSR1 is only available when using the Forward+ renderer.
   at: viewport_set_scaling_3d_mode (servers/rendering/renderer_viewport.cpp:979)
ERROR: FSR1 is only available when using the Forward+ renderer.
   at: viewport_set_scaling_3d_mode (servers/rendering/renderer_viewport.cpp:979)
ERROR: FSR1 is only available when using the Forward+ renderer.
   at: viewport_set_scaling_3d_mode (servers/rendering/renderer_viewport.cpp:979)
ERROR: FSR1 is only available when using the Forward+ renderer.
   at: viewport_set_scaling_3d_mode (servers/rendering/renderer_viewport.cpp:979)
ERROR: FSR1 is only available when using the Forward+ renderer.
   at: viewport_set_scaling_3d_mode (servers/rendering/renderer_viewport.cpp:979)
ERROR: FSR1 is only available when using the Forward+ renderer.
   at: viewport_set_scaling_3d_mode (servers/rendering/renderer_viewport.cpp:979)
ERROR: FSR1 is only available when using the Forward+ renderer.
   at: viewport_set_scaling_3d_mode (servers/rendering/renderer_viewport.cpp:979)
ERROR: FSR1 is only available when using the Forward+ renderer.
   at: viewport_set_scaling_3d_mode (servers/rendering/renderer_viewport.cpp:979)
ERROR: FSR1 is only available when using the Forward+ renderer.
   at: viewport_set_scaling_3d_mode (servers/rendering/renderer_viewport.cpp:979)
ERROR: FSR1 is only available when using the Forward+ renderer.
   at: viewport_set_scaling_3d_mode (servers/rendering/renderer_viewport.cpp:979)
ERROR: FSR1 is only available when using the Forward+ renderer.
   at: viewport_set_scaling_3d_mode (servers/rendering/renderer_viewport.cpp:979)
ERROR: FSR1 is only available when using the Forward+ renderer.
   at: viewport_set_scaling_3d_mode (servers/rendering/renderer_viewport.cpp:979)
ERROR: FSR1 is only available when using the Forward+ renderer.
   at: viewport_set_scaling_3d_mode (servers/rendering/renderer_viewport.cpp:979)
ERROR: FSR1 is only available when using the Forward+ renderer.
   at: viewport_set_scaling_3d_mode (servers/rendering/renderer_viewport.cpp:979)
ERROR: FSR1 is only available when using the Forward+ renderer.
   at: viewport_set_scaling_3d_mode (servers/rendering/renderer_viewport.cpp:979)
ERROR: FSR1 is only available when using the Forward+ renderer.
   at: viewport_set_scaling_3d_mode (servers/rendering/renderer_viewport.cpp:979)
ERROR: FSR1 is only available when using the Forward+ renderer.
   at: viewport_set_scaling_3d_mode (servers/rendering/renderer_viewport.cpp:979)
ERROR: FSR1 is only available when using the Forward+ renderer.
   at: viewport_set_scaling_3d_mode (servers/rendering/renderer_viewport.cpp:979)
ERROR: FSR1 is only available when using the Forward+ renderer.
   at: viewport_set_scaling_3d_mode (servers/rendering/renderer_viewport.cpp:979)
ERROR: FSR1 is only available when using the Forward+ renderer.
   at: viewport_set_scaling_3d_mode (servers/rendering/renderer_viewport.cpp:979)
ERROR: FSR1 is only available when using the Forward+ renderer.
   at: viewport_set_scaling_3d_mode (servers/rendering/renderer_viewport.cpp:979)
ERROR: FSR1 is only available when using the Forward+ renderer.
   at: viewport_set_scaling_3d_mode (servers/rendering/renderer_viewport.cpp:979)
ERROR: FSR1 is only available when using the Forward+ renderer.
   at: viewport_set_scaling_3d_mode (servers/rendering/renderer_viewport.cpp:979)
ERROR: FSR1 is only available when using the Forward+ renderer.
   at: viewport_set_scaling_3d_mode (servers/rendering/renderer_viewport.cpp:979)
ERROR: FSR1 is only available when using the Forward+ renderer.
   at: viewport_set_scaling_3d_mode (servers/rendering/renderer_viewport.cpp:979)
ERROR: FSR1 is only available when using the Forward+ renderer.
   at: viewport_set_scaling_3d_mode (servers/rendering/renderer_viewport.cpp:979)
ERROR: FSR1 is only available when using the Forward+ renderer.
   at: viewport_set_scaling_3d_mode (servers/rendering/renderer_viewport.cpp:979)
ERROR: FSR1 is only available when using the Forward+ renderer.
   at: viewport_set_scaling_3d_mode (servers/rendering/renderer_viewport.cpp:979)
ERROR: FSR1 is only available when using the Forward+ renderer.
   at: viewport_set_scaling_3d_mode (servers/rendering/renderer_viewport.cpp:979)
ERROR: FSR1 is only available when using the Forward+ renderer.
   at: viewport_set_scaling_3d_mode (servers/rendering/renderer_viewport.cpp:979)
ERROR: FSR1 is only available when using the Forward+ renderer.
   at: viewport_set_scaling_3d_mode (servers/rendering/renderer_viewport.cpp:979)
ERROR: FSR1 is only available when using the Forward+ renderer.
   at: viewport_set_scaling_3d_mode (servers/rendering/renderer_viewport.cpp:979)
ERROR: FSR1 is only available when using the Forward+ renderer.
   at: viewport_set_scaling_3d_mode (servers/rendering/renderer_viewport.cpp:979)
ERROR: FSR1 is only available when using the Forward+ renderer.
   at: viewport_set_scaling_3d_mode (servers/rendering/renderer_viewport.cpp:979)
ERROR: FSR1 is only available when using the Forward+ renderer.
   at: viewport_set_scaling_3d_mode (servers/rendering/renderer_viewport.cpp:979)
ERROR: FSR1 is only available when using the Forward+ renderer.
   at: viewport_set_scaling_3d_mode (servers/rendering/renderer_viewport.cpp:979)
ERROR: FSR1 is only available when using the Forward+ renderer.
   at: viewport_set_scaling_3d_mode (servers/rendering/renderer_viewport.cpp:979)
ERROR: FSR1 is only available when using the Forward+ renderer.
   at: viewport_set_scaling_3d_mode (servers/rendering/renderer_viewport.cpp:979)
ERROR: FSR1 is only available when using the Forward+ renderer.
   at: viewport_set_scaling_3d_mode (servers/rendering/renderer_viewport.cpp:979)
ERROR: FSR1 is only available when using the Forward+ renderer.
   at: viewport_set_scaling_3d_mode (servers/rendering/renderer_viewport.cpp:979)
ERROR: FSR1 is only available when using the Forward+ renderer.
   at: viewport_set_scaling_3d_mode (servers/rendering/renderer_viewport.cpp:979)
ERROR: FSR1 is only available when using the Forward+ renderer.
   at: viewport_set_scaling_3d_mode (servers/rendering/renderer_viewport.cpp:979)
ERROR: FSR1 is only available when using the Forward+ renderer.
   at: viewport_set_scaling_3d_mode (servers/rendering/renderer_viewport.cpp:979)
ERROR: FSR1 is only available when using the Forward+ renderer.
   at: viewport_set_scaling_3d_mode (servers/rendering/renderer_viewport.cpp:979)
ERROR: FSR1 is only available when using the Forward+ renderer.
   at: viewport_set_scaling_3d_mode (servers/rendering/renderer_viewport.cpp:979)
ERROR: FSR1 is only available when using the Forward+ renderer.
   at: viewport_set_scaling_3d_mode (servers/rendering/renderer_viewport.cpp:979)
ERROR: FSR1 is only available when using the Forward+ renderer.
   at: viewport_set_scaling_3d_mode (servers/rendering/renderer_viewport.cpp:979)
ERROR: FSR1 is only available when using the Forward+ renderer.
   at: viewport_set_scaling_3d_mode (servers/rendering/renderer_viewport.cpp:979)
ERROR: FSR1 is only available when using the Forward+ renderer.
   at: viewport_set_scaling_3d_mode (servers/rendering/renderer_viewport.cpp:979)
ERROR: FSR1 is only available when using the Forward+ renderer.
   at: viewport_set_scaling_3d_mode (servers/rendering/renderer_viewport.cpp:979)
ERROR: FSR1 is only available when using the Forward+ renderer.
   at: viewport_set_scaling_3d_mode (servers/rendering/renderer_viewport.cpp:979)
ERROR: FSR1 is only available when using the Forward+ renderer.
   at: viewport_set_scaling_3d_mode (servers/rendering/renderer_viewport.cpp:979)
ERROR: FSR1 is only available when using the Forward+ renderer.
   at: viewport_set_scaling_3d_mode (servers/rendering/renderer_viewport.cpp:979)
ERROR: FSR1 is only available when using the Forward+ renderer.
   at: viewport_set_scaling_3d_mode (servers/rendering/renderer_viewport.cpp:979)
ERROR: FSR1 is only available when using the Forward+ renderer.
   at: viewport_set_scaling_3d_mode (servers/rendering/renderer_viewport.cpp:979)
ERROR: FSR1 is only available when using the Forward+ renderer.
   at: viewport_set_scaling_3d_mode (servers/rendering/renderer_viewport.cpp:979)
ERROR: FSR1 is only available when using the Forward+ renderer.
   at: viewport_set_scaling_3d_mode (servers/rendering/renderer_viewport.cpp:979)
ERROR: FSR1 is only available when using the Forward+ renderer.
   at: viewport_set_scaling_3d_mode (servers/rendering/renderer_viewport.cpp:979)
ERROR: FSR1 is only available when using the Forward+ renderer.
   at: viewport_set_scaling_3d_mode (servers/rendering/renderer_viewport.cpp:979)
ERROR: FSR1 is only available when using the Forward+ renderer.
   at: viewport_set_scaling_3d_mode (servers/rendering/renderer_viewport.cpp:979)
ERROR: FSR1 is only available when using the Forward+ renderer.
   at: viewport_set_scaling_3d_mode (servers/rendering/renderer_viewport.cpp:979)
ERROR: FSR1 is only available when using the Forward+ renderer.
   at: viewport_set_scaling_3d_mode (servers/rendering/renderer_viewport.cpp:979)
ERROR: FSR1 is only available when using the Forward+ renderer.
   at: viewport_set_scaling_3d_mode (servers/rendering/renderer_viewport.cpp:979)
ERROR: FSR1 is only available when using the Forward+ renderer.
   at: viewport_set_scaling_3d_mode (servers/rendering/renderer_viewport.cpp:979)
ERROR: FSR1 is only available when using the Forward+ renderer.
   at: viewport_set_scaling_3d_mode (servers/rendering/renderer_viewport.cpp:979)
ERROR: FSR1 is only available when using the Forward+ renderer.
   at: viewport_set_scaling_3d_mode (servers/rendering/renderer_viewport.cpp:979)
ERROR: FSR1 is only available when using the Forward+ renderer.
   at: viewport_set_scaling_3d_mode (servers/rendering/renderer_viewport.cpp:979)
ERROR: FSR1 is only available when using the Forward+ renderer.
   at: viewport_set_scaling_3d_mode (servers/rendering/renderer_viewport.cpp:979)
ERROR: FSR1 is only available when using the Forward+ renderer.
   at: viewport_set_scaling_3d_mode (servers/rendering/renderer_viewport.cpp:979)
ERROR: FSR1 is only available when using the Forward+ renderer.
   at: viewport_set_scaling_3d_mode (servers/rendering/renderer_viewport.cpp:979)
ERROR: FSR1 is only available when using the Forward+ renderer.
   at: viewport_set_scaling_3d_mode (servers/rendering/renderer_viewport.cpp:979)
ERROR: FSR1 is only available when using the Forward+ renderer.
   at: viewport_set_scaling_3d_mode (servers/rendering/renderer_viewport.cpp:979)
ERROR: FSR1 is only available when using the Forward+ renderer.
   at: viewport_set_scaling_3d_mode (servers/rendering/renderer_viewport.cpp:979)
ERROR: FSR1 is only available when using the Forward+ renderer.
   at: viewport_set_scaling_3d_mode (servers/rendering/renderer_viewport.cpp:979)
ERROR: FSR1 is only available when using the Forward+ renderer.
   at: viewport_set_scaling_3d_mode (servers/rendering/renderer_viewport.cpp:979)
ERROR: FSR1 is only available when using the Forward+ renderer.
   at: viewport_set_scaling_3d_mode (servers/rendering/renderer_viewport.cpp:979)
ERROR: FSR1 is only available when using the Forward+ renderer.
   at: viewport_set_scaling_3d_mode (servers/rendering/renderer_viewport.cpp:979)
ERROR: FSR1 is only available when using the Forward+ renderer.
   at: viewport_set_scaling_3d_mode (servers/rendering/renderer_viewport.cpp:979)
ERROR: FSR1 is only available when using the Forward+ renderer.
   at: viewport_set_scaling_3d_mode (servers/rendering/renderer_viewport.cpp:979)
ERROR: FSR1 is only available when using the Forward+ renderer.
   at: viewport_set_scaling_3d_mode (servers/rendering/renderer_viewport.cpp:979)
ERROR: FSR1 is only available when using the Forward+ renderer.
   at: viewport_set_scaling_3d_mode (servers/rendering/renderer_viewport.cpp:979)
ERROR: FSR1 is only available when using the Forward+ renderer.
   at: viewport_set_scaling_3d_mode (servers/rendering/renderer_viewport.cpp:979)
ERROR: FSR1 is only available when using the Forward+ renderer.
   at: viewport_set_scaling_3d_mode (servers/rendering/renderer_viewport.cpp:979)
ERROR: FSR1 is only available when using the Forward+ renderer.
   at: viewport_set_scaling_3d_mode (servers/rendering/renderer_viewport.cpp:979)
ERROR: FSR1 is only available when using the Forward+ renderer.
   at: viewport_set_scaling_3d_mode (servers/rendering/renderer_viewport.cpp:979)
ERROR: FSR1 is only available when using the Forward+ renderer.
   at: viewport_set_scaling_3d_mode (servers/rendering/renderer_viewport.cpp:979)
ERROR: FSR1 is only available when using the Forward+ renderer.
   at: viewport_set_scaling_3d_mode (servers/rendering/renderer_viewport.cpp:979)
ERROR: FSR1 is only available when using the Forward+ renderer.
   at: viewport_set_scaling_3d_mode (servers/rendering/renderer_viewport.cpp:979)
ERROR: FSR1 is only available when using the Forward+ renderer.
   at: viewport_set_scaling_3d_mode (servers/rendering/renderer_viewport.cpp:979)
ERROR: FSR1 is only available when using the Forward+ renderer.
   at: viewport_set_scaling_3d_mode (servers/rendering/renderer_viewport.cpp:979)
ERROR: FSR1 is only available when using the Forward+ renderer.
   at: viewport_set_scaling_3d_mode (servers/rendering/renderer_viewport.cpp:979)
ERROR: FSR1 is only available when using the Forward+ renderer.
   at: viewport_set_scaling_3d_mode (servers/rendering/renderer_viewport.cpp:979)
ERROR: FSR1 is only available when using the Forward+ renderer.
   at: viewport_set_scaling_3d_mode (servers/rendering/renderer_viewport.cpp:979)
ERROR: FSR1 is only available when using the Forward+ renderer.
   at: viewport_set_scaling_3d_mode (servers/rendering/renderer_viewport.cpp:979)
ERROR: FSR1 is only available when using the Forward+ renderer.
   at: viewport_set_scaling_3d_mode (servers/rendering/renderer_viewport.cpp:979)
ERROR: FSR1 is only available when using the Forward+ renderer.
   at: viewport_set_scaling_3d_mode (servers/rendering/renderer_viewport.cpp:979)
ERROR: FSR1 is only available when using the Forward+ renderer.
   at: viewport_set_scaling_3d_mode (servers/rendering/renderer_viewport.cpp:979)
ERROR: FSR1 is only available when using the Forward+ renderer.
   at: viewport_set_scaling_3d_mode (servers/rendering/renderer_viewport.cpp:979)
ERROR: FSR1 is only available when using the Forward+ renderer.
   at: viewport_set_scaling_3d_mode (servers/rendering/renderer_viewport.cpp:979)
ERROR: FSR1 is only available when using the Forward+ renderer.
   at: viewport_set_scaling_3d_mode (servers/rendering/renderer_viewport.cpp:979)
ERROR: FSR1 is only available when using the Forward+ renderer.
   at: viewport_set_scaling_3d_mode (servers/rendering/renderer_viewport.cpp:979)
ERROR: FSR1 is only available when using the Forward+ renderer.
   at: viewport_set_scaling_3d_mode (servers/rendering/renderer_viewport.cpp:979)
ERROR: FSR1 is only available when using the Forward+ renderer.
   at: viewport_set_scaling_3d_mode (servers/rendering/renderer_viewport.cpp:979)
ERROR: FSR1 is only available when using the Forward+ renderer.
   at: viewport_set_scaling_3d_mode (servers/rendering/renderer_viewport.cpp:979)
ERROR: FSR1 is only available when using the Forward+ renderer.
   at: viewport_set_scaling_3d_mode (servers/rendering/renderer_viewport.cpp:979)
ERROR: FSR1 is only available when using the Forward+ renderer.
   at: viewport_set_scaling_3d_mode (servers/rendering/renderer_viewport.cpp:979)
ERROR: FSR1 is only available when using the Forward+ renderer.
   at: viewport_set_scaling_3d_mode (servers/rendering/renderer_viewport.cpp:979)
ERROR: FSR1 is only available when using the Forward+ renderer.
   at: viewport_set_scaling_3d_mode (servers/rendering/renderer_viewport.cpp:979)
ERROR: FSR1 is only available when using the Forward+ renderer.
   at: viewport_set_scaling_3d_mode (servers/rendering/renderer_viewport.cpp:979)
ERROR: FSR1 is only available when using the Forward+ renderer.
   at: viewport_set_scaling_3d_mode (servers/rendering/renderer_viewport.cpp:979)
ERROR: FSR1 is only available when using the Forward+ renderer.
   at: viewport_set_scaling_3d_mode (servers/rendering/renderer_viewport.cpp:979)
ERROR: FSR1 is only available when using the Forward+ renderer.
   at: viewport_set_scaling_3d_mode (servers/rendering/renderer_viewport.cpp:979)
ERROR: FSR1 is only available when using the Forward+ renderer.
   at: viewport_set_scaling_3d_mode (servers/rendering/renderer_viewport.cpp:979)
ERROR: FSR1 is only available when using the Forward+ renderer.
   at: viewport_set_scaling_3d_mode (servers/rendering/renderer_viewport.cpp:979)
ERROR: FSR1 is only available when using the Forward+ renderer.
   at: viewport_set_scaling_3d_mode (servers/rendering/renderer_viewport.cpp:979)
ERROR: FSR1 is only available when using the Forward+ renderer.
   at: viewport_set_scaling_3d_mode (servers/rendering/renderer_viewport.cpp:979)
ERROR: FSR1 is only available when using the Forward+ renderer.
   at: viewport_set_scaling_3d_mode (servers/rendering/renderer_viewport.cpp:979)
ERROR: FSR1 is only available when using the Forward+ renderer.
   at: viewport_set_scaling_3d_mode (servers/rendering/renderer_viewport.cpp:979)
ERROR: FSR1 is only available when using the Forward+ renderer.
   at: viewport_set_scaling_3d_mode (servers/rendering/renderer_viewport.cpp:979)
ERROR: FSR1 is only available when using the Forward+ renderer.
   at: viewport_set_scaling_3d_mode (servers/rendering/renderer_viewport.cpp:979)
ERROR: FSR1 is only available when using the Forward+ renderer.
   at: viewport_set_scaling_3d_mode (servers/rendering/renderer_viewport.cpp:979)
ERROR: FSR1 is only available when using the Forward+ renderer.
   at: viewport_set_scaling_3d_mode (servers/rendering/renderer_viewport.cpp:979)
ERROR: FSR1 is only available when using the Forward+ renderer.
   at: viewport_set_scaling_3d_mode (servers/rendering/renderer_viewport.cpp:979)
ERROR: FSR1 is only available when using the Forward+ renderer.
   at: viewport_set_scaling_3d_mode (servers/rendering/renderer_viewport.cpp:979)
ERROR: FSR1 is only available when using the Forward+ renderer.
   at: viewport_set_scaling_3d_mode (servers/rendering/renderer_viewport.cpp:979)
ERROR: FSR1 is only available when using the Forward+ renderer.
   at: viewport_set_scaling_3d_mode (servers/rendering/renderer_viewport.cpp:979)
ERROR: FSR1 is only available when using the Forward+ renderer.
   at: viewport_set_scaling_3d_mode (servers/rendering/renderer_viewport.cpp:979)
ERROR: FSR1 is only available when using the Forward+ renderer.
   at: viewport_set_scaling_3d_mode (servers/rendering/renderer_viewport.cpp:979)
ERROR: FSR1 is only available when using the Forward+ renderer.
   at: viewport_set_scaling_3d_mode (servers/rendering/renderer_viewport.cpp:979)
ERROR: FSR1 is only available when using the Forward+ renderer.
   at: viewport_set_scaling_3d_mode (servers/rendering/renderer_viewport.cpp:979)
ERROR: FSR1 is only available when using the Forward+ renderer.
   at: viewport_set_scaling_3d_mode (servers/rendering/renderer_viewport.cpp:979)
ERROR: FSR1 is only available when using the Forward+ renderer.
   at: viewport_set_scaling_3d_mode (servers/rendering/renderer_viewport.cpp:979)
ERROR: FSR1 is only available when using the Forward+ renderer.
   at: viewport_set_scaling_3d_mode (servers/rendering/renderer_viewport.cpp:979)
ERROR: FSR1 is only available when using the Forward+ renderer.
   at: viewport_set_scaling_3d_mode (servers/rendering/renderer_viewport.cpp:979)
ERROR: FSR1 is only available when using the Forward+ renderer.
   at: viewport_set_scaling_3d_mode (servers/rendering/renderer_viewport.cpp:979)
ERROR: FSR1 is only available when using the Forward+ renderer.
   at: viewport_set_scaling_3d_mode (servers/rendering/renderer_viewport.cpp:979)
ERROR: FSR1 is only available when using the Forward+ renderer.
   at: viewport_set_scaling_3d_mode (servers/rendering/renderer_viewport.cpp:979)
ERROR: FSR1 is only available when using the Forward+ renderer.
   at: viewport_set_scaling_3d_mode (servers/rendering/renderer_viewport.cpp:979)
ERROR: FSR1 is only available when using the Forward+ renderer.
   at: viewport_set_scaling_3d_mode (servers/rendering/renderer_viewport.cpp:979)
ERROR: FSR1 is only available when using the Forward+ renderer.
   at: viewport_set_scaling_3d_mode (servers/rendering/renderer_viewport.cpp:979)
ERROR: FSR1 is only available when using the Forward+ renderer.
   at: viewport_set_scaling_3d_mode (servers/rendering/renderer_viewport.cpp:979)
ERROR: FSR1 is only available when using the Forward+ renderer.
   at: viewport_set_scaling_3d_mode (servers/rendering/renderer_viewport.cpp:979)
ERROR: FSR1 is only available when using the Forward+ renderer.
   at: viewport_set_scaling_3d_mode (servers/rendering/renderer_viewport.cpp:979)
ERROR: FSR1 is only available when using the Forward+ renderer.
   at: viewport_set_scaling_3d_mode (servers/rendering/renderer_viewport.cpp:979)
ERROR: FSR1 is only available when using the Forward+ renderer.
   at: viewport_set_scaling_3d_mode (servers/rendering/renderer_viewport.cpp:979)
ERROR: FSR1 is only available when using the Forward+ renderer.
   at: viewport_set_scaling_3d_mode (servers/rendering/renderer_viewport.cpp:979)
ERROR: FSR1 is only available when using the Forward+ renderer.
   at: viewport_set_scaling_3d_mode (servers/rendering/renderer_viewport.cpp:979)
ERROR: FSR1 is only available when using the Forward+ renderer.
   at: viewport_set_scaling_3d_mode (servers/rendering/renderer_viewport.cpp:979)
ERROR: FSR1 is only available when using the Forward+ renderer.
   at: viewport_set_scaling_3d_mode (servers/rendering/renderer_viewport.cpp:979)
ERROR: FSR1 is only available when using the Forward+ renderer.
   at: viewport_set_scaling_3d_mode (servers/rendering/renderer_viewport.cpp:979)
ERROR: FSR1 is only available when using the Forward+ renderer.
   at: viewport_set_scaling_3d_mode (servers/rendering/renderer_viewport.cpp:979)
ERROR: FSR1 is only available when using the Forward+ renderer.
   at: viewport_set_scaling_3d_mode (servers/rendering/renderer_viewport.cpp:979)
ERROR: FSR1 is only available when using the Forward+ renderer.
   at: viewport_set_scaling_3d_mode (servers/rendering/renderer_viewport.cpp:979)
ERROR: FSR1 is only available when using the Forward+ renderer.
   at: viewport_set_scaling_3d_mode (servers/rendering/renderer_viewport.cpp:979)
ERROR: FSR1 is only available when using the Forward+ renderer.
   at: viewport_set_scaling_3d_mode (servers/rendering/renderer_viewport.cpp:979)
ERROR: FSR1 is only available when using the Forward+ renderer.
   at: viewport_set_scaling_3d_mode (servers/rendering/renderer_viewport.cpp:979)
ERROR: FSR1 is only available when using the Forward+ renderer.
   at: viewport_set_scaling_3d_mode (servers/rendering/renderer_viewport.cpp:979)
ERROR: FSR1 is only available when using the Forward+ renderer.
   at: viewport_set_scaling_3d_mode (servers/rendering/renderer_viewport.cpp:979)
ERROR: FSR1 is only available when using the Forward+ renderer.
   at: viewport_set_scaling_3d_mode (servers/rendering/renderer_viewport.cpp:979)
ERROR: FSR1 is only available when using the Forward+ renderer.
   at: viewport_set_scaling_3d_mode (servers/rendering/renderer_viewport.cpp:979)
ERROR: FSR1 is only available when using the Forward+ renderer.
   at: viewport_set_scaling_3d_mode (servers/rendering/renderer_viewport.cpp:979)
ERROR: FSR1 is only available when using the Forward+ renderer.
   at: viewport_set_scaling_3d_mode (servers/rendering/renderer_viewport.cpp:979)
ERROR: FSR1 is only available when using the Forward+ renderer.
   at: viewport_set_scaling_3d_mode (servers/rendering/renderer_viewport.cpp:979)
ERROR: FSR1 is only available when using the Forward+ renderer.
   at: viewport_set_scaling_3d_mode (servers/rendering/renderer_viewport.cpp:979)
ERROR: FSR1 is only available when using the Forward+ renderer.
   at: viewport_set_scaling_3d_mode (servers/rendering/renderer_viewport.cpp:979)
ERROR: FSR1 is only available when using the Forward+ renderer.
   at: viewport_set_scaling_3d_mode (servers/rendering/renderer_viewport.cpp:979)
ERROR: FSR1 is only available when using the Forward+ renderer.
   at: viewport_set_scaling_3d_mode (servers/rendering/renderer_viewport.cpp:979)
ERROR: FSR1 is only available when using the Forward+ renderer.
   at: viewport_set_scaling_3d_mode (servers/rendering/renderer_viewport.cpp:979)
ERROR: FSR1 is only available when using the Forward+ renderer.
   at: viewport_set_scaling_3d_mode (servers/rendering/renderer_viewport.cpp:979)
ERROR: FSR1 is only available when using the Forward+ renderer.
   at: viewport_set_scaling_3d_mode (servers/rendering/renderer_viewport.cpp:979)
ERROR: FSR1 is only available when using the Forward+ renderer.
   at: viewport_set_scaling_3d_mode (servers/rendering/renderer_viewport.cpp:979)
ERROR: FSR1 is only available when using the Forward+ renderer.
   at: viewport_set_scaling_3d_mode (servers/rendering/renderer_viewport.cpp:979)
ERROR: FSR1 is only available when using the Forward+ renderer.
   at: viewport_set_scaling_3d_mode (servers/rendering/renderer_viewport.cpp:979)
ERROR: FSR1 is only available when using the Forward+ renderer.
   at: viewport_set_scaling_3d_mode (servers/rendering/renderer_viewport.cpp:979)
ERROR: FSR1 is only available when using the Forward+ renderer.
   at: viewport_set_scaling_3d_mode (servers/rendering/renderer_viewport.cpp:979)
ERROR: FSR1 is only available when using the Forward+ renderer.
   at: viewport_set_scaling_3d_mode (servers/rendering/renderer_viewport.cpp:979)
ERROR: FSR1 is only available when using the Forward+ renderer.
   at: viewport_set_scaling_3d_mode (servers/rendering/renderer_viewport.cpp:979)
ERROR: FSR1 is only available when using the Forward+ renderer.
   at: viewport_set_scaling_3d_mode (servers/rendering/renderer_viewport.cpp:979)
ERROR: FSR1 is only available when using the Forward+ renderer.
   at: viewport_set_scaling_3d_mode (servers/rendering/renderer_viewport.cpp:979)
ERROR: FSR1 is only available when using the Forward+ renderer.
   at: viewport_set_scaling_3d_mode (servers/rendering/renderer_viewport.cpp:979)
ERROR: FSR1 is only available when using the Forward+ renderer.
   at: viewport_set_scaling_3d_mode (servers/rendering/renderer_viewport.cpp:979)
ERROR: FSR1 is only available when using the Forward+ renderer.
   at: viewport_set_scaling_3d_mode (servers/rendering/renderer_viewport.cpp:979)
ERROR: FSR1 is only available when using the Forward+ renderer.
   at: viewport_set_scaling_3d_mode (servers/rendering/renderer_viewport.cpp:979)
ERROR: FSR1 is only available when using the Forward+ renderer.
   at: viewport_set_scaling_3d_mode (servers/rendering/renderer_viewport.cpp:979)
ERROR: FSR1 is only available when using the Forward+ renderer.
   at: viewport_set_scaling_3d_mode (servers/rendering/renderer_viewport.cpp:979)
ERROR: FSR1 is only available when using the Forward+ renderer.
   at: viewport_set_scaling_3d_mode (servers/rendering/renderer_viewport.cpp:979)
ERROR: FSR1 is only available when using the Forward+ renderer.
   at: viewport_set_scaling_3d_mode (servers/rendering/renderer_viewport.cpp:979)
ERROR: FSR1 is only available when using the Forward+ renderer.
   at: viewport_set_scaling_3d_mode (servers/rendering/renderer_viewport.cpp:979)
ERROR: FSR1 is only available when using the Forward+ renderer.
   at: viewport_set_scaling_3d_mode (servers/rendering/renderer_viewport.cpp:979)
ERROR: FSR1 is only available when using the Forward+ renderer.
   at: viewport_set_scaling_3d_mode (servers/rendering/renderer_viewport.cpp:979)
ERROR: FSR1 is only available when using the Forward+ renderer.
   at: viewport_set_scaling_3d_mode (servers/rendering/renderer_viewport.cpp:979)
ERROR: FSR1 is only available when using the Forward+ renderer.
   at: viewport_set_scaling_3d_mode (servers/rendering/renderer_viewport.cpp:979)
ERROR: FSR1 is only available when using the Forward+ renderer.
   at: viewport_set_scaling_3d_mode (servers/rendering/renderer_viewport.cpp:979)
ERROR: FSR1 is only available when using the Forward+ renderer.
   at: viewport_set_scaling_3d_mode (servers/rendering/renderer_viewport.cpp:979)
ERROR: FSR1 is only available when using the Forward+ renderer.
   at: viewport_set_scaling_3d_mode (servers/rendering/renderer_viewport.cpp:979)
ERROR: FSR1 is only available when using the Forward+ renderer.
   at: viewport_set_scaling_3d_mode (servers/rendering/renderer_viewport.cpp:979)
ERROR: FSR1 is only available when using the Forward+ renderer.
   at: viewport_set_scaling_3d_mode (servers/rendering/renderer_viewport.cpp:979)
ERROR: FSR1 is only available when using the Forward+ renderer.
   at: viewport_set_scaling_3d_mode (servers/rendering/renderer_viewport.cpp:979)
ERROR: FSR1 is only available when using the Forward+ renderer.
   at: viewport_set_scaling_3d_mode (servers/rendering/renderer_viewport.cpp:979)
ERROR: FSR1 is only available when using the Forward+ renderer.
   at: viewport_set_scaling_3d_mode (servers/rendering/renderer_viewport.cpp:979)
ERROR: FSR1 is only available when using the Forward+ renderer.
   at: viewport_set_scaling_3d_mode (servers/rendering/renderer_viewport.cpp:979)
ERROR: FSR1 is only available when using the Forward+ renderer.
   at: viewport_set_scaling_3d_mode (servers/rendering/renderer_viewport.cpp:979)
ERROR: FSR1 is only available when using the Forward+ renderer.
   at: viewport_set_scaling_3d_mode (servers/rendering/renderer_viewport.cpp:979)
ERROR: FSR1 is only available when using the Forward+ renderer.
   at: viewport_set_scaling_3d_mode (servers/rendering/renderer_viewport.cpp:979)
ERROR: FSR1 is only available when using the Forward+ renderer.
   at: viewport_set_scaling_3d_mode (servers/rendering/renderer_viewport.cpp:979)
ERROR: FSR1 is only available when using the Forward+ renderer.
   at: viewport_set_scaling_3d_mode (servers/rendering/renderer_viewport.cpp:979)
ERROR: FSR1 is only available when using the Forward+ renderer.
   at: viewport_set_scaling_3d_mode (servers/rendering/renderer_viewport.cpp:979)
ERROR: FSR1 is only available when using the Forward+ renderer.
   at: viewport_set_scaling_3d_mode (servers/rendering/renderer_viewport.cpp:979)
ERROR: FSR1 is only available when using the Forward+ renderer.
   at: viewport_set_scaling_3d_mode (servers/rendering/renderer_viewport.cpp:979)
ERROR: FSR1 is only available when using the Forward+ renderer.
   at: viewport_set_scaling_3d_mode (servers/rendering/renderer_viewport.cpp:979)
ERROR: FSR1 is only available when using the Forward+ renderer.
   at: viewport_set_scaling_3d_mode (servers/rendering/renderer_viewport.cpp:979)
ERROR: FSR1 is only available when using the Forward+ renderer.
   at: viewport_set_scaling_3d_mode (servers/rendering/renderer_viewport.cpp:979)
ERROR: FSR1 is only available when using the Forward+ renderer.
   at: viewport_set_scaling_3d_mode (servers/rendering/renderer_viewport.cpp:979)
ERROR: FSR1 is only available when using the Forward+ renderer.
   at: viewport_set_scaling_3d_mode (servers/rendering/renderer_viewport.cpp:979)
ERROR: FSR1 is only available when using the Forward+ renderer.
   at: viewport_set_scaling_3d_mode (servers/rendering/renderer_viewport.cpp:979)
ERROR: FSR1 is only available when using the Forward+ renderer.
   at: viewport_set_scaling_3d_mode (servers/rendering/renderer_viewport.cpp:979)
ERROR: FSR1 is only available when using the Forward+ renderer.
   at: viewport_set_scaling_3d_mode (servers/rendering/renderer_viewport.cpp:979)
ERROR: FSR1 is only available when using the Forward+ renderer.
   at: viewport_set_scaling_3d_mode (servers/rendering/renderer_viewport.cpp:979)
ERROR: FSR1 is only available when using the Forward+ renderer.
   at: viewport_set_scaling_3d_mode (servers/rendering/renderer_viewport.cpp:979)
ERROR: FSR1 is only available when using the Forward+ renderer.
   at: viewport_set_scaling_3d_mode (servers/rendering/renderer_viewport.cpp:979)
ERROR: FSR1 is only available when using the Forward+ renderer.
   at: viewport_set_scaling_3d_mode (servers/rendering/renderer_viewport.cpp:979)
ERROR: FSR1 is only available when using the Forward+ renderer.
   at: viewport_set_scaling_3d_mode (servers/rendering/renderer_viewport.cpp:979)
ERROR: FSR1 is only available when using the Forward+ renderer.
   at: viewport_set_scaling_3d_mode (servers/rendering/renderer_viewport.cpp:979)
ERROR: FSR1 is only available when using the Forward+ renderer.
   at: viewport_set_scaling_3d_mode (servers/rendering/renderer_viewport.cpp:979)
ERROR: FSR1 is only available when using the Forward+ renderer.
   at: viewport_set_scaling_3d_mode (servers/rendering/renderer_viewport.cpp:979)
ERROR: FSR1 is only available when using the Forward+ renderer.
   at: viewport_set_scaling_3d_mode (servers/rendering/renderer_viewport.cpp:979)
ERROR: FSR1 is only available when using the Forward+ renderer.
   at: viewport_set_scaling_3d_mode (servers/rendering/renderer_viewport.cpp:979)
ERROR: FSR1 is only available when using the Forward+ renderer.
   at: viewport_set_scaling_3d_mode (servers/rendering/renderer_viewport.cpp:979)
ERROR: FSR1 is only available when using the Forward+ renderer.
   at: viewport_set_scaling_3d_mode (servers/rendering/renderer_viewport.cpp:979)
ERROR: FSR1 is only available when using the Forward+ renderer.
   at: viewport_set_scaling_3d_mode (servers/rendering/renderer_viewport.cpp:979)
ERROR: FSR1 is only available when using the Forward+ renderer.
   at: viewport_set_scaling_3d_mode (servers/rendering/renderer_viewport.cpp:979)
ERROR: FSR1 is only available when using the Forward+ renderer.
   at: viewport_set_scaling_3d_mode (servers/rendering/renderer_viewport.cpp:979)
ERROR: FSR1 is only available when using the Forward+ renderer.
   at: viewport_set_scaling_3d_mode (servers/rendering/renderer_viewport.cpp:979)
ERROR: FSR1 is only available when using the Forward+ renderer.
   at: viewport_set_scaling_3d_mode (servers/rendering/renderer_viewport.cpp:979)
ERROR: FSR1 is only available when using the Forward+ renderer.
   at: viewport_set_scaling_3d_mode (servers/rendering/renderer_viewport.cpp:979)
ERROR: FSR1 is only available when using the Forward+ renderer.
   at: viewport_set_scaling_3d_mode (servers/rendering/renderer_viewport.cpp:979)
ERROR: FSR1 is only available when using the Forward+ renderer.
   at: viewport_set_scaling_3d_mode (servers/rendering/renderer_viewport.cpp:979)
ERROR: FSR1 is only available when using the Forward+ renderer.
   at: viewport_set_scaling_3d_mode (servers/rendering/renderer_viewport.cpp:979)
ERROR: FSR1 is only available when using the Forward+ renderer.
   at: viewport_set_scaling_3d_mode (servers/rendering/renderer_viewport.cpp:979)
ERROR: FSR1 is only available when using the Forward+ renderer.
   at: viewport_set_scaling_3d_mode (servers/rendering/renderer_viewport.cpp:979)
ERROR: FSR1 is only available when using the Forward+ renderer.
   at: viewport_set_scaling_3d_mode (servers/rendering/renderer_viewport.cpp:979)
ERROR: FSR1 is only available when using the Forward+ renderer.
   at: viewport_set_scaling_3d_mode (servers/rendering/renderer_viewport.cpp:979)
ERROR: FSR1 is only available when using the Forward+ renderer.
   at: viewport_set_scaling_3d_mode (servers/rendering/renderer_viewport.cpp:979)
ERROR: FSR1 is only available when using the Forward+ renderer.
   at: viewport_set_scaling_3d_mode (servers/rendering/renderer_viewport.cpp:979)
ERROR: FSR1 is only available when using the Forward+ renderer.
   at: viewport_set_scaling_3d_mode (servers/rendering/renderer_viewport.cpp:979)
ERROR: FSR1 is only available when using the Forward+ renderer.
   at: viewport_set_scaling_3d_mode (servers/rendering/renderer_viewport.cpp:979)
ERROR: FSR1 is only available when using the Forward+ renderer.
   at: viewport_set_scaling_3d_mode (servers/rendering/renderer_viewport.cpp:979)
ERROR: FSR1 is only available when using the Forward+ renderer.
   at: viewport_set_scaling_3d_mode (servers/rendering/renderer_viewport.cpp:979)
ERROR: FSR1 is only available when using the Forward+ renderer.
   at: viewport_set_scaling_3d_mode (servers/rendering/renderer_viewport.cpp:979)
ERROR: FSR1 is only available when using the Forward+ renderer.
   at: viewport_set_scaling_3d_mode (servers/rendering/renderer_viewport.cpp:979)
ERROR: FSR1 is only available when using the Forward+ renderer.
   at: viewport_set_scaling_3d_mode (servers/rendering/renderer_viewport.cpp:979)
ERROR: FSR1 is only available when using the Forward+ renderer.
   at: viewport_set_scaling_3d_mode (servers/rendering/renderer_viewport.cpp:979)
ERROR: FSR1 is only available when using the Forward+ renderer.
   at: viewport_set_scaling_3d_mode (servers/rendering/renderer_viewport.cpp:979)
ERROR: FSR1 is only available when using the Forward+ renderer.
   at: viewport_set_scaling_3d_mode (servers/rendering/renderer_viewport.cpp:979)
ERROR: FSR1 is only available when using the Forward+ renderer.
   at: viewport_set_scaling_3d_mode (servers/rendering/renderer_viewport.cpp:979)
ERROR: FSR1 is only available when using the Forward+ renderer.
   at: viewport_set_scaling_3d_mode (servers/rendering/renderer_viewport.cpp:979)
ERROR: FSR1 is only available when using the Forward+ renderer.
   at: viewport_set_scaling_3d_mode (servers/rendering/renderer_viewport.cpp:979)
ERROR: FSR1 is only available when using the Forward+ renderer.
   at: viewport_set_scaling_3d_mode (servers/rendering/renderer_viewport.cpp:979)
ERROR: FSR1 is only available when using the Forward+ renderer.
   at: viewport_set_scaling_3d_mode (servers/rendering/renderer_viewport.cpp:979)
ERROR: FSR1 is only available when using the Forward+ renderer.
   at: viewport_set_scaling_3d_mode (servers/rendering/renderer_viewport.cpp:979)
ERROR: FSR1 is only available when using the Forward+ renderer.
   at: viewport_set_scaling_3d_mode (servers/rendering/renderer_viewport.cpp:979)
ERROR: FSR1 is only available when using the Forward+ renderer.
   at: viewport_set_scaling_3d_mode (servers/rendering/renderer_viewport.cpp:979)
ERROR: FSR1 is only available when using the Forward+ renderer.
   at: viewport_set_scaling_3d_mode (servers/rendering/renderer_viewport.cpp:979)
ERROR: FSR1 is only available when using the Forward+ renderer.
   at: viewport_set_scaling_3d_mode (servers/rendering/renderer_viewport.cpp:979)
ERROR: FSR1 is only available when using the Forward+ renderer.
   at: viewport_set_scaling_3d_mode (servers/rendering/renderer_viewport.cpp:979)
ERROR: FSR1 is only available when using the Forward+ renderer.
   at: viewport_set_scaling_3d_mode (servers/rendering/renderer_viewport.cpp:979)
ERROR: FSR1 is only available when using the Forward+ renderer.
   at: viewport_set_scaling_3d_mode (servers/rendering/renderer_viewport.cpp:979)
ERROR: FSR1 is only available when using the Forward+ renderer.
   at: viewport_set_scaling_3d_mode (servers/rendering/renderer_viewport.cpp:979)
ERROR: FSR1 is only available when using the Forward+ renderer.
   at: viewport_set_scaling_3d_mode (servers/rendering/renderer_viewport.cpp:979)
ERROR: FSR1 is only available when using the Forward+ renderer.
   at: viewport_set_scaling_3d_mode (servers/rendering/renderer_viewport.cpp:979)
ERROR: FSR1 is only available when using the Forward+ renderer.
   at: viewport_set_scaling_3d_mode (servers/rendering/renderer_viewport.cpp:979)
ERROR: FSR1 is only available when using the Forward+ renderer.
   at: viewport_set_scaling_3d_mode (servers/rendering/renderer_viewport.cpp:979)
ERROR: FSR1 is only available when using the Forward+ renderer.
   at: viewport_set_scaling_3d_mode (servers/rendering/renderer_viewport.cpp:979)
ERROR: FSR1 is only available when using the Forward+ renderer.
   at: viewport_set_scaling_3d_mode (servers/rendering/renderer_viewport.cpp:979)
ERROR: FSR1 is only available when using the Forward+ renderer.
   at: viewport_set_scaling_3d_mode (servers/rendering/renderer_viewport.cpp:979)
ERROR: FSR1 is only available when using the Forward+ renderer.
   at: viewport_set_scaling_3d_mode (servers/rendering/renderer_viewport.cpp:979)
ERROR: FSR1 is only available when using the Forward+ renderer.
   at: viewport_set_scaling_3d_mode (servers/rendering/renderer_viewport.cpp:979)
ERROR: FSR1 is only available when using the Forward+ renderer.
   at: viewport_set_scaling_3d_mode (servers/rendering/renderer_viewport.cpp:979)
ERROR: FSR1 is only available when using the Forward+ renderer.
   at: viewport_set_scaling_3d_mode (servers/rendering/renderer_viewport.cpp:979)
ERROR: FSR1 is only available when using the Forward+ renderer.
   at: viewport_set_scaling_3d_mode (servers/rendering/renderer_viewport.cpp:979)
ERROR: FSR1 is only available when using the Forward+ renderer.
   at: viewport_set_scaling_3d_mode (servers/rendering/renderer_viewport.cpp:979)
ERROR: FSR1 is only available when using the Forward+ renderer.
   at: viewport_set_scaling_3d_mode (servers/rendering/renderer_viewport.cpp:979)
ERROR: FSR1 is only available when using the Forward+ renderer.
   at: viewport_set_scaling_3d_mode (servers/rendering/renderer_viewport.cpp:979)
ERROR: FSR1 is only available when using the Forward+ renderer.
   at: viewport_set_scaling_3d_mode (servers/rendering/renderer_viewport.cpp:979)
ERROR: FSR1 is only available when using the Forward+ renderer.
   at: viewport_set_scaling_3d_mode (servers/rendering/renderer_viewport.cpp:979)
ERROR: FSR1 is only available when using the Forward+ renderer.
   at: viewport_set_scaling_3d_mode (servers/rendering/renderer_viewport.cpp:979)
ERROR: FSR1 is only available when using the Forward+ renderer.
   at: viewport_set_scaling_3d_mode (servers/rendering/renderer_viewport.cpp:979)
ERROR: FSR1 is only available when using the Forward+ renderer.
   at: viewport_set_scaling_3d_mode (servers/rendering/renderer_viewport.cpp:979)
ERROR: FSR1 is only available when using the Forward+ renderer.
   at: viewport_set_scaling_3d_mode (servers/rendering/renderer_viewport.cpp:979)
ERROR: FSR1 is only available when using the Forward+ renderer.
   at: viewport_set_scaling_3d_mode (servers/rendering/renderer_viewport.cpp:979)
ERROR: FSR1 is only available when using the Forward+ renderer.
   at: viewport_set_scaling_3d_mode (servers/rendering/renderer_viewport.cpp:979)
ERROR: FSR1 is only available when using the Forward+ renderer.
   at: viewport_set_scaling_3d_mode (servers/rendering/renderer_viewport.cpp:979)
ERROR: FSR1 is only available when using the Forward+ renderer.
   at: viewport_set_scaling_3d_mode (servers/rendering/renderer_viewport.cpp:979)
ERROR: FSR1 is only available when using the Forward+ renderer.
   at: viewport_set_scaling_3d_mode (servers/rendering/renderer_viewport.cpp:979)
ERROR: FSR1 is only available when using the Forward+ renderer.
   at: viewport_set_scaling_3d_mode (servers/rendering/renderer_viewport.cpp:979)
ERROR: FSR1 is only available when using the Forward+ renderer.
   at: viewport_set_scaling_3d_mode (servers/rendering/renderer_viewport.cpp:979)
ERROR: FSR1 is only available when using the Forward+ renderer.
   at: viewport_set_scaling_3d_mode (servers/rendering/renderer_viewport.cpp:979)
ERROR: FSR1 is only available when using the Forward+ renderer.
   at: viewport_set_scaling_3d_mode (servers/rendering/renderer_viewport.cpp:979)
ERROR: FSR1 is only available when using the Forward+ renderer.
   at: viewport_set_scaling_3d_mode (servers/rendering/renderer_viewport.cpp:979)
ERROR: FSR1 is only available when using the Forward+ renderer.
   at: viewport_set_scaling_3d_mode (servers/rendering/renderer_viewport.cpp:979)
ERROR: FSR1 is only available when using the Forward+ renderer.
   at: viewport_set_scaling_3d_mode (servers/rendering/renderer_viewport.cpp:979)
ERROR: FSR1 is only available when using the Forward+ renderer.
   at: viewport_set_scaling_3d_mode (servers/rendering/renderer_viewport.cpp:979)
ERROR: FSR1 is only available when using the Forward+ renderer.
   at: viewport_set_scaling_3d_mode (servers/rendering/renderer_viewport.cpp:979)
ERROR: FSR1 is only available when using the Forward+ renderer.
   at: viewport_set_scaling_3d_mode (servers/rendering/renderer_viewport.cpp:979)
ERROR: FSR1 is only available when using the Forward+ renderer.
   at: viewport_set_scaling_3d_mode (servers/rendering/renderer_viewport.cpp:979)
ERROR: FSR1 is only available when using the Forward+ renderer.
   at: viewport_set_scaling_3d_mode (servers/rendering/renderer_viewport.cpp:979)
ERROR: FSR1 is only available when using the Forward+ renderer.
   at: viewport_set_scaling_3d_mode (servers/rendering/renderer_viewport.cpp:979)
ERROR: FSR1 is only available when using the Forward+ renderer.
   at: viewport_set_scaling_3d_mode (servers/rendering/renderer_viewport.cpp:979)
ERROR: FSR1 is only available when using the Forward+ renderer.
   at: viewport_set_scaling_3d_mode (servers/rendering/renderer_viewport.cpp:979)
ERROR: FSR1 is only available when using the Forward+ renderer.
   at: viewport_set_scaling_3d_mode (servers/rendering/renderer_viewport.cpp:979)
ERROR: FSR1 is only available when using the Forward+ renderer.
   at: viewport_set_scaling_3d_mode (servers/rendering/renderer_viewport.cpp:979)
ERROR: FSR1 is only available when using the Forward+ renderer.
   at: viewport_set_scaling_3d_mode (servers/rendering/renderer_viewport.cpp:979)
ERROR: FSR1 is only available when using the Forward+ renderer.
   at: viewport_set_scaling_3d_mode (servers/rendering/renderer_viewport.cpp:979)
ERROR: FSR1 is only available when using the Forward+ renderer.
   at: viewport_set_scaling_3d_mode (servers/rendering/renderer_viewport.cpp:979)
ERROR: FSR1 is only available when using the Forward+ renderer.
   at: viewport_set_scaling_3d_mode (servers/rendering/renderer_viewport.cpp:979)
ERROR: FSR1 is only available when using the Forward+ renderer.
   at: viewport_set_scaling_3d_mode (servers/rendering/renderer_viewport.cpp:979)
ERROR: FSR1 is only available when using the Forward+ renderer.
   at: viewport_set_scaling_3d_mode (servers/rendering/renderer_viewport.cpp:979)
ERROR: FSR1 is only available when using the Forward+ renderer.
   at: viewport_set_scaling_3d_mode (servers/rendering/renderer_viewport.cpp:979)
ERROR: FSR1 is only available when using the Forward+ renderer.
   at: viewport_set_scaling_3d_mode (servers/rendering/renderer_viewport.cpp:979)
ERROR: FSR1 is only available when using the Forward+ renderer.
   at: viewport_set_scaling_3d_mode (servers/rendering/renderer_viewport.cpp:979)
ERROR: FSR1 is only available when using the Forward+ renderer.
   at: viewport_set_scaling_3d_mode (servers/rendering/renderer_viewport.cpp:979)
ERROR: FSR1 is only available when using the Forward+ renderer.
   at: viewport_set_scaling_3d_mode (servers/rendering/renderer_viewport.cpp:979)
ERROR: FSR1 is only available when using the Forward+ renderer.
   at: viewport_set_scaling_3d_mode (servers/rendering/renderer_viewport.cpp:979)
ERROR: FSR1 is only available when using the Forward+ renderer.
   at: viewport_set_scaling_3d_mode (servers/rendering/renderer_viewport.cpp:979)
ERROR: FSR1 is only available when using the Forward+ renderer.
   at: viewport_set_scaling_3d_mode (servers/rendering/renderer_viewport.cpp:979)
ERROR: FSR1 is only available when using the Forward+ renderer.
   at: viewport_set_scaling_3d_mode (servers/rendering/renderer_viewport.cpp:979)
ERROR: FSR1 is only available when using the Forward+ renderer.
   at: viewport_set_scaling_3d_mode (servers/rendering/renderer_viewport.cpp:979)
ERROR: FSR1 is only available when using the Forward+ renderer.
   at: viewport_set_scaling_3d_mode (servers/rendering/renderer_viewport.cpp:979)
ERROR: FSR1 is only available when using the Forward+ renderer.
   at: viewport_set_scaling_3d_mode (servers/rendering/renderer_viewport.cpp:979)
ERROR: FSR1 is only available when using the Forward+ renderer.
   at: viewport_set_scaling_3d_mode (servers/rendering/renderer_viewport.cpp:979)
ERROR: FSR1 is only available when using the Forward+ renderer.
   at: viewport_set_scaling_3d_mode (servers/rendering/renderer_viewport.cpp:979)
ERROR: FSR1 is only available when using the Forward+ renderer.
   at: viewport_set_scaling_3d_mode (servers/rendering/renderer_viewport.cpp:979)
ERROR: FSR1 is only available when using the Forward+ renderer.
   at: viewport_set_scaling_3d_mode (servers/rendering/renderer_viewport.cpp:979)
ERROR: FSR1 is only available when using the Forward+ renderer.
   at: viewport_set_scaling_3d_mode (servers/rendering/renderer_viewport.cpp:979)
ERROR: FSR1 is only available when using the Forward+ renderer.
   at: viewport_set_scaling_3d_mode (servers/rendering/renderer_viewport.cpp:979)
ERROR: FSR1 is only available when using the Forward+ renderer.
   at: viewport_set_scaling_3d_mode (servers/rendering/renderer_viewport.cpp:979)
ERROR: FSR1 is only available when using the Forward+ renderer.
   at: viewport_set_scaling_3d_mode (servers/rendering/renderer_viewport.cpp:979)
ERROR: FSR1 is only available when using the Forward+ renderer.
   at: viewport_set_scaling_3d_mode (servers/rendering/renderer_viewport.cpp:979)
ERROR: FSR1 is only available when using the Forward+ renderer.
   at: viewport_set_scaling_3d_mode (servers/rendering/renderer_viewport.cpp:979)
ERROR: FSR1 is only available when using the Forward+ renderer.
   at: viewport_set_scaling_3d_mode (servers/rendering/renderer_viewport.cpp:979)
ERROR: FSR1 is only available when using the Forward+ renderer.
   at: viewport_set_scaling_3d_mode (servers/rendering/renderer_viewport.cpp:979)
ERROR: FSR1 is only available when using the Forward+ renderer.
   at: viewport_set_scaling_3d_mode (servers/rendering/renderer_viewport.cpp:979)
ERROR: FSR1 is only available when using the Forward+ renderer.
   at: viewport_set_scaling_3d_mode (servers/rendering/renderer_viewport.cpp:979)
ERROR: FSR1 is only available when using the Forward+ renderer.
   at: viewport_set_scaling_3d_mode (servers/rendering/renderer_viewport.cpp:979)
ERROR: FSR1 is only available when using the Forward+ renderer.
   at: viewport_set_scaling_3d_mode (servers/rendering/renderer_viewport.cpp:979)
ERROR: FSR1 is only available when using the Forward+ renderer.
   at: viewport_set_scaling_3d_mode (servers/rendering/renderer_viewport.cpp:979)
ERROR: FSR1 is only available when using the Forward+ renderer.
   at: viewport_set_scaling_3d_mode (servers/rendering/renderer_viewport.cpp:979)
ERROR: FSR1 is only available when using the Forward+ renderer.
   at: viewport_set_scaling_3d_mode (servers/rendering/renderer_viewport.cpp:979)
ERROR: FSR1 is only available when using the Forward+ renderer.
   at: viewport_set_scaling_3d_mode (servers/rendering/renderer_viewport.cpp:979)
ERROR: FSR1 is only available when using the Forward+ renderer.
   at: viewport_set_scaling_3d_mode (servers/rendering/renderer_viewport.cpp:979)
ERROR: FSR1 is only available when using the Forward+ renderer.
   at: viewport_set_scaling_3d_mode (servers/rendering/renderer_viewport.cpp:979)
ERROR: FSR1 is only available when using the Forward+ renderer.
   at: viewport_set_scaling_3d_mode (servers/rendering/renderer_viewport.cpp:979)
ERROR: FSR1 is only available when using the Forward+ renderer.
   at: viewport_set_scaling_3d_mode (servers/rendering/renderer_viewport.cpp:979)
ERROR: FSR1 is only available when using the Forward+ renderer.
   at: viewport_set_scaling_3d_mode (servers/rendering/renderer_viewport.cpp:979)
ERROR: FSR1 is only available when using the Forward+ renderer.
   at: viewport_set_scaling_3d_mode (servers/rendering/renderer_viewport.cpp:979)
ERROR: FSR1 is only available when using the Forward+ renderer.
   at: viewport_set_scaling_3d_mode (servers/rendering/renderer_viewport.cpp:979)
ERROR: FSR1 is only available when using the Forward+ renderer.
   at: viewport_set_scaling_3d_mode (servers/rendering/renderer_viewport.cpp:979)
ERROR: FSR1 is only available when using the Forward+ renderer.
   at: viewport_set_scaling_3d_mode (servers/rendering/renderer_viewport.cpp:979)
ERROR: FSR1 is only available when using the Forward+ renderer.
   at: viewport_set_scaling_3d_mode (servers/rendering/renderer_viewport.cpp:979)
ERROR: FSR1 is only available when using the Forward+ renderer.
   at: viewport_set_scaling_3d_mode (servers/rendering/renderer_viewport.cpp:979)
ERROR: FSR1 is only available when using the Forward+ renderer.
   at: viewport_set_scaling_3d_mode (servers/rendering/renderer_viewport.cpp:979)
ERROR: FSR1 is only available when using the Forward+ renderer.
   at: viewport_set_scaling_3d_mode (servers/rendering/renderer_viewport.cpp:979)
ERROR: FSR1 is only available when using the Forward+ renderer.
   at: viewport_set_scaling_3d_mode (servers/rendering/renderer_viewport.cpp:979)
ERROR: FSR1 is only available when using the Forward+ renderer.
   at: viewport_set_scaling_3d_mode (servers/rendering/renderer_viewport.cpp:979)
ERROR: FSR1 is only available when using the Forward+ renderer.
   at: viewport_set_scaling_3d_mode (servers/rendering/renderer_viewport.cpp:979)
ERROR: FSR1 is only available when using the Forward+ renderer.
   at: viewport_set_scaling_3d_mode (servers/rendering/renderer_viewport.cpp:979)
ERROR: FSR1 is only available when using the Forward+ renderer.
   at: viewport_set_scaling_3d_mode (servers/rendering/renderer_viewport.cpp:979)
ERROR: FSR1 is only available when using the Forward+ renderer.
   at: viewport_set_scaling_3d_mode (servers/rendering/renderer_viewport.cpp:979)
ERROR: FSR1 is only available when using the Forward+ renderer.
   at: viewport_set_scaling_3d_mode (servers/rendering/renderer_viewport.cpp:979)
ERROR: FSR1 is only available when using the Forward+ renderer.
   at: viewport_set_scaling_3d_mode (servers/rendering/renderer_viewport.cpp:979)
ERROR: FSR1 is only available when using the Forward+ renderer.
   at: viewport_set_scaling_3d_mode (servers/rendering/renderer_viewport.cpp:979)
ERROR: FSR1 is only available when using the Forward+ renderer.
   at: viewport_set_scaling_3d_mode (servers/rendering/renderer_viewport.cpp:979)
ERROR: FSR1 is only available when using the Forward+ renderer.
   at: viewport_set_scaling_3d_mode (servers/rendering/renderer_viewport.cpp:979)
ERROR: FSR1 is only available when using the Forward+ renderer.
   at: viewport_set_scaling_3d_mode (servers/rendering/renderer_viewport.cpp:979)
ERROR: FSR1 is only available when using the Forward+ renderer.
   at: viewport_set_scaling_3d_mode (servers/rendering/renderer_viewport.cpp:979)
ERROR: FSR1 is only available when using the Forward+ renderer.
   at: viewport_set_scaling_3d_mode (servers/rendering/renderer_viewport.cpp:979)
ERROR: FSR1 is only available when using the Forward+ renderer.
   at: viewport_set_scaling_3d_mode (servers/rendering/renderer_viewport.cpp:979)
ERROR: FSR1 is only available when using the Forward+ renderer.
   at: viewport_set_scaling_3d_mode (servers/rendering/renderer_viewport.cpp:979)
ERROR: FSR1 is only available when using the Forward+ renderer.
   at: viewport_set_scaling_3d_mode (servers/rendering/renderer_viewport.cpp:979)
ERROR: FSR1 is only available when using the Forward+ renderer.
   at: viewport_set_scaling_3d_mode (servers/rendering/renderer_viewport.cpp:979)
ERROR: FSR1 is only available when using the Forward+ renderer.
   at: viewport_set_scaling_3d_mode (servers/rendering/renderer_viewport.cpp:979)
ERROR: FSR1 is only available when using the Forward+ renderer.
   at: viewport_set_scaling_3d_mode (servers/rendering/renderer_viewport.cpp:979)
ERROR: FSR1 is only available when using the Forward+ renderer.
   at: viewport_set_scaling_3d_mode (servers/rendering/renderer_viewport.cpp:979)
ERROR: FSR1 is only available when using the Forward+ renderer.
   at: viewport_set_scaling_3d_mode (servers/rendering/renderer_viewport.cpp:979)
ERROR: FSR1 is only available when using the Forward+ renderer.
   at: viewport_set_scaling_3d_mode (servers/rendering/renderer_viewport.cpp:979)
ERROR: FSR1 is only available when using the Forward+ renderer.
   at: viewport_set_scaling_3d_mode (servers/rendering/renderer_viewport.cpp:979)
ERROR: FSR1 is only available when using the Forward+ renderer.
   at: viewport_set_scaling_3d_mode (servers/rendering/renderer_viewport.cpp:979)
ERROR: FSR1 is only available when using the Forward+ renderer.
   at: viewport_set_scaling_3d_mode (servers/rendering/renderer_viewport.cpp:979)
ERROR: FSR1 is only available when using the Forward+ renderer.
   at: viewport_set_scaling_3d_mode (servers/rendering/renderer_viewport.cpp:979)
ERROR: FSR1 is only available when using the Forward+ renderer.
   at: viewport_set_scaling_3d_mode (servers/rendering/renderer_viewport.cpp:979)
ERROR: FSR1 is only available when using the Forward+ renderer.
   at: viewport_set_scaling_3d_mode (servers/rendering/renderer_viewport.cpp:979)
ERROR: FSR1 is only available when using the Forward+ renderer.
   at: viewport_set_scaling_3d_mode (servers/rendering/renderer_viewport.cpp:979)
ERROR: FSR1 is only available when using the Forward+ renderer.
   at: viewport_set_scaling_3d_mode (servers/rendering/renderer_viewport.cpp:979)
ERROR: FSR1 is only available when using the Forward+ renderer.
   at: viewport_set_scaling_3d_mode (servers/rendering/renderer_viewport.cpp:979)
ERROR: FSR1 is only available when using the Forward+ renderer.
   at: viewport_set_scaling_3d_mode (servers/rendering/renderer_viewport.cpp:979)
ERROR: FSR1 is only available when using the Forward+ renderer.
   at: viewport_set_scaling_3d_mode (servers/rendering/renderer_viewport.cpp:979)
ERROR: FSR1 is only available when using the Forward+ renderer.
   at: viewport_set_scaling_3d_mode (servers/rendering/renderer_viewport.cpp:979)
ERROR: FSR1 is only available when using the Forward+ renderer.
   at: viewport_set_scaling_3d_mode (servers/rendering/renderer_viewport.cpp:979)
ERROR: FSR1 is only available when using the Forward+ renderer.
   at: viewport_set_scaling_3d_mode (servers/rendering/renderer_viewport.cpp:979)
ERROR: FSR1 is only available when using the Forward+ renderer.
   at: viewport_set_scaling_3d_mode (servers/rendering/renderer_viewport.cpp:979)
ERROR: FSR1 is only available when using the Forward+ renderer.
   at: viewport_set_scaling_3d_mode (servers/rendering/renderer_viewport.cpp:979)
ERROR: FSR1 is only available when using the Forward+ renderer.
   at: viewport_set_scaling_3d_mode (servers/rendering/renderer_viewport.cpp:979)
ERROR: FSR1 is only available when using the Forward+ renderer.
   at: viewport_set_scaling_3d_mode (servers/rendering/renderer_viewport.cpp:979)
ERROR: FSR1 is only available when using the Forward+ renderer.
   at: viewport_set_scaling_3d_mode (servers/rendering/renderer_viewport.cpp:979)
ERROR: FSR1 is only available when using the Forward+ renderer.
   at: viewport_set_scaling_3d_mode (servers/rendering/renderer_viewport.cpp:979)
ERROR: FSR1 is only available when using the Forward+ renderer.
   at: viewport_set_scaling_3d_mode (servers/rendering/renderer_viewport.cpp:979)
ERROR: FSR1 is only available when using the Forward+ renderer.
   at: viewport_set_scaling_3d_mode (servers/rendering/renderer_viewport.cpp:979)
ERROR: FSR1 is only available when using the Forward+ renderer.
   at: viewport_set_scaling_3d_mode (servers/rendering/renderer_viewport.cpp:979)
ERROR: FSR1 is only available when using the Forward+ renderer.
   at: viewport_set_scaling_3d_mode (servers/rendering/renderer_viewport.cpp:979)
ERROR: FSR1 is only available when using the Forward+ renderer.
   at: viewport_set_scaling_3d_mode (servers/rendering/renderer_viewport.cpp:979)
ERROR: FSR1 is only available when using the Forward+ renderer.
   at: viewport_set_scaling_3d_mode (servers/rendering/renderer_viewport.cpp:979)
ERROR: FSR1 is only available when using the Forward+ renderer.
   at: viewport_set_scaling_3d_mode (servers/rendering/renderer_viewport.cpp:979)
ERROR: FSR1 is only available when using the Forward+ renderer.
   at: viewport_set_scaling_3d_mode (servers/rendering/renderer_viewport.cpp:979)
ERROR: FSR1 is only available when using the Forward+ renderer.
   at: viewport_set_scaling_3d_mode (servers/rendering/renderer_viewport.cpp:979)
ERROR: FSR1 is only available when using the Forward+ renderer.
   at: viewport_set_scaling_3d_mode (servers/rendering/renderer_viewport.cpp:979)
ERROR: FSR1 is only available when using the Forward+ renderer.
   at: viewport_set_scaling_3d_mode (servers/rendering/renderer_viewport.cpp:979)
ERROR: FSR1 is only available when using the Forward+ renderer.
   at: viewport_set_scaling_3d_mode (servers/rendering/renderer_viewport.cpp:979)
ERROR: FSR1 is only available when using the Forward+ renderer.
   at: viewport_set_scaling_3d_mode (servers/rendering/renderer_viewport.cpp:979)
ERROR: FSR1 is only available when using the Forward+ renderer.
   at: viewport_set_scaling_3d_mode (servers/rendering/renderer_viewport.cpp:979)
ERROR: FSR1 is only available when using the Forward+ renderer.
   at: viewport_set_scaling_3d_mode (servers/rendering/renderer_viewport.cpp:979)
ERROR: FSR1 is only available when using the Forward+ renderer.
   at: viewport_set_scaling_3d_mode (servers/rendering/renderer_viewport.cpp:979)
ERROR: FSR1 is only available when using the Forward+ renderer.
   at: viewport_set_scaling_3d_mode (servers/rendering/renderer_viewport.cpp:979)
ERROR: FSR1 is only available when using the Forward+ renderer.
   at: viewport_set_scaling_3d_mode (servers/rendering/renderer_viewport.cpp:979)
ERROR: FSR1 is only available when using the Forward+ renderer.
   at: viewport_set_scaling_3d_mode (servers/rendering/renderer_viewport.cpp:979)
ERROR: FSR1 is only available when using the Forward+ renderer.
   at: viewport_set_scaling_3d_mode (servers/rendering/renderer_viewport.cpp:979)
ERROR: FSR1 is only available when using the Forward+ renderer.
   at: viewport_set_scaling_3d_mode (servers/rendering/renderer_viewport.cpp:979)
ERROR: FSR1 is only available when using the Forward+ renderer.
   at: viewport_set_scaling_3d_mode (servers/rendering/renderer_viewport.cpp:979)
ERROR: FSR1 is only available when using the Forward+ renderer.
   at: viewport_set_scaling_3d_mode (servers/rendering/renderer_viewport.cpp:979)
[   0% ] [90m[1mfirst_scan_filesystem[22m | Started Project initialization (5 steps)[39m[0m
[   0% ] [90m[1mfirst_scan_filesystem[22m | Scanning file structure...[39m[0m
[  16% ] [90m[1mfirst_scan_filesystem[22m | Loading global class names...[39m[0m
[  33% ] [90m[1mfirst_scan_filesystem[22m | Verifying GDExtensions...[39m[0m
[  50% ] [90m[1mfirst_scan_filesystem[22m | Creating autoload scripts...[39m[0m
[  66% ] [90m[1mfirst_scan_filesystem[22m | Initializing plugins...[39m[0m
[  83% ] [90m[1mfirst_scan_filesystem[22m | Starting file scan...[39m[0m
[92m[ DONE ][39m [1mfirst_scan_filesystem[22m
[0m
[   0% ] [90m[1mloading_editor_layout[22m | Started Loading editor (5 steps)[39m[0m
[   0% ] [90m[1mloading_editor_layout[22m | Loading editor layout...[39m[0m
[  16% ] [90m[1mloading_editor_layout[22m | Loading docks...[39m[0m
[  33% ] [90m[1mloading_editor_layout[22m | Reopening scenes...[39m[0m
ERROR: FSR1 is only available when using the Forward+ renderer.
   at: viewport_set_scaling_3d_mode (servers/rendering/renderer_viewport.cpp:979)
ERROR: FSR1 is only available when using the Forward+ renderer.
   at: viewport_set_scaling_3d_mode (servers/rendering/renderer_viewport.cpp:979)
ERROR: FSR1 is only available when using the Forward+ renderer.
   at: viewport_set_scaling_3d_mode (servers/rendering/renderer_viewport.cpp:979)
ERROR: FSR1 is only available when using the Forward+ renderer.
   at: viewport_set_scaling_3d_mode (servers/rendering/renderer_viewport.cpp:979)
ERROR: FSR1 is only available when using the Forward+ renderer.
   at: viewport_set_scaling_3d_mode (servers/rendering/renderer_viewport.cpp:979)
ERROR: FSR1 is only available when using the Forward+ renderer.
   at: viewport_set_scaling_3d_mode (servers/rendering/renderer_viewport.cpp:979)
ERROR: FSR1 is only available when using the Forward+ renderer.
   at: viewport_set_scaling_3d_mode (servers/rendering/renderer_viewport.cpp:979)
[  50% ] [90m[1mloading_editor_layout[22m | Loading central editor layout...[39m[0m
[  66% ] [90m[1mloading_editor_layout[22m | Loading plugin window layout...[39m[0m
[  83% ] [90m[1mloading_editor_layout[22m | Editor layout ready.[39m[0m
[92m[ DONE ][39m [1mloading_editor_layout[22m
[0m
PARSER_EXIT=0
