Godot Engine v4.5.1.stable.official.f62fdbde1 - https://godotengine.org
WARNING: Started the engine as `root`/superuser. This is a security risk, and subsystems like audio may not work correctly.
Set the environment variable `GODOT_SILENCE_ROOT_WARNING` to 1 to silence this warning.
     at: setup2 (main/main.cpp:3421)

ERROR: FSR1 is only available when using the Forward+ renderer.
   at: viewport_set_scaling_3d_mode (servers/rendering/renderer_viewport.cpp:979)
ERROR: FSR1 is only available when using the Forward+ renderer.
   at: viewport_set_scaling_3d_mode (servers/rendering/renderer_viewport.cpp:979)
ERROR: FSR1 is only available when using the Forward+ renderer.
   at: viewport_set_scaling_3d_mode (servers/rendering/renderer_viewport.cpp:979)
ERROR: FSR1 is only available when using the Forward+ renderer.
   at: viewport_set_scaling_3d_mode (servers/rendering/renderer_viewport.cpp:979)
ERROR: FSR1 is only available when using the Forward+ renderer.
   at: viewport_set_scaling_3d_mode (servers/rendering/renderer_viewport.cpp:979)
ERROR: FSR1 is only available when using the Forward+ renderer.
   at: viewport_set_scaling_3d_mode (servers/rendering/renderer_viewport.cpp:979)
ERROR: FSR1 is only available when using the Forward+ renderer.
   at: viewport_set_scaling_3d_mode (servers/rendering/renderer_viewport.cpp:979)
ERROR: FSR1 is only available when using the Forward+ renderer.
   at: viewport_set_scaling_3d_mode (servers/rendering/renderer_viewport.cpp:979)
ERROR: FSR1 is only available when using the Forward+ renderer.
   at: viewport_set_scaling_3d_mode (servers/rendering/renderer_viewport.cpp:979)
ERROR: FSR1 is only available when using the Forward+ renderer.
   at: viewport_set_scaling_3d_mode (servers/rendering/renderer_viewport.cpp:979)
ERROR: FSR1 is only available when using the Forward+ renderer.
   at: viewport_set_scaling_3d_mode (servers/rendering/renderer_viewport.cpp:979)
ERROR: FSR1 is only available when using the Forward+ renderer.
   at: viewport_set_scaling_3d_mode (servers/rendering/renderer_viewport.cpp:979)
ERROR: FSR1 is only available when using the Forward+ renderer.
   at: viewport_set_scaling_3d_mode (servers/rendering/renderer_viewport.cpp:979)
ERROR: FSR1 is only available when using the Forward+ renderer.
   at: viewport_set_scaling_3d_mode (servers/rendering/renderer_viewport.cpp:979)
ERROR: FSR1 is only available when using the Forward+ renderer.
   at: viewport_set_scaling_3d_mode (servers/rendering/renderer_viewport.cpp:979)
ERROR: FSR1 is only available when using the Forward+ renderer.
   at: viewport_set_scaling_3d_mode (servers/rendering/renderer_viewport.cpp:979)
ERROR: FSR1 is only available when using the Forward+ renderer.
   at: viewport_set_scaling_3d_mode (servers/rendering/renderer_viewport.cpp:979)
ERROR: FSR1 is only available when using the Forward+ renderer.
   at: viewport_set_scaling_3d_mode (servers/rendering/renderer_viewport.cpp:979)
ERROR: FSR1 is only available when using the Forward+ renderer.
   at: viewport_set_scaling_3d_mode (servers/rendering/renderer_viewport.cpp:979)
ERROR: FSR1 is only available when using the Forward+ renderer.
   at: viewport_set_scaling_3d_mode (servers/rendering/renderer_viewport.cpp:979)
ERROR: FSR1 is only available when using the Forward+ renderer.
   at: viewport_set_scaling_3d_mode (servers/rendering/renderer_viewport.cpp:979)
ERROR: FSR1 is only available when using the Forward+ renderer.
   at: viewport_set_scaling_3d_mode (servers/rendering/renderer_viewport.cpp:979)
ERROR: FSR1 is only available when using the Forward+ renderer.
   at: viewport_set_scaling_3d_mode (servers/rendering/renderer_viewport.cpp:979)
ERROR: FSR1 is only available when using the Forward+ renderer.
   at: viewport_set_scaling_3d_mode (servers/rendering/renderer_viewport.cpp:979)
ERROR: FSR1 is only available when using the Forward+ renderer.
   at: viewport_set_scaling_3d_mode (servers/rendering/renderer_viewport.cpp:979)
ERROR: FSR1 is only available when using the Forward+ renderer.
   at: viewport_set_scaling_3d_mode (servers/rendering/renderer_viewport.cpp:979)
ERROR: FSR1 is only available when using the Forward+ renderer.
   at: viewport_set_scaling_3d_mode (servers/rendering/renderer_viewport.cpp:979)
ERROR: FSR1 is only available when using the Forward+ renderer.
   at: viewport_set_scaling_3d_mode (servers/rendering/renderer_viewport.cpp:979)
ERROR: FSR1 is only available when using the Forward+ renderer.
   at: viewport_set_scaling_3d_mode (servers/rendering/renderer_viewport.cpp:979)
ERROR: FSR1 is only available when using the Forward+ renderer.
   at: viewport_set_scaling_3d_mode (servers/rendering/renderer_viewport.cpp:979)
ERROR: FSR1 is only available when using the Forward+ renderer.
   at: viewport_set_scaling_3d_mode (servers/rendering/renderer_viewport.cpp:979)
ERROR: FSR1 is only available when using the Forward+ renderer.
   at: viewport_set_scaling_3d_mode (servers/rendering/renderer_viewport.cpp:979)
ERROR: FSR1 is only available when using the Forward+ renderer.
   at: viewport_set_scaling_3d_mode (servers/rendering/renderer_viewport.cpp:979)
ERROR: FSR1 is only available when using the Forward+ renderer.
   at: viewport_set_scaling_3d_mode (servers/rendering/renderer_viewport.cpp:979)
ERROR: FSR1 is only available when using the Forward+ renderer.
   at: viewport_set_scaling_3d_mode (servers/rendering/renderer_viewport.cpp:979)
ERROR: FSR1 is only available when using the Forward+ renderer.
   at: viewport_set_scaling_3d_mode (servers/rendering/renderer_viewport.cpp:979)
ERROR: FSR1 is only available when using the Forward+ renderer.
   at: viewport_set_scaling_3d_mode (servers/rendering/renderer_viewport.cpp:979)
ERROR: FSR1 is only available when using the Forward+ renderer.
   at: viewport_set_scaling_3d_mode (servers/rendering/renderer_viewport.cpp:979)
ERROR: FSR1 is only available when using the Forward+ renderer.
   at: viewport_set_scaling_3d_mode (servers/rendering/renderer_viewport.cpp:979)
ERROR: FSR1 is only available when using the Forward+ renderer.
   at: viewport_set_scaling_3d_mode (servers/rendering/renderer_viewport.cpp:979)
ERROR: FSR1 is only available when using the Forward+ renderer.
   at: viewport_set_scaling_3d_mode (servers/rendering/renderer_viewport.cpp:979)
ERROR: FSR1 is only available when using the Forward+ renderer.
   at: viewport_set_scaling_3d_mode (servers/rendering/renderer_viewport.cpp:979)
ERROR: FSR1 is only available when using the Forward+ renderer.
   at: viewport_set_scaling_3d_mode (servers/rendering/renderer_viewport.cpp:979)
ERROR: FSR1 is only available when using the Forward+ renderer.
   at: viewport_set_scaling_3d_mode (servers/rendering/renderer_viewport.cpp:979)
ERROR: FSR1 is only available when using the Forward+ renderer.
   at: viewport_set_scaling_3d_mode (servers/rendering/renderer_viewport.cpp:979)
ERROR: FSR1 is only available when using the Forward+ renderer.
   at: viewport_set_scaling_3d_mode (servers/rendering/renderer_viewport.cpp:979)
ERROR: FSR1 is only available when using the Forward+ renderer.
   at: viewport_set_scaling_3d_mode (servers/rendering/renderer_viewport.cpp:979)
ERROR: FSR1 is only available when using the Forward+ renderer.
   at: viewport_set_scaling_3d_mode (servers/rendering/renderer_viewport.cpp:979)
ERROR: FSR1 is only available when using the Forward+ renderer.
   at: viewport_set_scaling_3d_mode (servers/rendering/renderer_viewport.cpp:979)
ERROR: FSR1 is only available when using the Forward+ renderer.
   at: viewport_set_scaling_3d_mode (servers/rendering/renderer_viewport.cpp:979)
ERROR: FSR1 is only available when using the Forward+ renderer.
   at: viewport_set_scaling_3d_mode (servers/rendering/renderer_viewport.cpp:979)
ERROR: FSR1 is only available when using the Forward+ renderer.
   at: viewport_set_scaling_3d_mode (servers/rendering/renderer_viewport.cpp:979)
ERROR: FSR1 is only available when using the Forward+ renderer.
   at: viewport_set_scaling_3d_mode (servers/rendering/renderer_viewport.cpp:979)
ERROR: FSR1 is only available when using the Forward+ renderer.
   at: viewport_set_scaling_3d_mode (servers/rendering/renderer_viewport.cpp:979)
ERROR: FSR1 is only available when using the Forward+ renderer.
   at: viewport_set_scaling_3d_mode (servers/rendering/renderer_viewport.cpp:979)
ERROR: FSR1 is only available when using the Forward+ renderer.
   at: viewport_set_scaling_3d_mode (servers/rendering/renderer_viewport.cpp:979)
ERROR: FSR1 is only available when using the Forward+ renderer.
   at: viewport_set_scaling_3d_mode (servers/rendering/renderer_viewport.cpp:979)
ERROR: FSR1 is only available when using the Forward+ renderer.
   at: viewport_set_scaling_3d_mode (servers/rendering/renderer_viewport.cpp:979)
ERROR: FSR1 is only available when using the Forward+ renderer.
   at: viewport_set_scaling_3d_mode (servers/rendering/renderer_viewport.cpp:979)
ERROR: FSR1 is only available when using the Forward+ renderer.
   at: viewport_set_scaling_3d_mode (servers/rendering/renderer_viewport.cpp:979)
ERROR: FSR1 is only available when using the Forward+ renderer.
   at: viewport_set_scaling_3d_mode (servers/rendering/renderer_viewport.cpp:979)
ERROR: FSR1 is only available when using the Forward+ renderer.
   at: viewport_set_scaling_3d_mode (servers/rendering/renderer_viewport.cpp:979)
ERROR: FSR1 is only available when using the Forward+ renderer.
   at: viewport_set_scaling_3d_mode (servers/rendering/renderer_viewport.cpp:979)
ERROR: FSR1 is only available when using the Forward+ renderer.
   at: viewport_set_scaling_3d_mode (servers/rendering/renderer_viewport.cpp:979)
ERROR: FSR1 is only available when using the Forward+ renderer.
   at: viewport_set_scaling_3d_mode (servers/rendering/renderer_viewport.cpp:979)
ERROR: FSR1 is only available when using the Forward+ renderer.
   at: viewport_set_scaling_3d_mode (servers/rendering/renderer_viewport.cpp:979)
ERROR: FSR1 is only available when using the Forward+ renderer.
   at: viewport_set_scaling_3d_mode (servers/rendering/renderer_viewport.cpp:979)
ERROR: FSR1 is only available when using the Forward+ renderer.
   at: viewport_set_scaling_3d_mode (servers/rendering/renderer_viewport.cpp:979)
ERROR: FSR1 is only available when using the Forward+ renderer.
   at: viewport_set_scaling_3d_mode (servers/rendering/renderer_viewport.cpp:979)
ERROR: FSR1 is only available when using the Forward+ renderer.
   at: viewport_set_scaling_3d_mode (servers/rendering/renderer_viewport.cpp:979)
ERROR: FSR1 is only available when using the Forward+ renderer.
   at: viewport_set_scaling_3d_mode (servers/rendering/renderer_viewport.cpp:979)
ERROR: FSR1 is only available when using the Forward+ renderer.
   at: viewport_set_scaling_3d_mode (servers/rendering/renderer_viewport.cpp:979)
ERROR: FSR1 is only available when using the Forward+ renderer.
   at: viewport_set_scaling_3d_mode (servers/rendering/renderer_viewport.cpp:979)
ERROR: FSR1 is only available when using the Forward+ renderer.
   at: viewport_set_scaling_3d_mode (servers/rendering/renderer_viewport.cpp:979)
ERROR: FSR1 is only available when using the Forward+ renderer.
   at: viewport_set_scaling_3d_mode (servers/rendering/renderer_viewport.cpp:979)
ERROR: FSR1 is only available when using the Forward+ renderer.
   at: viewport_set_scaling_3d_mode (servers/rendering/renderer_viewport.cpp:979)
ERROR: FSR1 is only available when using the Forward+ renderer.
   at: viewport_set_scaling_3d_mode (servers/rendering/renderer_viewport.cpp:979)
ERROR: FSR1 is only available when using the Forward+ renderer.
   at: viewport_set_scaling_3d_mode (servers/rendering/renderer_viewport.cpp:979)
ERROR: FSR1 is only available when using the Forward+ renderer.
   at: viewport_set_scaling_3d_mode (servers/rendering/renderer_viewport.cpp:979)
ERROR: FSR1 is only available when using the Forward+ renderer.
   at: viewport_set_scaling_3d_mode (servers/rendering/renderer_viewport.cpp:979)
ERROR: FSR1 is only available when using the Forward+ renderer.
   at: viewport_set_scaling_3d_mode (servers/rendering/renderer_viewport.cpp:979)
ERROR: FSR1 is only available when using the Forward+ renderer.
   at: viewport_set_scaling_3d_mode (servers/rendering/renderer_viewport.cpp:979)
ERROR: FSR1 is only available when using the Forward+ renderer.
   at: viewport_set_scaling_3d_mode (servers/rendering/renderer_viewport.cpp:979)
ERROR: FSR1 is only available when using the Forward+ renderer.
   at: viewport_set_scaling_3d_mode (servers/rendering/renderer_viewport.cpp:979)
ERROR: FSR1 is only available when using the Forward+ renderer.
   at: viewport_set_scaling_3d_mode (servers/rendering/renderer_viewport.cpp:979)
ERROR: FSR1 is only available when using the Forward+ renderer.
   at: viewport_set_scaling_3d_mode (servers/rendering/renderer_viewport.cpp:979)
ERROR: FSR1 is only available when using the Forward+ renderer.
   at: viewport_set_scaling_3d_mode (servers/rendering/renderer_viewport.cpp:979)
ERROR: FSR1 is only available when using the Forward+ renderer.
   at: viewport_set_scaling_3d_mode (servers/rendering/renderer_viewport.cpp:979)
ERROR: FSR1 is only available when using the Forward+ renderer.
   at: viewport_set_scaling_3d_mode (servers/rendering/renderer_viewport.cpp:979)
ERROR: FSR1 is only available when using the Forward+ renderer.
   at: viewport_set_scaling_3d_mode (servers/rendering/renderer_viewport.cpp:979)
ERROR: FSR1 is only available when using the Forward+ renderer.
   at: viewport_set_scaling_3d_mode (servers/rendering/renderer_viewport.cpp:979)
ERROR: FSR1 is only available when using the Forward+ renderer.
   at: viewport_set_scaling_3d_mode (servers/rendering/renderer_viewport.cpp:979)
ERROR: FSR1 is only available when using the Forward+ renderer.
   at: viewport_set_scaling_3d_mode (servers/rendering/renderer_viewport.cpp:979)
ERROR: FSR1 is only available when using the Forward+ renderer.
   at: viewport_set_scaling_3d_mode (servers/rendering/renderer_viewport.cpp:979)
ERROR: FSR1 is only available when using the Forward+ renderer.
   at: viewport_set_scaling_3d_mode (servers/rendering/renderer_viewport.cpp:979)
ERROR: FSR1 is only available when using the Forward+ renderer.
   at: viewport_set_scaling_3d_mode (servers/rendering/renderer_viewport.cpp:979)
ERROR: FSR1 is only available when using the Forward+ renderer.
   at: viewport_set_scaling_3d_mode (servers/rendering/renderer_viewport.cpp:979)
ERROR: FSR1 is only available when using the Forward+ renderer.
   at: viewport_set_scaling_3d_mode (servers/rendering/renderer_viewport.cpp:979)
ERROR: FSR1 is only available when using the Forward+ renderer.
   at: viewport_set_scaling_3d_mode (servers/rendering/renderer_viewport.cpp:979)
ERROR: FSR1 is only available when using the Forward+ renderer.
   at: viewport_set_scaling_3d_mode (servers/rendering/renderer_viewport.cpp:979)
ERROR: FSR1 is only available when using the Forward+ renderer.
   at: viewport_set_scaling_3d_mode (servers/rendering/renderer_viewport.cpp:979)
ERROR: FSR1 is only available when using the Forward+ renderer.
   at: viewport_set_scaling_3d_mode (servers/rendering/renderer_viewport.cpp:979)
ERROR: FSR1 is only available when using the Forward+ renderer.
   at: viewport_set_scaling_3d_mode (servers/rendering/renderer_viewport.cpp:979)
ERROR: FSR1 is only available when using the Forward+ renderer.
   at: viewport_set_scaling_3d_mode (servers/rendering/renderer_viewport.cpp:979)
ERROR: FSR1 is only available when using the Forward+ renderer.
   at: viewport_set_scaling_3d_mode (servers/rendering/renderer_viewport.cpp:979)
ERROR: FSR1 is only available when using the Forward+ renderer.
   at: viewport_set_scaling_3d_mode (servers/rendering/renderer_viewport.cpp:979)
ERROR: FSR1 is only available when using the Forward+ renderer.
   at: viewport_set_scaling_3d_mode (servers/rendering/renderer_viewport.cpp:979)
ERROR: FSR1 is only available when using the Forward+ renderer.
   at: viewport_set_scaling_3d_mode (servers/rendering/renderer_viewport.cpp:979)
ERROR: FSR1 is only available when using the Forward+ renderer.
   at: viewport_set_scaling_3d_mode (servers/rendering/renderer_viewport.cpp:979)
ERROR: FSR1 is only available when using the Forward+ renderer.
   at: viewport_set_scaling_3d_mode (servers/rendering/renderer_viewport.cpp:979)
ERROR: FSR1 is only available when using the Forward+ renderer.
   at: viewport_set_scaling_3d_mode (servers/rendering/renderer_viewport.cpp:979)
ERROR: FSR1 is only available when using the Forward+ renderer.
   at: viewport_set_scaling_3d_mode (servers/rendering/renderer_viewport.cpp:979)
ERROR: FSR1 is only available when using the Forward+ renderer.
   at: viewport_set_scaling_3d_mode (servers/rendering/renderer_viewport.cpp:979)
ERROR: FSR1 is only available when using the Forward+ renderer.
   at: viewport_set_scaling_3d_mode (servers/rendering/renderer_viewport.cpp:979)
ERROR: FSR1 is only available when using the Forward+ renderer.
   at: viewport_set_scaling_3d_mode (servers/rendering/renderer_viewport.cpp:979)
ERROR: FSR1 is only available when using the Forward+ renderer.
   at: viewport_set_scaling_3d_mode (servers/rendering/renderer_viewport.cpp:979)
ERROR: FSR1 is only available when using the Forward+ renderer.
   at: viewport_set_scaling_3d_mode (servers/rendering/renderer_viewport.cpp:979)
ERROR: FSR1 is only available when using the Forward+ renderer.
   at: viewport_set_scaling_3d_mode (servers/rendering/renderer_viewport.cpp:979)
ERROR: FSR1 is only available when using the Forward+ renderer.
   at: viewport_set_scaling_3d_mode (servers/rendering/renderer_viewport.cpp:979)
ERROR: FSR1 is only available when using the Forward+ renderer.
   at: viewport_set_scaling_3d_mode (servers/rendering/renderer_viewport.cpp:979)
ERROR: FSR1 is only available when using the Forward+ renderer.
   at: viewport_set_scaling_3d_mode (servers/rendering/renderer_viewport.cpp:979)
ERROR: FSR1 is only available when using the Forward+ renderer.
   at: viewport_set_scaling_3d_mode (servers/rendering/renderer_viewport.cpp:979)
ERROR: FSR1 is only available when using the Forward+ renderer.
   at: viewport_set_scaling_3d_mode (servers/rendering/renderer_viewport.cpp:979)
ERROR: FSR1 is only available when using the Forward+ renderer.
   at: viewport_set_scaling_3d_mode (servers/rendering/renderer_viewport.cpp:979)
ERROR: FSR1 is only available when using the Forward+ renderer.
   at: viewport_set_scaling_3d_mode (servers/rendering/renderer_viewport.cpp:979)
ERROR: FSR1 is only available when using the Forward+ renderer.
   at: viewport_set_scaling_3d_mode (servers/rendering/renderer_viewport.cpp:979)
ERROR: FSR1 is only available when using the Forward+ renderer.
   at: viewport_set_scaling_3d_mode (servers/rendering/renderer_viewport.cpp:979)
ERROR: FSR1 is only available when using the Forward+ renderer.
   at: viewport_set_scaling_3d_mode (servers/rendering/renderer_viewport.cpp:979)
ERROR: FSR1 is only available when using the Forward+ renderer.
   at: viewport_set_scaling_3d_mode (servers/rendering/renderer_viewport.cpp:979)
ERROR: FSR1 is only available when using the Forward+ renderer.
   at: viewport_set_scaling_3d_mode (servers/rendering/renderer_viewport.cpp:979)
ERROR: FSR1 is only available when using the Forward+ renderer.
   at: viewport_set_scaling_3d_mode (servers/rendering/renderer_viewport.cpp:979)
ERROR: FSR1 is only available when using the Forward+ renderer.
   at: viewport_set_scaling_3d_mode (servers/rendering/renderer_viewport.cpp:979)
ERROR: FSR1 is only available when using the Forward+ renderer.
   at: viewport_set_scaling_3d_mode (servers/rendering/renderer_viewport.cpp:979)
ERROR: FSR1 is only available when using the Forward+ renderer.
   at: viewport_set_scaling_3d_mode (servers/rendering/renderer_viewport.cpp:979)
ERROR: FSR1 is only available when using the Forward+ renderer.
   at: viewport_set_scaling_3d_mode (servers/rendering/renderer_viewport.cpp:979)
ERROR: FSR1 is only available when using the Forward+ renderer.
   at: viewport_set_scaling_3d_mode (servers/rendering/renderer_viewport.cpp:979)
ERROR: FSR1 is only available when using the Forward+ renderer.
   at: viewport_set_scaling_3d_mode (servers/rendering/renderer_viewport.cpp:979)
ERROR: FSR1 is only available when using the Forward+ renderer.
   at: viewport_set_scaling_3d_mode (servers/rendering/renderer_viewport.cpp:979)
ERROR: FSR1 is only available when using the Forward+ renderer.
   at: viewport_set_scaling_3d_mode (servers/rendering/renderer_viewport.cpp:979)
ERROR: FSR1 is only available when using the Forward+ renderer.
   at: viewport_set_scaling_3d_mode (servers/rendering/renderer_viewport.cpp:979)
ERROR: FSR1 is only available when using the Forward+ renderer.
   at: viewport_set_scaling_3d_mode (servers/rendering/renderer_viewport.cpp:979)
ERROR: FSR1 is only available when using the Forward+ renderer.
   at: viewport_set_scaling_3d_mode (servers/rendering/renderer_viewport.cpp:979)
ERROR: FSR1 is only available when using the Forward+ renderer.
   at: viewport_set_scaling_3d_mode (servers/rendering/renderer_viewport.cpp:979)
ERROR: FSR1 is only available when using the Forward+ renderer.
   at: viewport_set_scaling_3d_mode (servers/rendering/renderer_viewport.cpp:979)
ERROR: FSR1 is only available when using the Forward+ renderer.
   at: viewport_set_scaling_3d_mode (servers/rendering/renderer_viewport.cpp:979)
ERROR: FSR1 is only available when using the Forward+ renderer.
   at: viewport_set_scaling_3d_mode (servers/rendering/renderer_viewport.cpp:979)
ERROR: FSR1 is only available when using the Forward+ renderer.
   at: viewport_set_scaling_3d_mode (servers/rendering/renderer_viewport.cpp:979)
ERROR: FSR1 is only available when using the Forward+ renderer.
   at: viewport_set_scaling_3d_mode (servers/rendering/renderer_viewport.cpp:979)
ERROR: FSR1 is only available when using the Forward+ renderer.
   at: viewport_set_scaling_3d_mode (servers/rendering/renderer_viewport.cpp:979)
ERROR: FSR1 is only available when using the Forward+ renderer.
   at: viewport_set_scaling_3d_mode (servers/rendering/renderer_viewport.cpp:979)
ERROR: FSR1 is only available when using the Forward+ renderer.
   at: viewport_set_scaling_3d_mode (servers/rendering/renderer_viewport.cpp:979)
ERROR: FSR1 is only available when using the Forward+ renderer.
   at: viewport_set_scaling_3d_mode (servers/rendering/renderer_viewport.cpp:979)
ERROR: FSR1 is only available when using the Forward+ renderer.
   at: viewport_set_scaling_3d_mode (servers/rendering/renderer_viewport.cpp:979)
ERROR: FSR1 is only available when using the Forward+ renderer.
   at: viewport_set_scaling_3d_mode (servers/rendering/renderer_viewport.cpp:979)
ERROR: FSR1 is only available when using the Forward+ renderer.
   at: viewport_set_scaling_3d_mode (servers/rendering/renderer_viewport.cpp:979)
ERROR: FSR1 is only available when using the Forward+ renderer.
   at: viewport_set_scaling_3d_mode (servers/rendering/renderer_viewport.cpp:979)
ERROR: FSR1 is only available when using the Forward+ renderer.
   at: viewport_set_scaling_3d_mode (servers/rendering/renderer_viewport.cpp:979)
ERROR: FSR1 is only available when using the Forward+ renderer.
   at: viewport_set_scaling_3d_mode (servers/rendering/renderer_viewport.cpp:979)
ERROR: FSR1 is only available when using the Forward+ renderer.
   at: viewport_set_scaling_3d_mode (servers/rendering/renderer_viewport.cpp:979)
ERROR: FSR1 is only available when using the Forward+ renderer.
   at: viewport_set_scaling_3d_mode (servers/rendering/renderer_viewport.cpp:979)
ERROR: FSR1 is only available when using the Forward+ renderer.
   at: viewport_set_scaling_3d_mode (servers/rendering/renderer_viewport.cpp:979)
ERROR: FSR1 is only available when using the Forward+ renderer.
   at: viewport_set_scaling_3d_mode (servers/rendering/renderer_viewport.cpp:979)
ERROR: FSR1 is only available when using the Forward+ renderer.
   at: viewport_set_scaling_3d_mode (servers/rendering/renderer_viewport.cpp:979)
ERROR: FSR1 is only available when using the Forward+ renderer.
   at: viewport_set_scaling_3d_mode (servers/rendering/renderer_viewport.cpp:979)
ERROR: FSR1 is only available when using the Forward+ renderer.
   at: viewport_set_scaling_3d_mode (servers/rendering/renderer_viewport.cpp:979)
ERROR: FSR1 is only available when using the Forward+ renderer.
   at: viewport_set_scaling_3d_mode (servers/rendering/renderer_viewport.cpp:979)
ERROR: FSR1 is only available when using the Forward+ renderer.
   at: viewport_set_scaling_3d_mode (servers/rendering/renderer_viewport.cpp:979)
ERROR: FSR1 is only available when using the Forward+ renderer.
   at: viewport_set_scaling_3d_mode (servers/rendering/renderer_viewport.cpp:979)
ERROR: FSR1 is only available when using the Forward+ renderer.
   at: viewport_set_scaling_3d_mode (servers/rendering/renderer_viewport.cpp:979)
ERROR: FSR1 is only available when using the Forward+ renderer.
   at: viewport_set_scaling_3d_mode (servers/rendering/renderer_viewport.cpp:979)
ERROR: FSR1 is only available when using the Forward+ renderer.
   at: viewport_set_scaling_3d_mode (servers/rendering/renderer_viewport.cpp:979)
ERROR: FSR1 is only available when using the Forward+ renderer.
   at: viewport_set_scaling_3d_mode (servers/rendering/renderer_viewport.cpp:979)
ERROR: FSR1 is only available when using the Forward+ renderer.
   at: viewport_set_scaling_3d_mode (servers/rendering/renderer_viewport.cpp:979)
ERROR: FSR1 is only available when using the Forward+ renderer.
   at: viewport_set_scaling_3d_mode (servers/rendering/renderer_viewport.cpp:979)
ERROR: FSR1 is only available when using the Forward+ renderer.
   at: viewport_set_scaling_3d_mode (servers/rendering/renderer_viewport.cpp:979)
ERROR: FSR1 is only available when using the Forward+ renderer.
   at: viewport_set_scaling_3d_mode (servers/rendering/renderer_viewport.cpp:979)
ERROR: FSR1 is only available when using the Forward+ renderer.
   at: viewport_set_scaling_3d_mode (servers/rendering/renderer_viewport.cpp:979)
ERROR: FSR1 is only available when using the Forward+ renderer.
   at: viewport_set_scaling_3d_mode (servers/rendering/renderer_viewport.cpp:979)
ERROR: FSR1 is only available when using the Forward+ renderer.
   at: viewport_set_scaling_3d_mode (servers/rendering/renderer_viewport.cpp:979)
ERROR: FSR1 is only available when using the Forward+ renderer.
   at: viewport_set_scaling_3d_mode (servers/rendering/renderer_viewport.cpp:979)
ERROR: FSR1 is only available when using the Forward+ renderer.
   at: viewport_set_scaling_3d_mode (servers/rendering/renderer_viewport.cpp:979)
ERROR: FSR1 is only available when using the Forward+ renderer.
   at: viewport_set_scaling_3d_mode (servers/rendering/renderer_viewport.cpp:979)
ERROR: FSR1 is only available when using the Forward+ renderer.
   at: viewport_set_scaling_3d_mode (servers/rendering/renderer_viewport.cpp:979)
ERROR: FSR1 is only available when using the Forward+ renderer.
   at: viewport_set_scaling_3d_mode (servers/rendering/renderer_viewport.cpp:979)
ERROR: FSR1 is only available when using the Forward+ renderer.
   at: viewport_set_scaling_3d_mode (servers/rendering/renderer_viewport.cpp:979)
ERROR: FSR1 is only available when using the Forward+ renderer.
   at: viewport_set_scaling_3d_mode (servers/rendering/renderer_viewport.cpp:979)
ERROR: FSR1 is only available when using the Forward+ renderer.
   at: viewport_set_scaling_3d_mode (servers/rendering/renderer_viewport.cpp:979)
ERROR: FSR1 is only available when using the Forward+ renderer.
   at: viewport_set_scaling_3d_mode (servers/rendering/renderer_viewport.cpp:979)
ERROR: FSR1 is only available when using the Forward+ renderer.
   at: viewport_set_scaling_3d_mode (servers/rendering/renderer_viewport.cpp:979)
ERROR: FSR1 is only available when using the Forward+ renderer.
   at: viewport_set_scaling_3d_mode (servers/rendering/renderer_viewport.cpp:979)
ERROR: FSR1 is only available when using the Forward+ renderer.
   at: viewport_set_scaling_3d_mode (servers/rendering/renderer_viewport.cpp:979)
ERROR: FSR1 is only available when using the Forward+ renderer.
   at: viewport_set_scaling_3d_mode (servers/rendering/renderer_viewport.cpp:979)
ERROR: FSR1 is only available when using the Forward+ renderer.
   at: viewport_set_scaling_3d_mode (servers/rendering/renderer_viewport.cpp:979)
ERROR: FSR1 is only available when using the Forward+ renderer.
   at: viewport_set_scaling_3d_mode (servers/rendering/renderer_viewport.cpp:979)
ERROR: FSR1 is only available when using the Forward+ renderer.
   at: viewport_set_scaling_3d_mode (servers/rendering/renderer_viewport.cpp:979)
ERROR: FSR1 is only available when using the Forward+ renderer.
   at: viewport_set_scaling_3d_mode (servers/rendering/renderer_viewport.cpp:979)
ERROR: FSR1 is only available when using the Forward+ renderer.
   at: viewport_set_scaling_3d_mode (servers/rendering/renderer_viewport.cpp:979)
ERROR: FSR1 is only available when using the Forward+ renderer.
   at: viewport_set_scaling_3d_mode (servers/rendering/renderer_viewport.cpp:979)
ERROR: FSR1 is only available when using the Forward+ renderer.
   at: viewport_set_scaling_3d_mode (servers/rendering/renderer_viewport.cpp:979)
ERROR: FSR1 is only available when using the Forward+ renderer.
   at: viewport_set_scaling_3d_mode (servers/rendering/renderer_viewport.cpp:979)
ERROR: FSR1 is only available when using the Forward+ renderer.
   at: viewport_set_scaling_3d_mode (servers/rendering/renderer_viewport.cpp:979)
ERROR: FSR1 is only available when using the Forward+ renderer.
   at: viewport_set_scaling_3d_mode (servers/rendering/renderer_viewport.cpp:979)
ERROR: FSR1 is only available when using the Forward+ renderer.
   at: viewport_set_scaling_3d_mode (servers/rendering/renderer_viewport.cpp:979)
ERROR: FSR1 is only available when using the Forward+ renderer.
   at: viewport_set_scaling_3d_mode (servers/rendering/renderer_viewport.cpp:979)
ERROR: FSR1 is only available when using the Forward+ renderer.
   at: viewport_set_scaling_3d_mode (servers/rendering/renderer_viewport.cpp:979)
ERROR: FSR1 is only available when using the Forward+ renderer.
   at: viewport_set_scaling_3d_mode (servers/rendering/renderer_viewport.cpp:979)
ERROR: FSR1 is only available when using the Forward+ renderer.
   at: viewport_set_scaling_3d_mode (servers/rendering/renderer_viewport.cpp:979)
ERROR: FSR1 is only available when using the Forward+ renderer.
   at: viewport_set_scaling_3d_mode (servers/rendering/renderer_viewport.cpp:979)
ERROR: FSR1 is only available when using the Forward+ renderer.
   at: viewport_set_scaling_3d_mode (servers/rendering/renderer_viewport.cpp:979)
ERROR: FSR1 is only available when using the Forward+ renderer.
   at: viewport_set_scaling_3d_mode (servers/rendering/renderer_viewport.cpp:979)
ERROR: FSR1 is only available when using the Forward+ renderer.
   at: viewport_set_scaling_3d_mode (servers/rendering/renderer_viewport.cpp:979)
ERROR: FSR1 is only available when using the Forward+ renderer.
   at: viewport_set_scaling_3d_mode (servers/rendering/renderer_viewport.cpp:979)
ERROR: FSR1 is only available when using the Forward+ renderer.
   at: viewport_set_scaling_3d_mode (servers/rendering/renderer_viewport.cpp:979)
ERROR: FSR1 is only available when using the Forward+ renderer.
   at: viewport_set_scaling_3d_mode (servers/rendering/renderer_viewport.cpp:979)
ERROR: FSR1 is only available when using the Forward+ renderer.
   at: viewport_set_scaling_3d_mode (servers/rendering/renderer_viewport.cpp:979)
ERROR: FSR1 is only available when using the Forward+ renderer.
   at: viewport_set_scaling_3d_mode (servers/rendering/renderer_viewport.cpp:979)
ERROR: FSR1 is only available when using the Forward+ renderer.
   at: viewport_set_scaling_3d_mode (servers/rendering/renderer_viewport.cpp:979)
ERROR: FSR1 is only available when using the Forward+ renderer.
   at: viewport_set_scaling_3d_mode (servers/rendering/renderer_viewport.cpp:979)
ERROR: FSR1 is only available when using the Forward+ renderer.
   at: viewport_set_scaling_3d_mode (servers/rendering/renderer_viewport.cpp:979)
ERROR: FSR1 is only available when using the Forward+ renderer.
   at: viewport_set_scaling_3d_mode (servers/rendering/renderer_viewport.cpp:979)
ERROR: FSR1 is only available when using the Forward+ renderer.
   at: viewport_set_scaling_3d_mode (servers/rendering/renderer_viewport.cpp:979)
ERROR: FSR1 is only available when using the Forward+ renderer.
   at: viewport_set_scaling_3d_mode (servers/rendering/renderer_viewport.cpp:979)
ERROR: FSR1 is only available when using the Forward+ renderer.
   at: viewport_set_scaling_3d_mode (servers/rendering/renderer_viewport.cpp:979)
ERROR: FSR1 is only available when using the Forward+ renderer.
   at: viewport_set_scaling_3d_mode (servers/rendering/renderer_viewport.cpp:979)
ERROR: FSR1 is only available when using the Forward+ renderer.
   at: viewport_set_scaling_3d_mode (servers/rendering/renderer_viewport.cpp:979)
ERROR: FSR1 is only available when using the Forward+ renderer.
   at: viewport_set_scaling_3d_mode (servers/rendering/renderer_viewport.cpp:979)
ERROR: FSR1 is only available when using the Forward+ renderer.
   at: viewport_set_scaling_3d_mode (servers/rendering/renderer_viewport.cpp:979)
ERROR: FSR1 is only available when using the Forward+ renderer.
   at: viewport_set_scaling_3d_mode (servers/rendering/renderer_viewport.cpp:979)
ERROR: FSR1 is only available when using the Forward+ renderer.
   at: viewport_set_scaling_3d_mode (servers/rendering/renderer_viewport.cpp:979)
ERROR: FSR1 is only available when using the Forward+ renderer.
   at: viewport_set_scaling_3d_mode (servers/rendering/renderer_viewport.cpp:979)
ERROR: FSR1 is only available when using the Forward+ renderer.
   at: viewport_set_scaling_3d_mode (servers/rendering/renderer_viewport.cpp:979)
ERROR: FSR1 is only available when using the Forward+ renderer.
   at: viewport_set_scaling_3d_mode (servers/rendering/renderer_viewport.cpp:979)
ERROR: FSR1 is only available when using the Forward+ renderer.
   at: viewport_set_scaling_3d_mode (servers/rendering/renderer_viewport.cpp:979)
ERROR: FSR1 is only available when using the Forward+ renderer.
   at: viewport_set_scaling_3d_mode (servers/rendering/renderer_viewport.cpp:979)
ERROR: FSR1 is only available when using the Forward+ renderer.
   at: viewport_set_scaling_3d_mode (servers/rendering/renderer_viewport.cpp:979)
ERROR: FSR1 is only available when using the Forward+ renderer.
   at: viewport_set_scaling_3d_mode (servers/rendering/renderer_viewport.cpp:979)
ERROR: FSR1 is only available when using the Forward+ renderer.
   at: viewport_set_scaling_3d_mode (servers/rendering/renderer_viewport.cpp:979)
ERROR: FSR1 is only available when using the Forward+ renderer.
   at: viewport_set_scaling_3d_mode (servers/rendering/renderer_viewport.cpp:979)
ERROR: FSR1 is only available when using the Forward+ renderer.
   at: viewport_set_scaling_3d_mode (servers/rendering/renderer_viewport.cpp:979)
ERROR: FSR1 is only available when using the Forward+ renderer.
   at: viewport_set_scaling_3d_mode (servers/rendering/renderer_viewport.cpp:979)
ERROR: FSR1 is only available when using the Forward+ renderer.
   at: viewport_set_scaling_3d_mode (servers/rendering/renderer_viewport.cpp:979)
ERROR: FSR1 is only available when using the Forward+ renderer.
   at: viewport_set_scaling_3d_mode (servers/rendering/renderer_viewport.cpp:979)
ERROR: FSR1 is only available when using the Forward+ renderer.
   at: viewport_set_scaling_3d_mode (servers/rendering/renderer_viewport.cpp:979)
ERROR: FSR1 is only available when using the Forward+ renderer.
   at: viewport_set_scaling_3d_mode (servers/rendering/renderer_viewport.cpp:979)
ERROR: FSR1 is only available when using the Forward+ renderer.
   at: viewport_set_scaling_3d_mode (servers/rendering/renderer_viewport.cpp:979)
ERROR: FSR1 is only available when using the Forward+ renderer.
   at: viewport_set_scaling_3d_mode (servers/rendering/renderer_viewport.cpp:979)
ERROR: FSR1 is only available when using the Forward+ renderer.
   at: viewport_set_scaling_3d_mode (servers/rendering/renderer_viewport.cpp:979)
ERROR: FSR1 is only available when using the Forward+ renderer.
   at: viewport_set_scaling_3d_mode (servers/rendering/renderer_viewport.cpp:979)
ERROR: FSR1 is only available when using the Forward+ renderer.
   at: viewport_set_scaling_3d_mode (servers/rendering/renderer_viewport.cpp:979)
ERROR: FSR1 is only available when using the Forward+ renderer.
   at: viewport_set_scaling_3d_mode (servers/rendering/renderer_viewport.cpp:979)
ERROR: FSR1 is only available when using the Forward+ renderer.
   at: viewport_set_scaling_3d_mode (servers/rendering/renderer_viewport.cpp:979)
ERROR: FSR1 is only available when using the Forward+ renderer.
   at: viewport_set_scaling_3d_mode (servers/rendering/renderer_viewport.cpp:979)
ERROR: FSR1 is only available when using the Forward+ renderer.
   at: viewport_set_scaling_3d_mode (servers/rendering/renderer_viewport.cpp:979)
ERROR: FSR1 is only available when using the Forward+ renderer.
   at: viewport_set_scaling_3d_mode (servers/rendering/renderer_viewport.cpp:979)
ERROR: FSR1 is only available when using the Forward+ renderer.
   at: viewport_set_scaling_3d_mode (servers/rendering/renderer_viewport.cpp:979)
ERROR: FSR1 is only available when using the Forward+ renderer.
   at: viewport_set_scaling_3d_mode (servers/rendering/renderer_viewport.cpp:979)
ERROR: FSR1 is only available when using the Forward+ renderer.
   at: viewport_set_scaling_3d_mode (servers/rendering/renderer_viewport.cpp:979)
ERROR: FSR1 is only available when using the Forward+ renderer.
   at: viewport_set_scaling_3d_mode (servers/rendering/renderer_viewport.cpp:979)
ERROR: FSR1 is only available when using the Forward+ renderer.
   at: viewport_set_scaling_3d_mode (servers/rendering/renderer_viewport.cpp:979)
ERROR: FSR1 is only available when using the Forward+ renderer.
   at: viewport_set_scaling_3d_mode (servers/rendering/renderer_viewport.cpp:979)
ERROR: FSR1 is only available when using the Forward+ renderer.
   at: viewport_set_scaling_3d_mode (servers/rendering/renderer_viewport.cpp:979)
ERROR: FSR1 is only available when using the Forward+ renderer.
   at: viewport_set_scaling_3d_mode (servers/rendering/renderer_viewport.cpp:979)
ERROR: FSR1 is only available when using the Forward+ renderer.
   at: viewport_set_scaling_3d_mode (servers/rendering/renderer_viewport.cpp:979)
ERROR: FSR1 is only available when using the Forward+ renderer.
   at: viewport_set_scaling_3d_mode (servers/rendering/renderer_viewport.cpp:979)
ERROR: FSR1 is only available when using the Forward+ renderer.
   at: viewport_set_scaling_3d_mode (servers/rendering/renderer_viewport.cpp:979)
ERROR: FSR1 is only available when using the Forward+ renderer.
   at: viewport_set_scaling_3d_mode (servers/rendering/renderer_viewport.cpp:979)
ERROR: FSR1 is only available when using the Forward+ renderer.
   at: viewport_set_scaling_3d_mode (servers/rendering/renderer_viewport.cpp:979)
ERROR: FSR1 is only available when using the Forward+ renderer.
   at: viewport_set_scaling_3d_mode (servers/rendering/renderer_viewport.cpp:979)
ERROR: FSR1 is only available when using the Forward+ renderer.
   at: viewport_set_scaling_3d_mode (servers/rendering/renderer_viewport.cpp:979)
ERROR: FSR1 is only available when using the Forward+ renderer.
   at: viewport_set_scaling_3d_mode (servers/rendering/renderer_viewport.cpp:979)
ERROR: FSR1 is only available when using the Forward+ renderer.
   at: viewport_set_scaling_3d_mode (servers/rendering/renderer_viewport.cpp:979)
ERROR: FSR1 is only available when using the Forward+ renderer.
   at: viewport_set_scaling_3d_mode (servers/rendering/renderer_viewport.cpp:979)
ERROR: FSR1 is only available when using the Forward+ renderer.
   at: viewport_set_scaling_3d_mode (servers/rendering/renderer_viewport.cpp:979)
ERROR: FSR1 is only available when using the Forward+ renderer.
   at: viewport_set_scaling_3d_mode (servers/rendering/renderer_viewport.cpp:979)
ERROR: FSR1 is only available when using the Forward+ renderer.
   at: viewport_set_scaling_3d_mode (servers/rendering/renderer_viewport.cpp:979)
ERROR: FSR1 is only available when using the Forward+ renderer.
   at: viewport_set_scaling_3d_mode (servers/rendering/renderer_viewport.cpp:979)
ERROR: FSR1 is only available when using the Forward+ renderer.
   at: viewport_set_scaling_3d_mode (servers/rendering/renderer_viewport.cpp:979)
ERROR: FSR1 is only available when using the Forward+ renderer.
   at: viewport_set_scaling_3d_mode (servers/rendering/renderer_viewport.cpp:979)
ERROR: FSR1 is only available when using the Forward+ renderer.
   at: viewport_set_scaling_3d_mode (servers/rendering/renderer_viewport.cpp:979)
ERROR: FSR1 is only available when using the Forward+ renderer.
   at: viewport_set_scaling_3d_mode (servers/rendering/renderer_viewport.cpp:979)
ERROR: FSR1 is only available when using the Forward+ renderer.
   at: viewport_set_scaling_3d_mode (servers/rendering/renderer_viewport.cpp:979)
ERROR: FSR1 is only available when using the Forward+ renderer.
   at: viewport_set_scaling_3d_mode (servers/rendering/renderer_viewport.cpp:979)
ERROR: FSR1 is only available when using the Forward+ renderer.
   at: viewport_set_scaling_3d_mode (servers/rendering/renderer_viewport.cpp:979)
ERROR: FSR1 is only available when using the Forward+ renderer.
   at: viewport_set_scaling_3d_mode (servers/rendering/renderer_viewport.cpp:979)
ERROR: FSR1 is only available when using the Forward+ renderer.
   at: viewport_set_scaling_3d_mode (servers/rendering/renderer_viewport.cpp:979)
ERROR: FSR1 is only available when using the Forward+ renderer.
   at: viewport_set_scaling_3d_mode (servers/rendering/renderer_viewport.cpp:979)
ERROR: FSR1 is only available when using the Forward+ renderer.
   at: viewport_set_scaling_3d_mode (servers/rendering/renderer_viewport.cpp:979)
ERROR: FSR1 is only available when using the Forward+ renderer.
   at: viewport_set_scaling_3d_mode (servers/rendering/renderer_viewport.cpp:979)
ERROR: FSR1 is only available when using the Forward+ renderer.
   at: viewport_set_scaling_3d_mode (servers/rendering/renderer_viewport.cpp:979)
ERROR: FSR1 is only available when using the Forward+ renderer.
   at: viewport_set_scaling_3d_mode (servers/rendering/renderer_viewport.cpp:979)
ERROR: FSR1 is only available when using the Forward+ renderer.
   at: viewport_set_scaling_3d_mode (servers/rendering/renderer_viewport.cpp:979)
ERROR: FSR1 is only available when using the Forward+ renderer.
   at: viewport_set_scaling_3d_mode (servers/rendering/renderer_viewport.cpp:979)
ERROR: FSR1 is only available when using the Forward+ renderer.
   at: viewport_set_scaling_3d_mode (servers/rendering/renderer_viewport.cpp:979)
ERROR: FSR1 is only available when using the Forward+ renderer.
   at: viewport_set_scaling_3d_mode (servers/rendering/renderer_viewport.cpp:979)
ERROR: FSR1 is only available when using the Forward+ renderer.
   at: viewport_set_scaling_3d_mode (servers/rendering/renderer_viewport.cpp:979)
ERROR: FSR1 is only available when using the Forward+ renderer.
   at: viewport_set_scaling_3d_mode (servers/rendering/renderer_viewport.cpp:979)
ERROR: FSR1 is only available when using the Forward+ renderer.
   at: viewport_set_scaling_3d_mode (servers/rendering/renderer_viewport.cpp:979)
ERROR: FSR1 is only available when using the Forward+ renderer.
   at: viewport_set_scaling_3d_mode (servers/rendering/renderer_viewport.cpp:979)
ERROR: FSR1 is only available when using the Forward+ renderer.
   at: viewport_set_scaling_3d_mode (servers/rendering/renderer_viewport.cpp:979)
ERROR: FSR1 is only available when using the Forward+ renderer.
   at: viewport_set_scaling_3d_mode (servers/rendering/renderer_viewport.cpp:979)
ERROR: FSR1 is only available when using the Forward+ renderer.
   at: viewport_set_scaling_3d_mode (servers/rendering/renderer_viewport.cpp:979)
ERROR: FSR1 is only available when using the Forward+ renderer.
   at: viewport_set_scaling_3d_mode (servers/rendering/renderer_viewport.cpp:979)
ERROR: FSR1 is only available when using the Forward+ renderer.
   at: viewport_set_scaling_3d_mode (servers/rendering/renderer_viewport.cpp:979)
ERROR: FSR1 is only available when using the Forward+ renderer.
   at: viewport_set_scaling_3d_mode (servers/rendering/renderer_viewport.cpp:979)
ERROR: FSR1 is only available when using the Forward+ renderer.
   at: viewport_set_scaling_3d_mode (servers/rendering/renderer_viewport.cpp:979)
ERROR: FSR1 is only available when using the Forward+ renderer.
   at: viewport_set_scaling_3d_mode (servers/rendering/renderer_viewport.cpp:979)
ERROR: FSR1 is only available when using the Forward+ renderer.
   at: viewport_set_scaling_3d_mode (servers/rendering/renderer_viewport.cpp:979)
ERROR: FSR1 is only available when using the Forward+ renderer.
   at: viewport_set_scaling_3d_mode (servers/rendering/renderer_viewport.cpp:979)
ERROR: FSR1 is only available when using the Forward+ renderer.
   at: viewport_set_scaling_3d_mode (servers/rendering/renderer_viewport.cpp:979)
ERROR: FSR1 is only available when using the Forward+ renderer.
   at: viewport_set_scaling_3d_mode (servers/rendering/renderer_viewport.cpp:979)
ERROR: FSR1 is only available when using the Forward+ renderer.
   at: viewport_set_scaling_3d_mode (servers/rendering/renderer_viewport.cpp:979)
ERROR: FSR1 is only available when using the Forward+ renderer.
   at: viewport_set_scaling_3d_mode (servers/rendering/renderer_viewport.cpp:979)
ERROR: FSR1 is only available when using the Forward+ renderer.
   at: viewport_set_scaling_3d_mode (servers/rendering/renderer_viewport.cpp:979)
ERROR: FSR1 is only available when using the Forward+ renderer.
   at: viewport_set_scaling_3d_mode (servers/rendering/renderer_viewport.cpp:979)
ERROR: FSR1 is only available when using the Forward+ renderer.
   at: viewport_set_scaling_3d_mode (servers/rendering/renderer_viewport.cpp:979)
ERROR: FSR1 is only available when using the Forward+ renderer.
   at: viewport_set_scaling_3d_mode (servers/rendering/renderer_viewport.cpp:979)
ERROR: FSR1 is only available when using the Forward+ renderer.
   at: viewport_set_scaling_3d_mode (servers/rendering/renderer_viewport.cpp:979)
ERROR: FSR1 is only available when using the Forward+ renderer.
   at: viewport_set_scaling_3d_mode (servers/rendering/renderer_viewport.cpp:979)
ERROR: FSR1 is only available when using the Forward+ renderer.
   at: viewport_set_scaling_3d_mode (servers/rendering/renderer_viewport.cpp:979)
ERROR: FSR1 is only available when using the Forward+ renderer.
   at: viewport_set_scaling_3d_mode (servers/rendering/renderer_viewport.cpp:979)
ERROR: FSR1 is only available when using the Forward+ renderer.
   at: viewport_set_scaling_3d_mode (servers/rendering/renderer_viewport.cpp:979)
ERROR: FSR1 is only available when using the Forward+ renderer.
   at: viewport_set_scaling_3d_mode (servers/rendering/renderer_viewport.cpp:979)
ERROR: FSR1 is only available when using the Forward+ renderer.
   at: viewport_set_scaling_3d_mode (servers/rendering/renderer_viewport.cpp:979)
ERROR: FSR1 is only available when using the Forward+ renderer.
   at: viewport_set_scaling_3d_mode (servers/rendering/renderer_viewport.cpp:979)
ERROR: FSR1 is only available when using the Forward+ renderer.
   at: viewport_set_scaling_3d_mode (servers/rendering/renderer_viewport.cpp:979)
ERROR: FSR1 is only available when using the Forward+ renderer.
   at: viewport_set_scaling_3d_mode (servers/rendering/renderer_viewport.cpp:979)
ERROR: FSR1 is only available when using the Forward+ renderer.
   at: viewport_set_scaling_3d_mode (servers/rendering/renderer_viewport.cpp:979)
ERROR: FSR1 is only available when using the Forward+ renderer.
   at: viewport_set_scaling_3d_mode (servers/rendering/renderer_viewport.cpp:979)
ERROR: FSR1 is only available when using the Forward+ renderer.
   at: viewport_set_scaling_3d_mode (servers/rendering/renderer_viewport.cpp:979)
ERROR: FSR1 is only available when using the Forward+ renderer.
   at: viewport_set_scaling_3d_mode (servers/rendering/renderer_viewport.cpp:979)
ERROR: FSR1 is only available when using the Forward+ renderer.
   at: viewport_set_scaling_3d_mode (servers/rendering/renderer_viewport.cpp:979)
ERROR: FSR1 is only available when using the Forward+ renderer.
   at: viewport_set_scaling_3d_mode (servers/rendering/renderer_viewport.cpp:979)
ERROR: FSR1 is only available when using the Forward+ renderer.
   at: viewport_set_scaling_3d_mode (servers/rendering/renderer_viewport.cpp:979)
ERROR: FSR1 is only available when using the Forward+ renderer.
   at: viewport_set_scaling_3d_mode (servers/rendering/renderer_viewport.cpp:979)
ERROR: FSR1 is only available when using the Forward+ renderer.
   at: viewport_set_scaling_3d_mode (servers/rendering/renderer_viewport.cpp:979)
ERROR: FSR1 is only available when using the Forward+ renderer.
   at: viewport_set_scaling_3d_mode (servers/rendering/renderer_viewport.cpp:979)
ERROR: FSR1 is only available when using the Forward+ renderer.
   at: viewport_set_scaling_3d_mode (servers/rendering/renderer_viewport.cpp:979)
ERROR: FSR1 is only available when using the Forward+ renderer.
   at: viewport_set_scaling_3d_mode (servers/rendering/renderer_viewport.cpp:979)
ERROR: FSR1 is only available when using the Forward+ renderer.
   at: viewport_set_scaling_3d_mode (servers/rendering/renderer_viewport.cpp:979)
ERROR: FSR1 is only available when using the Forward+ renderer.
   at: viewport_set_scaling_3d_mode (servers/rendering/renderer_viewport.cpp:979)
ERROR: FSR1 is only available when using the Forward+ renderer.
   at: viewport_set_scaling_3d_mode (servers/rendering/renderer_viewport.cpp:979)
ERROR: FSR1 is only available when using the Forward+ renderer.
   at: viewport_set_scaling_3d_mode (servers/rendering/renderer_viewport.cpp:979)
ERROR: FSR1 is only available when using the Forward+ renderer.
   at: viewport_set_scaling_3d_mode (servers/rendering/renderer_viewport.cpp:979)
ERROR: FSR1 is only available when using the Forward+ renderer.
   at: viewport_set_scaling_3d_mode (servers/rendering/renderer_viewport.cpp:979)
ERROR: FSR1 is only available when using the Forward+ renderer.
   at: viewport_set_scaling_3d_mode (servers/rendering/renderer_viewport.cpp:979)
ERROR: FSR1 is only available when using the Forward+ renderer.
   at: viewport_set_scaling_3d_mode (servers/rendering/renderer_viewport.cpp:979)
ERROR: FSR1 is only available when using the Forward+ renderer.
   at: viewport_set_scaling_3d_mode (servers/rendering/renderer_viewport.cpp:979)
ERROR: FSR1 is only available when using the Forward+ renderer.
   at: viewport_set_scaling_3d_mode (servers/rendering/renderer_viewport.cpp:979)
ERROR: FSR1 is only available when using the Forward+ renderer.
   at: viewport_set_scaling_3d_mode (servers/rendering/renderer_viewport.cpp:979)
ERROR: FSR1 is only available when using the Forward+ renderer.
   at: viewport_set_scaling_3d_mode (servers/rendering/renderer_viewport.cpp:979)
ERROR: FSR1 is only available when using the Forward+ renderer.
   at: viewport_set_scaling_3d_mode (servers/rendering/renderer_viewport.cpp:979)
ERROR: FSR1 is only available when using the Forward+ renderer.
   at: viewport_set_scaling_3d_mode (servers/rendering/renderer_viewport.cpp:979)
ERROR: FSR1 is only available when using the Forward+ renderer.
   at: viewport_set_scaling_3d_mode (servers/rendering/renderer_viewport.cpp:979)
ERROR: FSR1 is only available when using the Forward+ renderer.
   at: viewport_set_scaling_3d_mode (servers/rendering/renderer_viewport.cpp:979)
ERROR: FSR1 is only available when using the Forward+ renderer.
   at: viewport_set_scaling_3d_mode (servers/rendering/renderer_viewport.cpp:979)
ERROR: FSR1 is only available when using the Forward+ renderer.
   at: viewport_set_scaling_3d_mode (servers/rendering/renderer_viewport.cpp:979)
ERROR: FSR1 is only available when using the Forward+ renderer.
   at: viewport_set_scaling_3d_mode (servers/rendering/renderer_viewport.cpp:979)
ERROR: FSR1 is only available when using the Forward+ renderer.
   at: viewport_set_scaling_3d_mode (servers/rendering/renderer_viewport.cpp:979)
ERROR: FSR1 is only available when using the Forward+ renderer.
   at: viewport_set_scaling_3d_mode (servers/rendering/renderer_viewport.cpp:979)
ERROR: FSR1 is only available when using the Forward+ renderer.
   at: viewport_set_scaling_3d_mode (servers/rendering/renderer_viewport.cpp:979)
ERROR: FSR1 is only available when using the Forward+ renderer.
   at: viewport_set_scaling_3d_mode (servers/rendering/renderer_viewport.cpp:979)
ERROR: FSR1 is only available when using the Forward+ renderer.
   at: viewport_set_scaling_3d_mode (servers/rendering/renderer_viewport.cpp:979)
ERROR: FSR1 is only available when using the Forward+ renderer.
   at: viewport_set_scaling_3d_mode (servers/rendering/renderer_viewport.cpp:979)
ERROR: FSR1 is only available when using the Forward+ renderer.
   at: viewport_set_scaling_3d_mode (servers/rendering/renderer_viewport.cpp:979)
ERROR: FSR1 is only available when using the Forward+ renderer.
   at: viewport_set_scaling_3d_mode (servers/rendering/renderer_viewport.cpp:979)
ERROR: FSR1 is only available when using the Forward+ renderer.
   at: viewport_set_scaling_3d_mode (servers/rendering/renderer_viewport.cpp:979)
ERROR: FSR1 is only available when using the Forward+ renderer.
   at: viewport_set_scaling_3d_mode (servers/rendering/renderer_viewport.cpp:979)
ERROR: FSR1 is only available when using the Forward+ renderer.
   at: viewport_set_scaling_3d_mode (servers/rendering/renderer_viewport.cpp:979)
ERROR: FSR1 is only available when using the Forward+ renderer.
   at: viewport_set_scaling_3d_mode (servers/rendering/renderer_viewport.cpp:979)
ERROR: FSR1 is only available when using the Forward+ renderer.
   at: viewport_set_scaling_3d_mode (servers/rendering/renderer_viewport.cpp:979)
ERROR: FSR1 is only available when using the Forward+ renderer.
   at: viewport_set_scaling_3d_mode (servers/rendering/renderer_viewport.cpp:979)
ERROR: FSR1 is only available when using the Forward+ renderer.
   at: viewport_set_scaling_3d_mode (servers/rendering/renderer_viewport.cpp:979)
ERROR: FSR1 is only available when using the Forward+ renderer.
   at: viewport_set_scaling_3d_mode (servers/rendering/renderer_viewport.cpp:979)
ERROR: FSR1 is only available when using the Forward+ renderer.
   at: viewport_set_scaling_3d_mode (servers/rendering/renderer_viewport.cpp:979)
ERROR: FSR1 is only available when using the Forward+ renderer.
   at: viewport_set_scaling_3d_mode (servers/rendering/renderer_viewport.cpp:979)
ERROR: FSR1 is only available when using the Forward+ renderer.
   at: viewport_set_scaling_3d_mode (servers/rendering/renderer_viewport.cpp:979)
ERROR: FSR1 is only available when using the Forward+ renderer.
   at: viewport_set_scaling_3d_mode (servers/rendering/renderer_viewport.cpp:979)
ERROR: FSR1 is only available when using the Forward+ renderer.
   at: viewport_set_scaling_3d_mode (servers/rendering/renderer_viewport.cpp:979)
ERROR: FSR1 is only available when using the Forward+ renderer.
   at: viewport_set_scaling_3d_mode (servers/rendering/renderer_viewport.cpp:979)
ERROR: FSR1 is only available when using the Forward+ renderer.
   at: viewport_set_scaling_3d_mode (servers/rendering/renderer_viewport.cpp:979)
ERROR: FSR1 is only available when using the Forward+ renderer.
   at: viewport_set_scaling_3d_mode (servers/rendering/renderer_viewport.cpp:979)
ERROR: FSR1 is only available when using the Forward+ renderer.
   at: viewport_set_scaling_3d_mode (servers/rendering/renderer_viewport.cpp:979)
ERROR: FSR1 is only available when using the Forward+ renderer.
   at: viewport_set_scaling_3d_mode (servers/rendering/renderer_viewport.cpp:979)
ERROR: FSR1 is only available when using the Forward+ renderer.
   at: viewport_set_scaling_3d_mode (servers/rendering/renderer_viewport.cpp:979)
ERROR: FSR1 is only available when using the Forward+ renderer.
   at: viewport_set_scaling_3d_mode (servers/rendering/renderer_viewport.cpp:979)
ERROR: FSR1 is only available when using the Forward+ renderer.
   at: viewport_set_scaling_3d_mode (servers/rendering/renderer_viewport.cpp:979)
ERROR: FSR1 is only available when using the Forward+ renderer.
   at: viewport_set_scaling_3d_mode (servers/rendering/renderer_viewport.cpp:979)
ERROR: FSR1 is only available when using the Forward+ renderer.
   at: viewport_set_scaling_3d_mode (servers/rendering/renderer_viewport.cpp:979)
ERROR: FSR1 is only available when using the Forward+ renderer.
   at: viewport_set_scaling_3d_mode (servers/rendering/renderer_viewport.cpp:979)
ERROR: FSR1 is only available when using the Forward+ renderer.
   at: viewport_set_scaling_3d_mode (servers/rendering/renderer_viewport.cpp:979)
ERROR: FSR1 is only available when using the Forward+ renderer.
   at: viewport_set_scaling_3d_mode (servers/rendering/renderer_viewport.cpp:979)
ERROR: FSR1 is only available when using the Forward+ renderer.
   at: viewport_set_scaling_3d_mode (servers/rendering/renderer_viewport.cpp:979)
ERROR: FSR1 is only available when using the Forward+ renderer.
   at: viewport_set_scaling_3d_mode (servers/rendering/renderer_viewport.cpp:979)
ERROR: FSR1 is only available when using the Forward+ renderer.
   at: viewport_set_scaling_3d_mode (servers/rendering/renderer_viewport.cpp:979)
ERROR: FSR1 is only available when using the Forward+ renderer.
   at: viewport_set_scaling_3d_mode (servers/rendering/renderer_viewport.cpp:979)
ERROR: FSR1 is only available when using the Forward+ renderer.
   at: viewport_set_scaling_3d_mode (servers/rendering/renderer_viewport.cpp:979)
ERROR: FSR1 is only available when using the Forward+ renderer.
   at: viewport_set_scaling_3d_mode (servers/rendering/renderer_viewport.cpp:979)
ERROR: FSR1 is only available when using the Forward+ renderer.
   at: viewport_set_scaling_3d_mode (servers/rendering/renderer_viewport.cpp:979)
ERROR: FSR1 is only available when using the Forward+ renderer.
   at: viewport_set_scaling_3d_mode (servers/rendering/renderer_viewport.cpp:979)
ERROR: FSR1 is only available when using the Forward+ renderer.
   at: viewport_set_scaling_3d_mode (servers/rendering/renderer_viewport.cpp:979)
ERROR: FSR1 is only available when using the Forward+ renderer.
   at: viewport_set_scaling_3d_mode (servers/rendering/renderer_viewport.cpp:979)
ERROR: FSR1 is only available when using the Forward+ renderer.
   at: viewport_set_scaling_3d_mode (servers/rendering/renderer_viewport.cpp:979)
ERROR: FSR1 is only available when using the Forward+ renderer.
   at: viewport_set_scaling_3d_mode (servers/rendering/renderer_viewport.cpp:979)
ERROR: FSR1 is only available when using the Forward+ renderer.
   at: viewport_set_scaling_3d_mode (servers/rendering/renderer_viewport.cpp:979)
ERROR: FSR1 is only available when using the Forward+ renderer.
   at: viewport_set_scaling_3d_mode (servers/rendering/renderer_viewport.cpp:979)
ERROR: FSR1 is only available when using the Forward+ renderer.
   at: viewport_set_scaling_3d_mode (servers/rendering/renderer_viewport.cpp:979)
ERROR: FSR1 is only available when using the Forward+ renderer.
   at: viewport_set_scaling_3d_mode (servers/rendering/renderer_viewport.cpp:979)
ERROR: FSR1 is only available when using the Forward+ renderer.
   at: viewport_set_scaling_3d_mode (servers/rendering/renderer_viewport.cpp:979)
ERROR: FSR1 is only available when using the Forward+ renderer.
   at: viewport_set_scaling_3d_mode (servers/rendering/renderer_viewport.cpp:979)
ERROR: FSR1 is only available when using the Forward+ renderer.
   at: viewport_set_scaling_3d_mode (servers/rendering/renderer_viewport.cpp:979)
ERROR: FSR1 is only available when using the Forward+ renderer.
   at: viewport_set_scaling_3d_mode (servers/rendering/renderer_viewport.cpp:979)
ERROR: FSR1 is only available when using the Forward+ renderer.
   at: viewport_set_scaling_3d_mode (servers/rendering/renderer_viewport.cpp:979)
ERROR: FSR1 is only available when using the Forward+ renderer.
   at: viewport_set_scaling_3d_mode (servers/rendering/renderer_viewport.cpp:979)
ERROR: FSR1 is only available when using the Forward+ renderer.
   at: viewport_set_scaling_3d_mode (servers/rendering/renderer_viewport.cpp:979)
ERROR: FSR1 is only available when using the Forward+ renderer.
   at: viewport_set_scaling_3d_mode (servers/rendering/renderer_viewport.cpp:979)
ERROR: FSR1 is only available when using the Forward+ renderer.
   at: viewport_set_scaling_3d_mode (servers/rendering/renderer_viewport.cpp:979)
ERROR: FSR1 is only available when using the Forward+ renderer.
   at: viewport_set_scaling_3d_mode (servers/rendering/renderer_viewport.cpp:979)
ERROR: FSR1 is only available when using the Forward+ renderer.
   at: viewport_set_scaling_3d_mode (servers/rendering/renderer_viewport.cpp:979)
ERROR: FSR1 is only available when using the Forward+ renderer.
   at: viewport_set_scaling_3d_mode (servers/rendering/renderer_viewport.cpp:979)
ERROR: FSR1 is only available when using the Forward+ renderer.
   at: viewport_set_scaling_3d_mode (servers/rendering/renderer_viewport.cpp:979)
ERROR: FSR1 is only available when using the Forward+ renderer.
   at: viewport_set_scaling_3d_mode (servers/rendering/renderer_viewport.cpp:979)
ERROR: FSR1 is only available when using the Forward+ renderer.
   at: viewport_set_scaling_3d_mode (servers/rendering/renderer_viewport.cpp:979)
ERROR: FSR1 is only available when using the Forward+ renderer.
   at: viewport_set_scaling_3d_mode (servers/rendering/renderer_viewport.cpp:979)
ERROR: FSR1 is only available when using the Forward+ renderer.
   at: viewport_set_scaling_3d_mode (servers/rendering/renderer_viewport.cpp:979)
ERROR: FSR1 is only available when using the Forward+ renderer.
   at: viewport_set_scaling_3d_mode (servers/rendering/renderer_viewport.cpp:979)
ERROR: FSR1 is only available when using the Forward+ renderer.
   at: viewport_set_scaling_3d_mode (servers/rendering/renderer_viewport.cpp:979)
ERROR: FSR1 is only available when using the Forward+ renderer.
   at: viewport_set_scaling_3d_mode (servers/rendering/renderer_viewport.cpp:979)
ERROR: FSR1 is only available when using the Forward+ renderer.
   at: viewport_set_scaling_3d_mode (servers/rendering/renderer_viewport.cpp:979)
ERROR: FSR1 is only available when using the Forward+ renderer.
   at: viewport_set_scaling_3d_mode (servers/rendering/renderer_viewport.cpp:979)
ERROR: FSR1 is only available when using the Forward+ renderer.
   at: viewport_set_scaling_3d_mode (servers/rendering/renderer_viewport.cpp:979)
ERROR: FSR1 is only available when using the Forward+ renderer.
   at: viewport_set_scaling_3d_mode (servers/rendering/renderer_viewport.cpp:979)
ERROR: FSR1 is only available when using the Forward+ renderer.
   at: viewport_set_scaling_3d_mode (servers/rendering/renderer_viewport.cpp:979)
ERROR: FSR1 is only available when using the Forward+ renderer.
   at: viewport_set_scaling_3d_mode (servers/rendering/renderer_viewport.cpp:979)
ERROR: FSR1 is only available when using the Forward+ renderer.
   at: viewport_set_scaling_3d_mode (servers/rendering/renderer_viewport.cpp:979)
ERROR: FSR1 is only available when using the Forward+ renderer.
   at: viewport_set_scaling_3d_mode (servers/rendering/renderer_viewport.cpp:979)
ERROR: FSR1 is only available when using the Forward+ renderer.
   at: viewport_set_scaling_3d_mode (servers/rendering/renderer_viewport.cpp:979)
ERROR: FSR1 is only available when using the Forward+ renderer.
   at: viewport_set_scaling_3d_mode (servers/rendering/renderer_viewport.cpp:979)
ERROR: FSR1 is only available when using the Forward+ renderer.
   at: viewport_set_scaling_3d_mode (servers/rendering/renderer_viewport.cpp:979)
ERROR: FSR1 is only available when using the Forward+ renderer.
   at: viewport_set_scaling_3d_mode (servers/rendering/renderer_viewport.cpp:979)
ERROR: FSR1 is only available when using the Forward+ renderer.
   at: viewport_set_scaling_3d_mode (servers/rendering/renderer_viewport.cpp:979)
ERROR: FSR1 is only available when using the Forward+ renderer.
   at: viewport_set_scaling_3d_mode (servers/rendering/renderer_viewport.cpp:979)
ERROR: FSR1 is only available when using the Forward+ renderer.
   at: viewport_set_scaling_3d_mode (servers/rendering/renderer_viewport.cpp:979)
ERROR: FSR1 is only available when using the Forward+ renderer.
   at: viewport_set_scaling_3d_mode (servers/rendering/renderer_viewport.cpp:979)
ERROR: FSR1 is only available when using the Forward+ renderer.
   at: viewport_set_scaling_3d_mode (servers/rendering/renderer_viewport.cpp:979)
ERROR: FSR1 is only available when using the Forward+ renderer.
   at: viewport_set_scaling_3d_mode (servers/rendering/renderer_viewport.cpp:979)
ERROR: FSR1 is only available when using the Forward+ renderer.
   at: viewport_set_scaling_3d_mode (servers/rendering/renderer_viewport.cpp:979)
ERROR: FSR1 is only available when using the Forward+ renderer.
   at: viewport_set_scaling_3d_mode (servers/rendering/renderer_viewport.cpp:979)
ERROR: FSR1 is only available when using the Forward+ renderer.
   at: viewport_set_scaling_3d_mode (servers/rendering/renderer_viewport.cpp:979)
ERROR: FSR1 is only available when using the Forward+ renderer.
   at: viewport_set_scaling_3d_mode (servers/rendering/renderer_viewport.cpp:979)
ERROR: FSR1 is only available when using the Forward+ renderer.
   at: viewport_set_scaling_3d_mode (servers/rendering/renderer_viewport.cpp:979)
ERROR: FSR1 is only available when using the Forward+ renderer.
   at: viewport_set_scaling_3d_mode (servers/rendering/renderer_viewport.cpp:979)
ERROR: FSR1 is only available when using the Forward+ renderer.
   at: viewport_set_scaling_3d_mode (servers/rendering/renderer_viewport.cpp:979)
ERROR: FSR1 is only available when using the Forward+ renderer.
   at: viewport_set_scaling_3d_mode (servers/rendering/renderer_viewport.cpp:979)
ERROR: FSR1 is only available when using the Forward+ renderer.
   at: viewport_set_scaling_3d_mode (servers/rendering/renderer_viewport.cpp:979)
ERROR: FSR1 is only available when using the Forward+ renderer.
   at: viewport_set_scaling_3d_mode (servers/rendering/renderer_viewport.cpp:979)
ERROR: FSR1 is only available when using the Forward+ renderer.
   at: viewport_set_scaling_3d_mode (servers/rendering/renderer_viewport.cpp:979)
ERROR: FSR1 is only available when using the Forward+ renderer.
   at: viewport_set_scaling_3d_mode (servers/rendering/renderer_viewport.cpp:979)
ERROR: FSR1 is only available when using the Forward+ renderer.
   at: viewport_set_scaling_3d_mode (servers/rendering/renderer_viewport.cpp:979)
ERROR: FSR1 is only available when using the Forward+ renderer.
   at: viewport_set_scaling_3d_mode (servers/rendering/renderer_viewport.cpp:979)
ERROR: FSR1 is only available when using the Forward+ renderer.
   at: viewport_set_scaling_3d_mode (servers/rendering/renderer_viewport.cpp:979)
ERROR: FSR1 is only available when using the Forward+ renderer.
   at: viewport_set_scaling_3d_mode (servers/rendering/renderer_viewport.cpp:979)
ERROR: FSR1 is only available when using the Forward+ renderer.
   at: viewport_set_scaling_3d_mode (servers/rendering/renderer_viewport.cpp:979)
ERROR: FSR1 is only available when using the Forward+ renderer.
   at: viewport_set_scaling_3d_mode (servers/rendering/renderer_viewport.cpp:979)
ERROR: FSR1 is only available when using the Forward+ renderer.
   at: viewport_set_scaling_3d_mode (servers/rendering/renderer_viewport.cpp:979)
ERROR: FSR1 is only available when using the Forward+ renderer.
   at: viewport_set_scaling_3d_mode (servers/rendering/renderer_viewport.cpp:979)
ERROR: FSR1 is only available when using the Forward+ renderer.
   at: viewport_set_scaling_3d_mode (servers/rendering/renderer_viewport.cpp:979)
ERROR: FSR1 is only available when using the Forward+ renderer.
   at: viewport_set_scaling_3d_mode (servers/rendering/renderer_viewport.cpp:979)
ERROR: FSR1 is only available when using the Forward+ renderer.
   at: viewport_set_scaling_3d_mode (servers/rendering/renderer_viewport.cpp:979)
ERROR: FSR1 is only available when using the Forward+ renderer.
   at: viewport_set_scaling_3d_mode (servers/rendering/renderer_viewport.cpp:979)
ERROR: FSR1 is only available when using the Forward+ renderer.
   at: viewport_set_scaling_3d_mode (servers/rendering/renderer_viewport.cpp:979)
ERROR: FSR1 is only available when using the Forward+ renderer.
   at: viewport_set_scaling_3d_mode (servers/rendering/renderer_viewport.cpp:979)
ERROR: FSR1 is only available when using the Forward+ renderer.
   at: viewport_set_scaling_3d_mode (servers/rendering/renderer_viewport.cpp:979)
ERROR: FSR1 is only available when using the Forward+ renderer.
   at: viewport_set_scaling_3d_mode (servers/rendering/renderer_viewport.cpp:979)
ERROR: FSR1 is only available when using the Forward+ renderer.
   at: viewport_set_scaling_3d_mode (servers/rendering/renderer_viewport.cpp:979)
ERROR: FSR1 is only available when using the Forward+ renderer.
   at: viewport_set_scaling_3d_mode (servers/rendering/renderer_viewport.cpp:979)
ERROR: FSR1 is only available when using the Forward+ renderer.
   at: viewport_set_scaling_3d_mode (servers/rendering/renderer_viewport.cpp:979)
ERROR: FSR1 is only available when using the Forward+ renderer.
   at: viewport_set_scaling_3d_mode (servers/rendering/renderer_viewport.cpp:979)
ERROR: FSR1 is only available when using the Forward+ renderer.
   at: viewport_set_scaling_3d_mode (servers/rendering/renderer_viewport.cpp:979)
ERROR: FSR1 is only available when using the Forward+ renderer.
   at: viewport_set_scaling_3d_mode (servers/rendering/renderer_viewport.cpp:979)
ERROR: FSR1 is only available when using the Forward+ renderer.
   at: viewport_set_scaling_3d_mode (servers/rendering/renderer_viewport.cpp:979)
ERROR: FSR1 is only available when using the Forward+ renderer.
   at: viewport_set_scaling_3d_mode (servers/rendering/renderer_viewport.cpp:979)
ERROR: FSR1 is only available when using the Forward+ renderer.
   at: viewport_set_scaling_3d_mode (servers/rendering/renderer_viewport.cpp:979)
ERROR: FSR1 is only available when using the Forward+ renderer.
   at: viewport_set_scaling_3d_mode (servers/rendering/renderer_viewport.cpp:979)
ERROR: FSR1 is only available when using the Forward+ renderer.
   at: viewport_set_scaling_3d_mode (servers/rendering/renderer_viewport.cpp:979)
ERROR: FSR1 is only available when using the Forward+ renderer.
   at: viewport_set_scaling_3d_mode (servers/rendering/renderer_viewport.cpp:979)
ERROR: FSR1 is only available when using the Forward+ renderer.
   at: viewport_set_scaling_3d_mode (servers/rendering/renderer_viewport.cpp:979)
ERROR: FSR1 is only available when using the Forward+ renderer.
   at: viewport_set_scaling_3d_mode (servers/rendering/renderer_viewport.cpp:979)
ERROR: FSR1 is only available when using the Forward+ renderer.
   at: viewport_set_scaling_3d_mode (servers/rendering/renderer_viewport.cpp:979)
ERROR: FSR1 is only available when using the Forward+ renderer.
   at: viewport_set_scaling_3d_mode (servers/rendering/renderer_viewport.cpp:979)
ERROR: FSR1 is only available when using the Forward+ renderer.
   at: viewport_set_scaling_3d_mode (servers/rendering/renderer_viewport.cpp:979)
ERROR: FSR1 is only available when using the Forward+ renderer.
   at: viewport_set_scaling_3d_mode (servers/rendering/renderer_viewport.cpp:979)
ERROR: FSR1 is only available when using the Forward+ renderer.
   at: viewport_set_scaling_3d_mode (servers/rendering/renderer_viewport.cpp:979)
ERROR: FSR1 is only available when using the Forward+ renderer.
   at: viewport_set_scaling_3d_mode (servers/rendering/renderer_viewport.cpp:979)
ERROR: FSR1 is only available when using the Forward+ renderer.
   at: viewport_set_scaling_3d_mode (servers/rendering/renderer_viewport.cpp:979)
ERROR: FSR1 is only available when using the Forward+ renderer.
   at: viewport_set_scaling_3d_mode (servers/rendering/renderer_viewport.cpp:979)
ERROR: FSR1 is only available when using the Forward+ renderer.
   at: viewport_set_scaling_3d_mode (servers/rendering/renderer_viewport.cpp:979)
ERROR: FSR1 is only available when using the Forward+ renderer.
   at: viewport_set_scaling_3d_mode (servers/rendering/renderer_viewport.cpp:979)
ERROR: FSR1 is only available when using the Forward+ renderer.
   at: viewport_set_scaling_3d_mode (servers/rendering/renderer_viewport.cpp:979)
ERROR: FSR1 is only available when using the Forward+ renderer.
   at: viewport_set_scaling_3d_mode (servers/rendering/renderer_viewport.cpp:979)
ERROR: FSR1 is only available when using the Forward+ renderer.
   at: viewport_set_scaling_3d_mode (servers/rendering/renderer_viewport.cpp:979)
ERROR: FSR1 is only available when using the Forward+ renderer.
   at: viewport_set_scaling_3d_mode (servers/rendering/renderer_viewport.cpp:979)
ERROR: FSR1 is only available when using the Forward+ renderer.
   at: viewport_set_scaling_3d_mode (servers/rendering/renderer_viewport.cpp:979)
ERROR: FSR1 is only available when using the Forward+ renderer.
   at: viewport_set_scaling_3d_mode (servers/rendering/renderer_viewport.cpp:979)
ERROR: FSR1 is only available when using the Forward+ renderer.
   at: viewport_set_scaling_3d_mode (servers/rendering/renderer_viewport.cpp:979)
ERROR: FSR1 is only available when using the Forward+ renderer.
   at: viewport_set_scaling_3d_mode (servers/rendering/renderer_viewport.cpp:979)
ERROR: FSR1 is only available when using the Forward+ renderer.
   at: viewport_set_scaling_3d_mode (servers/rendering/renderer_viewport.cpp:979)
ERROR: FSR1 is only available when using the Forward+ renderer.
   at: viewport_set_scaling_3d_mode (servers/rendering/renderer_viewport.cpp:979)
ERROR: FSR1 is only available when using the Forward+ renderer.
   at: viewport_set_scaling_3d_mode (servers/rendering/renderer_viewport.cpp:979)
ERROR: FSR1 is only available when using the Forward+ renderer.
   at: viewport_set_scaling_3d_mode (servers/rendering/renderer_viewport.cpp:979)
ERROR: FSR1 is only available when using the Forward+ renderer.
   at: viewport_set_scaling_3d_mode (servers/rendering/renderer_viewport.cpp:979)
ERROR: FSR1 is only available when using the Forward+ renderer.
   at: viewport_set_scaling_3d_mode (servers/rendering/renderer_viewport.cpp:979)
ERROR: FSR1 is only available when using the Forward+ renderer.
   at: viewport_set_scaling_3d_mode (servers/rendering/renderer_viewport.cpp:979)
ERROR: FSR1 is only available when using the Forward+ renderer.
   at: viewport_set_scaling_3d_mode (servers/rendering/renderer_viewport.cpp:979)
ERROR: FSR1 is only available when using the Forward+ renderer.
   at: viewport_set_scaling_3d_mode (servers/rendering/renderer_viewport.cpp:979)
ERROR: FSR1 is only available when using the Forward+ renderer.
   at: viewport_set_scaling_3d_mode (servers/rendering/renderer_viewport.cpp:979)
ERROR: FSR1 is only available when using the Forward+ renderer.
   at: viewport_set_scaling_3d_mode (servers/rendering/renderer_viewport.cpp:979)
ERROR: FSR1 is only available when using the Forward+ renderer.
   at: viewport_set_scaling_3d_mode (servers/rendering/renderer_viewport.cpp:979)
ERROR: FSR1 is only available when using the Forward+ renderer.
   at: viewport_set_scaling_3d_mode (servers/rendering/renderer_viewport.cpp:979)
ERROR: FSR1 is only available when using the Forward+ renderer.
   at: viewport_set_scaling_3d_mode (servers/rendering/renderer_viewport.cpp:979)
ERROR: FSR1 is only available when using the Forward+ renderer.
   at: viewport_set_scaling_3d_mode (servers/rendering/renderer_viewport.cpp:979)
ERROR: FSR1 is only available when using the Forward+ renderer.
   at: viewport_set_scaling_3d_mode (servers/rendering/renderer_viewport.cpp:979)
ERROR: FSR1 is only available when using the Forward+ renderer.
   at: viewport_set_scaling_3d_mode (servers/rendering/renderer_viewport.cpp:979)
ERROR: FSR1 is only available when using the Forward+ renderer.
   at: viewport_set_scaling_3d_mode (servers/rendering/renderer_viewport.cpp:979)
ERROR: FSR1 is only available when using the Forward+ renderer.
   at: viewport_set_scaling_3d_mode (servers/rendering/renderer_viewport.cpp:979)
ERROR: FSR1 is only available when using the Forward+ renderer.
   at: viewport_set_scaling_3d_mode (servers/rendering/renderer_viewport.cpp:979)
ERROR: FSR1 is only available when using the Forward+ renderer.
   at: viewport_set_scaling_3d_mode (servers/rendering/renderer_viewport.cpp:979)
ERROR: FSR1 is only available when using the Forward+ renderer.
   at: viewport_set_scaling_3d_mode (servers/rendering/renderer_viewport.cpp:979)
ERROR: FSR1 is only available when using the Forward+ renderer.
   at: viewport_set_scaling_3d_mode (servers/rendering/renderer_viewport.cpp:979)
ERROR: FSR1 is only available when using the Forward+ renderer.
   at: viewport_set_scaling_3d_mode (servers/rendering/renderer_viewport.cpp:979)
ERROR: FSR1 is only available when using the Forward+ renderer.
   at: viewport_set_scaling_3d_mode (servers/rendering/renderer_viewport.cpp:979)
ERROR: FSR1 is only available when using the Forward+ renderer.
   at: viewport_set_scaling_3d_mode (servers/rendering/renderer_viewport.cpp:979)
ERROR: FSR1 is only available when using the Forward+ renderer.
   at: viewport_set_scaling_3d_mode (servers/rendering/renderer_viewport.cpp:979)
ERROR: FSR1 is only available when using the Forward+ renderer.
   at: viewport_set_scaling_3d_mode (servers/rendering/renderer_viewport.cpp:979)
ERROR: FSR1 is only available when using the Forward+ renderer.
   at: viewport_set_scaling_3d_mode (servers/rendering/renderer_viewport.cpp:979)
ERROR: FSR1 is only available when using the Forward+ renderer.
   at: viewport_set_scaling_3d_mode (servers/rendering/renderer_viewport.cpp:979)
ERROR: FSR1 is only available when using the Forward+ renderer.
   at: viewport_set_scaling_3d_mode (servers/rendering/renderer_viewport.cpp:979)
ERROR: FSR1 is only available when using the Forward+ renderer.
   at: viewport_set_scaling_3d_mode (servers/rendering/renderer_viewport.cpp:979)
ERROR: FSR1 is only available when using the Forward+ renderer.
   at: viewport_set_scaling_3d_mode (servers/rendering/renderer_viewport.cpp:979)
ERROR: FSR1 is only available when using the Forward+ renderer.
   at: viewport_set_scaling_3d_mode (servers/rendering/renderer_viewport.cpp:979)
ERROR: FSR1 is only available when using the Forward+ renderer.
   at: viewport_set_scaling_3d_mode (servers/rendering/renderer_viewport.cpp:979)
ERROR: FSR1 is only available when using the Forward+ renderer.
   at: viewport_set_scaling_3d_mode (servers/rendering/renderer_viewport.cpp:979)
ERROR: FSR1 is only available when using the Forward+ renderer.
   at: viewport_set_scaling_3d_mode (servers/rendering/renderer_viewport.cpp:979)
ERROR: FSR1 is only available when using the Forward+ renderer.
   at: viewport_set_scaling_3d_mode (servers/rendering/renderer_viewport.cpp:979)
ERROR: FSR1 is only available when using the Forward+ renderer.
   at: viewport_set_scaling_3d_mode (servers/rendering/renderer_viewport.cpp:979)
ERROR: FSR1 is only available when using the Forward+ renderer.
   at: viewport_set_scaling_3d_mode (servers/rendering/renderer_viewport.cpp:979)
ERROR: FSR1 is only available when using the Forward+ renderer.
   at: viewport_set_scaling_3d_mode (servers/rendering/renderer_viewport.cpp:979)
ERROR: FSR1 is only available when using the Forward+ renderer.
   at: viewport_set_scaling_3d_mode (servers/rendering/renderer_viewport.cpp:979)
ERROR: FSR1 is only available when using the Forward+ renderer.
   at: viewport_set_scaling_3d_mode (servers/rendering/renderer_viewport.cpp:979)
ERROR: FSR1 is only available when using the Forward+ renderer.
   at: viewport_set_scaling_3d_mode (servers/rendering/renderer_viewport.cpp:979)
ERROR: FSR1 is only available when using the Forward+ renderer.
   at: viewport_set_scaling_3d_mode (servers/rendering/renderer_viewport.cpp:979)
ERROR: FSR1 is only available when using the Forward+ renderer.
   at: viewport_set_scaling_3d_mode (servers/rendering/renderer_viewport.cpp:979)
ERROR: FSR1 is only available when using the Forward+ renderer.
   at: viewport_set_scaling_3d_mode (servers/rendering/renderer_viewport.cpp:979)
ERROR: FSR1 is only available when using the Forward+ renderer.
   at: viewport_set_scaling_3d_mode (servers/rendering/renderer_viewport.cpp:979)
ERROR: FSR1 is only available when using the Forward+ renderer.
   at: viewport_set_scaling_3d_mode (servers/rendering/renderer_viewport.cpp:979)
ERROR: FSR1 is only available when using the Forward+ renderer.
   at: viewport_set_scaling_3d_mode (servers/rendering/renderer_viewport.cpp:979)
ERROR: FSR1 is only available when using the Forward+ renderer.
   at: viewport_set_scaling_3d_mode (servers/rendering/renderer_viewport.cpp:979)
ERROR: FSR1 is only available when using the Forward+ renderer.
   at: viewport_set_scaling_3d_mode (servers/rendering/renderer_viewport.cpp:979)
ERROR: FSR1 is only available when using the Forward+ renderer.
   at: viewport_set_scaling_3d_mode (servers/rendering/renderer_viewport.cpp:979)
ERROR: FSR1 is only available when using the Forward+ renderer.
   at: viewport_set_scaling_3d_mode (servers/rendering/renderer_viewport.cpp:979)
ERROR: FSR1 is only available when using the Forward+ renderer.
   at: viewport_set_scaling_3d_mode (servers/rendering/renderer_viewport.cpp:979)
ERROR: FSR1 is only available when using the Forward+ renderer.
   at: viewport_set_scaling_3d_mode (servers/rendering/renderer_viewport.cpp:979)
ERROR: FSR1 is only available when using the Forward+ renderer.
   at: viewport_set_scaling_3d_mode (servers/rendering/renderer_viewport.cpp:979)
ERROR: FSR1 is only available when using the Forward+ renderer.
   at: viewport_set_scaling_3d_mode (servers/rendering/renderer_viewport.cpp:979)
ERROR: FSR1 is only available when using the Forward+ renderer.
   at: viewport_set_scaling_3d_mode (servers/rendering/renderer_viewport.cpp:979)
ERROR: FSR1 is only available when using the Forward+ renderer.
   at: viewport_set_scaling_3d_mode (servers/rendering/renderer_viewport.cpp:979)
ERROR: FSR1 is only available when using the Forward+ renderer.
   at: viewport_set_scaling_3d_mode (servers/rendering/renderer_viewport.cpp:979)
ERROR: FSR1 is only available when using the Forward+ renderer.
   at: viewport_set_scaling_3d_mode (servers/rendering/renderer_viewport.cpp:979)
ERROR: FSR1 is only available when using the Forward+ renderer.
   at: viewport_set_scaling_3d_mode (servers/rendering/renderer_viewport.cpp:979)
ERROR: FSR1 is only available when using the Forward+ renderer.
   at: viewport_set_scaling_3d_mode (servers/rendering/renderer_viewport.cpp:979)
ERROR: FSR1 is only available when using the Forward+ renderer.
   at: viewport_set_scaling_3d_mode (servers/rendering/renderer_viewport.cpp:979)
ERROR: FSR1 is only available when using the Forward+ renderer.
   at: viewport_set_scaling_3d_mode (servers/rendering/renderer_viewport.cpp:979)
ERROR: FSR1 is only available when using the Forward+ renderer.
   at: viewport_set_scaling_3d_mode (servers/rendering/renderer_viewport.cpp:979)
ERROR: FSR1 is only available when using the Forward+ renderer.
   at: viewport_set_scaling_3d_mode (servers/rendering/renderer_viewport.cpp:979)
ERROR: FSR1 is only available when using the Forward+ renderer.
   at: viewport_set_scaling_3d_mode (servers/rendering/renderer_viewport.cpp:979)
ERROR: FSR1 is only available when using the Forward+ renderer.
   at: viewport_set_scaling_3d_mode (servers/rendering/renderer_viewport.cpp:979)
ERROR: FSR1 is only available when using the Forward+ renderer.
   at: viewport_set_scaling_3d_mode (servers/rendering/renderer_viewport.cpp:979)
ERROR: FSR1 is only available when using the Forward+ renderer.
   at: viewport_set_scaling_3d_mode (servers/rendering/renderer_viewport.cpp:979)
ERROR: FSR1 is only available when using the Forward+ renderer.
   at: viewport_set_scaling_3d_mode (servers/rendering/renderer_viewport.cpp:979)
ERROR: FSR1 is only available when using the Forward+ renderer.
   at: viewport_set_scaling_3d_mode (servers/rendering/renderer_viewport.cpp:979)
ERROR: FSR1 is only available when using the Forward+ renderer.
   at: viewport_set_scaling_3d_mode (servers/rendering/renderer_viewport.cpp:979)
ERROR: FSR1 is only available when using the Forward+ renderer.
   at: viewport_set_scaling_3d_mode (servers/rendering/renderer_viewport.cpp:979)
ERROR: FSR1 is only available when using the Forward+ renderer.
   at: viewport_set_scaling_3d_mode (servers/rendering/renderer_viewport.cpp:979)
ERROR: FSR1 is only available when using the Forward+ renderer.
   at: viewport_set_scaling_3d_mode (servers/rendering/renderer_viewport.cpp:979)
ERROR: FSR1 is only available when using the Forward+ renderer.
   at: viewport_set_scaling_3d_mode (servers/rendering/renderer_viewport.cpp:979)
ERROR: FSR1 is only available when using the Forward+ renderer.
   at: viewport_set_scaling_3d_mode (servers/rendering/renderer_viewport.cpp:979)
ERROR: FSR1 is only available when using the Forward+ renderer.
   at: viewport_set_scaling_3d_mode (servers/rendering/renderer_viewport.cpp:979)
ERROR: FSR1 is only available when using the Forward+ renderer.
   at: viewport_set_scaling_3d_mode (servers/rendering/renderer_viewport.cpp:979)
ERROR: FSR1 is only available when using the Forward+ renderer.
   at: viewport_set_scaling_3d_mode (servers/rendering/renderer_viewport.cpp:979)
ERROR: FSR1 is only available when using the Forward+ renderer.
   at: viewport_set_scaling_3d_mode (servers/rendering/renderer_viewport.cpp:979)
ERROR: FSR1 is only available when using the Forward+ renderer.
   at: viewport_set_scaling_3d_mode (servers/rendering/renderer_viewport.cpp:979)
ERROR: FSR1 is only available when using the Forward+ renderer.
   at: viewport_set_scaling_3d_mode (servers/rendering/renderer_viewport.cpp:979)
ERROR: FSR1 is only available when using the Forward+ renderer.
   at: viewport_set_scaling_3d_mode (servers/rendering/renderer_viewport.cpp:979)
ERROR: FSR1 is only available when using the Forward+ renderer.
   at: viewport_set_scaling_3d_mode (servers/rendering/renderer_viewport.cpp:979)
ERROR: FSR1 is only available when using the Forward+ renderer.
   at: viewport_set_scaling_3d_mode (servers/rendering/renderer_viewport.cpp:979)
ERROR: FSR1 is only available when using the Forward+ renderer.
   at: viewport_set_scaling_3d_mode (servers/rendering/renderer_viewport.cpp:979)
ERROR: FSR1 is only available when using the Forward+ renderer.
   at: viewport_set_scaling_3d_mode (servers/rendering/renderer_viewport.cpp:979)
ERROR: FSR1 is only available when using the Forward+ renderer.
   at: viewport_set_scaling_3d_mode (servers/rendering/renderer_viewport.cpp:979)
ERROR: FSR1 is only available when using the Forward+ renderer.
   at: viewport_set_scaling_3d_mode (servers/rendering/renderer_viewport.cpp:979)
ERROR: FSR1 is only available when using the Forward+ renderer.
   at: viewport_set_scaling_3d_mode (servers/rendering/renderer_viewport.cpp:979)
ERROR: FSR1 is only available when using the Forward+ renderer.
   at: viewport_set_scaling_3d_mode (servers/rendering/renderer_viewport.cpp:979)
ERROR: FSR1 is only available when using the Forward+ renderer.
   at: viewport_set_scaling_3d_mode (servers/rendering/renderer_viewport.cpp:979)
ERROR: FSR1 is only available when using the Forward+ renderer.
   at: viewport_set_scaling_3d_mode (servers/rendering/renderer_viewport.cpp:979)
ERROR: FSR1 is only available when using the Forward+ renderer.
   at: viewport_set_scaling_3d_mode (servers/rendering/renderer_viewport.cpp:979)
ERROR: FSR1 is only available when using the Forward+ renderer.
   at: viewport_set_scaling_3d_mode (servers/rendering/renderer_viewport.cpp:979)
ERROR: FSR1 is only available when using the Forward+ renderer.
   at: viewport_set_scaling_3d_mode (servers/rendering/renderer_viewport.cpp:979)
ERROR: FSR1 is only available when using the Forward+ renderer.
   at: viewport_set_scaling_3d_mode (servers/rendering/renderer_viewport.cpp:979)
ERROR: FSR1 is only available when using the Forward+ renderer.
   at: viewport_set_scaling_3d_mode (servers/rendering/renderer_viewport.cpp:979)
ERROR: FSR1 is only available when using the Forward+ renderer.
   at: viewport_set_scaling_3d_mode (servers/rendering/renderer_viewport.cpp:979)
ERROR: FSR1 is only available when using the Forward+ renderer.
   at: viewport_set_scaling_3d_mode (servers/rendering/renderer_viewport.cpp:979)
ERROR: FSR1 is only available when using the Forward+ renderer.
   at: viewport_set_scaling_3d_mode (servers/rendering/renderer_viewport.cpp:979)
ERROR: FSR1 is only available when using the Forward+ renderer.
   at: viewport_set_scaling_3d_mode (servers/rendering/renderer_viewport.cpp:979)
ERROR: FSR1 is only available when using the Forward+ renderer.
   at: viewport_set_scaling_3d_mode (servers/rendering/renderer_viewport.cpp:979)
ERROR: FSR1 is only available when using the Forward+ renderer.
   at: viewport_set_scaling_3d_mode (servers/rendering/renderer_viewport.cpp:979)
ERROR: FSR1 is only available when using the Forward+ renderer.
   at: viewport_set_scaling_3d_mode (servers/rendering/renderer_viewport.cpp:979)
ERROR: FSR1 is only available when using the Forward+ renderer.
   at: viewport_set_scaling_3d_mode (servers/rendering/renderer_viewport.cpp:979)
ERROR: FSR1 is only available when using the Forward+ renderer.
   at: viewport_set_scaling_3d_mode (servers/rendering/renderer_viewport.cpp:979)
ERROR: FSR1 is only available when using the Forward+ renderer.
   at: viewport_set_scaling_3d_mode (servers/rendering/renderer_viewport.cpp:979)
ERROR: FSR1 is only available when using the Forward+ renderer.
   at: viewport_set_scaling_3d_mode (servers/rendering/renderer_viewport.cpp:979)
ERROR: FSR1 is only available when using the Forward+ renderer.
   at: viewport_set_scaling_3d_mode (servers/rendering/renderer_viewport.cpp:979)
ERROR: FSR1 is only available when using the Forward+ renderer.
   at: viewport_set_scaling_3d_mode (servers/rendering/renderer_viewport.cpp:979)
ERROR: FSR1 is only available when using the Forward+ renderer.
   at: viewport_set_scaling_3d_mode (servers/rendering/renderer_viewport.cpp:979)
ERROR: FSR1 is only available when using the Forward+ renderer.
   at: viewport_set_scaling_3d_mode (servers/rendering/renderer_viewport.cpp:979)
ERROR: FSR1 is only available when using the Forward+ renderer.
   at: viewport_set_scaling_3d_mode (servers/rendering/renderer_viewport.cpp:979)
ERROR: FSR1 is only available when using the Forward+ renderer.
   at: viewport_set_scaling_3d_mode (servers/rendering/renderer_viewport.cpp:979)
ERROR: FSR1 is only available when using the Forward+ renderer.
   at: viewport_set_scaling_3d_mode (servers/rendering/renderer_viewport.cpp:979)
ERROR: FSR1 is only available when using the Forward+ renderer.
   at: viewport_set_scaling_3d_mode (servers/rendering/renderer_viewport.cpp:979)
ERROR: FSR1 is only available when using the Forward+ renderer.
   at: viewport_set_scaling_3d_mode (servers/rendering/renderer_viewport.cpp:979)
ERROR: FSR1 is only available when using the Forward+ renderer.
   at: viewport_set_scaling_3d_mode (servers/rendering/renderer_viewport.cpp:979)
ERROR: FSR1 is only available when using the Forward+ renderer.
   at: viewport_set_scaling_3d_mode (servers/rendering/renderer_viewport.cpp:979)
ERROR: FSR1 is only available when using the Forward+ renderer.
   at: viewport_set_scaling_3d_mode (servers/rendering/renderer_viewport.cpp:979)
ERROR: FSR1 is only available when using the Forward+ renderer.
   at: viewport_set_scaling_3d_mode (servers/rendering/renderer_viewport.cpp:979)
ERROR: FSR1 is only available when using the Forward+ renderer.
   at: viewport_set_scaling_3d_mode (servers/rendering/renderer_viewport.cpp:979)
ERROR: FSR1 is only available when using the Forward+ renderer.
   at: viewport_set_scaling_3d_mode (servers/rendering/renderer_viewport.cpp:979)
ERROR: FSR1 is only available when using the Forward+ renderer.
   at: viewport_set_scaling_3d_mode (servers/rendering/renderer_viewport.cpp:979)
ERROR: FSR1 is only available when using the Forward+ renderer.
   at: viewport_set_scaling_3d_mode (servers/rendering/renderer_viewport.cpp:979)
ERROR: FSR1 is only available when using the Forward+ renderer.
   at: viewport_set_scaling_3d_mode (servers/rendering/renderer_viewport.cpp:979)
ERROR: FSR1 is only available when using the Forward+ renderer.
   at: viewport_set_scaling_3d_mode (servers/rendering/renderer_viewport.cpp:979)
ERROR: FSR1 is only available when using the Forward+ renderer.
   at: viewport_set_scaling_3d_mode (servers/rendering/renderer_viewport.cpp:979)
ERROR: FSR1 is only available when using the Forward+ renderer.
   at: viewport_set_scaling_3d_mode (servers/rendering/renderer_viewport.cpp:979)
ERROR: FSR1 is only available when using the Forward+ renderer.
   at: viewport_set_scaling_3d_mode (servers/rendering/renderer_viewport.cpp:979)
ERROR: FSR1 is only available when using the Forward+ renderer.
   at: viewport_set_scaling_3d_mode (servers/rendering/renderer_viewport.cpp:979)
ERROR: FSR1 is only available when using the Forward+ renderer.
   at: viewport_set_scaling_3d_mode (servers/rendering/renderer_viewport.cpp:979)
ERROR: FSR1 is only available when using the Forward+ renderer.
   at: viewport_set_scaling_3d_mode (servers/rendering/renderer_viewport.cpp:979)
ERROR: FSR1 is only available when using the Forward+ renderer.
   at: viewport_set_scaling_3d_mode (servers/rendering/renderer_viewport.cpp:979)
ERROR: FSR1 is only available when using the Forward+ renderer.
   at: viewport_set_scaling_3d_mode (servers/rendering/renderer_viewport.cpp:979)
ERROR: FSR1 is only available when using the Forward+ renderer.
   at: viewport_set_scaling_3d_mode (servers/rendering/renderer_viewport.cpp:979)
ERROR: FSR1 is only available when using the Forward+ renderer.
   at: viewport_set_scaling_3d_mode (servers/rendering/renderer_viewport.cpp:979)
ERROR: FSR1 is only available when using the Forward+ renderer.
   at: viewport_set_scaling_3d_mode (servers/rendering/renderer_viewport.cpp:979)
ERROR: FSR1 is only available when using the Forward+ renderer.
   at: viewport_set_scaling_3d_mode (servers/rendering/renderer_viewport.cpp:979)
ERROR: FSR1 is only available when using the Forward+ renderer.
   at: viewport_set_scaling_3d_mode (servers/rendering/renderer_viewport.cpp:979)
ERROR: FSR1 is only available when using the Forward+ renderer.
   at: viewport_set_scaling_3d_mode (servers/rendering/renderer_viewport.cpp:979)
ERROR: FSR1 is only available when using the Forward+ renderer.
   at: viewport_set_scaling_3d_mode (servers/rendering/renderer_viewport.cpp:979)
ERROR: FSR1 is only available when using the Forward+ renderer.
   at: viewport_set_scaling_3d_mode (servers/rendering/renderer_viewport.cpp:979)
ERROR: FSR1 is only available when using the Forward+ renderer.
   at: viewport_set_scaling_3d_mode (servers/rendering/renderer_viewport.cpp:979)
ERROR: FSR1 is only available when using the Forward+ renderer.
   at: viewport_set_scaling_3d_mode (servers/rendering/renderer_viewport.cpp:979)
ERROR: FSR1 is only available when using the Forward+ renderer.
   at: viewport_set_scaling_3d_mode (servers/rendering/renderer_viewport.cpp:979)
ERROR: FSR1 is only available when using the Forward+ renderer.
   at: viewport_set_scaling_3d_mode (servers/rendering/renderer_viewport.cpp:979)
ERROR: FSR1 is only available when using the Forward+ renderer.
   at: viewport_set_scaling_3d_mode (servers/rendering/renderer_viewport.cpp:979)
ERROR: FSR1 is only available when using the Forward+ renderer.
   at: viewport_set_scaling_3d_mode (servers/rendering/renderer_viewport.cpp:979)
ERROR: FSR1 is only available when using the Forward+ renderer.
   at: viewport_set_scaling_3d_mode (servers/rendering/renderer_viewport.cpp:979)
ERROR: FSR1 is only available when using the Forward+ renderer.
   at: viewport_set_scaling_3d_mode (servers/rendering/renderer_viewport.cpp:979)
ERROR: FSR1 is only available when using the Forward+ renderer.
   at: viewport_set_scaling_3d_mode (servers/rendering/renderer_viewport.cpp:979)
ERROR: FSR1 is only available when using the Forward+ renderer.
   at: viewport_set_scaling_3d_mode (servers/rendering/renderer_viewport.cpp:979)
ERROR: FSR1 is only available when using the Forward+ renderer.
   at: viewport_set_scaling_3d_mode (servers/rendering/renderer_viewport.cpp:979)
ERROR: FSR1 is only available when using the Forward+ renderer.
   at: viewport_set_scaling_3d_mode (servers/rendering/renderer_viewport.cpp:979)
ERROR: FSR1 is only available when using the Forward+ renderer.
   at: viewport_set_scaling_3d_mode (servers/rendering/renderer_viewport.cpp:979)
ERROR: FSR1 is only available when using the Forward+ renderer.
   at: viewport_set_scaling_3d_mode (servers/rendering/renderer_viewport.cpp:979)
ERROR: FSR1 is only available when using the Forward+ renderer.
   at: viewport_set_scaling_3d_mode (servers/rendering/renderer_viewport.cpp:979)
ERROR: FSR1 is only available when using the Forward+ renderer.
   at: viewport_set_scaling_3d_mode (servers/rendering/renderer_viewport.cpp:979)
ERROR: FSR1 is only available when using the Forward+ renderer.
   at: viewport_set_scaling_3d_mode (servers/rendering/renderer_viewport.cpp:979)
ERROR: FSR1 is only available when using the Forward+ renderer.
   at: viewport_set_scaling_3d_mode (servers/rendering/renderer_viewport.cpp:979)
ERROR: FSR1 is only available when using the Forward+ renderer.
   at: viewport_set_scaling_3d_mode (servers/rendering/renderer_viewport.cpp:979)
ERROR: FSR1 is only available when using the Forward+ renderer.
   at: viewport_set_scaling_3d_mode (servers/rendering/renderer_viewport.cpp:979)
ERROR: FSR1 is only available when using the Forward+ renderer.
   at: viewport_set_scaling_3d_mode (servers/rendering/renderer_viewport.cpp:979)
ERROR: FSR1 is only available when using the Forward+ renderer.
   at: viewport_set_scaling_3d_mode (servers/rendering/renderer_viewport.cpp:979)
ERROR: FSR1 is only available when using the Forward+ renderer.
   at: viewport_set_scaling_3d_mode (servers/rendering/renderer_viewport.cpp:979)
ERROR: FSR1 is only available when using the Forward+ renderer.
   at: viewport_set_scaling_3d_mode (servers/rendering/renderer_viewport.cpp:979)
ERROR: FSR1 is only available when using the Forward+ renderer.
   at: viewport_set_scaling_3d_mode (servers/rendering/renderer_viewport.cpp:979)
ERROR: FSR1 is only available when using the Forward+ renderer.
   at: viewport_set_scaling_3d_mode (servers/rendering/renderer_viewport.cpp:979)
ERROR: FSR1 is only available when using the Forward+ renderer.
   at: viewport_set_scaling_3d_mode (servers/rendering/renderer_viewport.cpp:979)
ERROR: FSR1 is only available when using the Forward+ renderer.
   at: viewport_set_scaling_3d_mode (servers/rendering/renderer_viewport.cpp:979)
ERROR: FSR1 is only available when using the Forward+ renderer.
   at: viewport_set_scaling_3d_mode (servers/rendering/renderer_viewport.cpp:979)
ERROR: FSR1 is only available when using the Forward+ renderer.
   at: viewport_set_scaling_3d_mode (servers/rendering/renderer_viewport.cpp:979)
ERROR: FSR1 is only available when using the Forward+ renderer.
   at: viewport_set_scaling_3d_mode (servers/rendering/renderer_viewport.cpp:979)
ERROR: FSR1 is only available when using the Forward+ renderer.
   at: viewport_set_scaling_3d_mode (servers/rendering/renderer_viewport.cpp:979)
ERROR: FSR1 is only available when using the Forward+ renderer.
   at: viewport_set_scaling_3d_mode (servers/rendering/renderer_viewport.cpp:979)
ERROR: FSR1 is only available when using the Forward+ renderer.
   at: viewport_set_scaling_3d_mode (servers/rendering/renderer_viewport.cpp:979)
ERROR: FSR1 is only available when using the Forward+ renderer.
   at: viewport_set_scaling_3d_mode (servers/rendering/renderer_viewport.cpp:979)
ERROR: FSR1 is only available when using the Forward+ renderer.
   at: viewport_set_scaling_3d_mode (servers/rendering/renderer_viewport.cpp:979)
ERROR: FSR1 is only available when using the Forward+ renderer.
   at: viewport_set_scaling_3d_mode (servers/rendering/renderer_viewport.cpp:979)
ERROR: FSR1 is only available when using the Forward+ renderer.
   at: viewport_set_scaling_3d_mode (servers/rendering/renderer_viewport.cpp:979)
ERROR: FSR1 is only available when using the Forward+ renderer.
   at: viewport_set_scaling_3d_mode (servers/rendering/renderer_viewport.cpp:979)
ERROR: FSR1 is only available when using the Forward+ renderer.
   at: viewport_set_scaling_3d_mode (servers/rendering/renderer_viewport.cpp:979)
ERROR: FSR1 is only available when using the Forward+ renderer.
   at: viewport_set_scaling_3d_mode (servers/rendering/renderer_viewport.cpp:979)
ERROR: FSR1 is only available when using the Forward+ renderer.
   at: viewport_set_scaling_3d_mode (servers/rendering/renderer_viewport.cpp:979)
ERROR: FSR1 is only available when using the Forward+ renderer.
   at: viewport_set_scaling_3d_mode (servers/rendering/renderer_viewport.cpp:979)
ERROR: FSR1 is only available when using the Forward+ renderer.
   at: viewport_set_scaling_3d_mode (servers/rendering/renderer_viewport.cpp:979)
ERROR: FSR1 is only available when using the Forward+ renderer.
   at: viewport_set_scaling_3d_mode (servers/rendering/renderer_viewport.cpp:979)
ERROR: FSR1 is only available when using the Forward+ renderer.
   at: viewport_set_scaling_3d_mode (servers/rendering/renderer_viewport.cpp:979)
ERROR: FSR1 is only available when using the Forward+ renderer.
   at: viewport_set_scaling_3d_mode (servers/rendering/renderer_viewport.cpp:979)
ERROR: FSR1 is only available when using the Forward+ renderer.
   at: viewport_set_scaling_3d_mode (servers/rendering/renderer_viewport.cpp:979)
ERROR: FSR1 is only available when using the Forward+ renderer.
   at: viewport_set_scaling_3d_mode (servers/rendering/renderer_viewport.cpp:979)
ERROR: FSR1 is only available when using the Forward+ renderer.
   at: viewport_set_scaling_3d_mode (servers/rendering/renderer_viewport.cpp:979)
ERROR: FSR1 is only available when using the Forward+ renderer.
   at: viewport_set_scaling_3d_mode (servers/rendering/renderer_viewport.cpp:979)
ERROR: FSR1 is only available when using the Forward+ renderer.
   at: viewport_set_scaling_3d_mode (servers/rendering/renderer_viewport.cpp:979)
ERROR: FSR1 is only available when using the Forward+ renderer.
   at: viewport_set_scaling_3d_mode (servers/rendering/renderer_viewport.cpp:979)
ERROR: FSR1 is only available when using the Forward+ renderer.
   at: viewport_set_scaling_3d_mode (servers/rendering/renderer_viewport.cpp:979)
ERROR: FSR1 is only available when using the Forward+ renderer.
   at: viewport_set_scaling_3d_mode (servers/rendering/renderer_viewport.cpp:979)
ERROR: FSR1 is only available when using the Forward+ renderer.
   at: viewport_set_scaling_3d_mode (servers/rendering/renderer_viewport.cpp:979)
ERROR: FSR1 is only available when using the Forward+ renderer.
   at: viewport_set_scaling_3d_mode (servers/rendering/renderer_viewport.cpp:979)
ERROR: FSR1 is only available when using the Forward+ renderer.
   at: viewport_set_scaling_3d_mode (servers/rendering/renderer_viewport.cpp:979)
ERROR: FSR1 is only available when using the Forward+ renderer.
   at: viewport_set_scaling_3d_mode (servers/rendering/renderer_viewport.cpp:979)
ERROR: FSR1 is only available when using the Forward+ renderer.
   at: viewport_set_scaling_3d_mode (servers/rendering/renderer_viewport.cpp:979)
ERROR: FSR1 is only available when using the Forward+ renderer.
   at: viewport_set_scaling_3d_mode (servers/rendering/renderer_viewport.cpp:979)
ERROR: FSR1 is only available when using the Forward+ renderer.
   at: viewport_set_scaling_3d_mode (servers/rendering/renderer_viewport.cpp:979)
ERROR: FSR1 is only available when using the Forward+ renderer.
   at: viewport_set_scaling_3d_mode (servers/rendering/renderer_viewport.cpp:979)
ERROR: FSR1 is only available when using the Forward+ renderer.
   at: viewport_set_scaling_3d_mode (servers/rendering/renderer_viewport.cpp:979)
ERROR: FSR1 is only available when using the Forward+ renderer.
   at: viewport_set_scaling_3d_mode (servers/rendering/renderer_viewport.cpp:979)
ERROR: FSR1 is only available when using the Forward+ renderer.
   at: viewport_set_scaling_3d_mode (servers/rendering/renderer_viewport.cpp:979)
ERROR: FSR1 is only available when using the Forward+ renderer.
   at: viewport_set_scaling_3d_mode (servers/rendering/renderer_viewport.cpp:979)
ERROR: FSR1 is only available when using the Forward+ renderer.
   at: viewport_set_scaling_3d_mode (servers/rendering/renderer_viewport.cpp:979)
ERROR: FSR1 is only available when using the Forward+ renderer.
   at: viewport_set_scaling_3d_mode (servers/rendering/renderer_viewport.cpp:979)
ERROR: FSR1 is only available when using the Forward+ renderer.
   at: viewport_set_scaling_3d_mode (servers/rendering/renderer_viewport.cpp:979)
ERROR: FSR1 is only available when using the Forward+ renderer.
   at: viewport_set_scaling_3d_mode (servers/rendering/renderer_viewport.cpp:979)
ERROR: FSR1 is only available when using the Forward+ renderer.
   at: viewport_set_scaling_3d_mode (servers/rendering/renderer_viewport.cpp:979)
ERROR: FSR1 is only available when using the Forward+ renderer.
   at: viewport_set_scaling_3d_mode (servers/rendering/renderer_viewport.cpp:979)
ERROR: FSR1 is only available when using the Forward+ renderer.
   at: viewport_set_scaling_3d_mode (servers/rendering/renderer_viewport.cpp:979)
ERROR: FSR1 is only available when using the Forward+ renderer.
   at: viewport_set_scaling_3d_mode (servers/rendering/renderer_viewport.cpp:979)
ERROR: FSR1 is only available when using the Forward+ renderer.
   at: viewport_set_scaling_3d_mode (servers/rendering/renderer_viewport.cpp:979)
ERROR: FSR1 is only available when using the Forward+ renderer.
   at: viewport_set_scaling_3d_mode (servers/rendering/renderer_viewport.cpp:979)
ERROR: FSR1 is only available when using the Forward+ renderer.
   at: viewport_set_scaling_3d_mode (servers/rendering/renderer_viewport.cpp:979)
ERROR: FSR1 is only available when using the Forward+ renderer.
   at: viewport_set_scaling_3d_mode (servers/rendering/renderer_viewport.cpp:979)
ERROR: FSR1 is only available when using the Forward+ renderer.
   at: viewport_set_scaling_3d_mode (servers/rendering/renderer_viewport.cpp:979)
ERROR: FSR1 is only available when using the Forward+ renderer.
   at: viewport_set_scaling_3d_mode (servers/rendering/renderer_viewport.cpp:979)
ERROR: FSR1 is only available when using the Forward+ renderer.
   at: viewport_set_scaling_3d_mode (servers/rendering/renderer_viewport.cpp:979)
ERROR: FSR1 is only available when using the Forward+ renderer.
   at: viewport_set_scaling_3d_mode (servers/rendering/renderer_viewport.cpp:979)
ERROR: FSR1 is only available when using the Forward+ renderer.
   at: viewport_set_scaling_3d_mode (servers/rendering/renderer_viewport.cpp:979)
ERROR: FSR1 is only available when using the Forward+ renderer.
   at: viewport_set_scaling_3d_mode (servers/rendering/renderer_viewport.cpp:979)
ERROR: FSR1 is only available when using the Forward+ renderer.
   at: viewport_set_scaling_3d_mode (servers/rendering/renderer_viewport.cpp:979)
ERROR: FSR1 is only available when using the Forward+ renderer.
   at: viewport_set_scaling_3d_mode (servers/rendering/renderer_viewport.cpp:979)
ERROR: FSR1 is only available when using the Forward+ renderer.
   at: viewport_set_scaling_3d_mode (servers/rendering/renderer_viewport.cpp:979)
ERROR: FSR1 is only available when using the Forward+ renderer.
   at: viewport_set_scaling_3d_mode (servers/rendering/renderer_viewport.cpp:979)
ERROR: FSR1 is only available when using the Forward+ renderer.
   at: viewport_set_scaling_3d_mode (servers/rendering/renderer_viewport.cpp:979)
ERROR: FSR1 is only available when using the Forward+ renderer.
   at: viewport_set_scaling_3d_mode (servers/rendering/renderer_viewport.cpp:979)
ERROR: FSR1 is only available when using the Forward+ renderer.
   at: viewport_set_scaling_3d_mode (servers/rendering/renderer_viewport.cpp:979)
ERROR: FSR1 is only available when using the Forward+ renderer.
   at: viewport_set_scaling_3d_mode (servers/rendering/renderer_viewport.cpp:979)
ERROR: FSR1 is only available when using the Forward+ renderer.
   at: viewport_set_scaling_3d_mode (servers/rendering/renderer_viewport.cpp:979)
ERROR: FSR1 is only available when using the Forward+ renderer.
   at: viewport_set_scaling_3d_mode (servers/rendering/renderer_viewport.cpp:979)
ERROR: FSR1 is only available when using the Forward+ renderer.
   at: viewport_set_scaling_3d_mode (servers/rendering/renderer_viewport.cpp:979)
ERROR: FSR1 is only available when using the Forward+ renderer.
   at: viewport_set_scaling_3d_mode (servers/rendering/renderer_viewport.cpp:979)
ERROR: FSR1 is only available when using the Forward+ renderer.
   at: viewport_set_scaling_3d_mode (servers/rendering/renderer_viewport.cpp:979)
ERROR: FSR1 is only available when using the Forward+ renderer.
   at: viewport_set_scaling_3d_mode (servers/rendering/renderer_viewport.cpp:979)
ERROR: FSR1 is only available when using the Forward+ renderer.
   at: viewport_set_scaling_3d_mode (servers/rendering/renderer_viewport.cpp:979)
ERROR: FSR1 is only available when using the Forward+ renderer.
   at: viewport_set_scaling_3d_mode (servers/rendering/renderer_viewport.cpp:979)
ERROR: FSR1 is only available when using the Forward+ renderer.
   at: viewport_set_scaling_3d_mode (servers/rendering/renderer_viewport.cpp:979)
ERROR: FSR1 is only available when using the Forward+ renderer.
   at: viewport_set_scaling_3d_mode (servers/rendering/renderer_viewport.cpp:979)
ERROR: FSR1 is only available when using the Forward+ renderer.
   at: viewport_set_scaling_3d_mode (servers/rendering/renderer_viewport.cpp:979)
ERROR: FSR1 is only available when using the Forward+ renderer.
   at: viewport_set_scaling_3d_mode (servers/rendering/renderer_viewport.cpp:979)
ERROR: FSR1 is only available when using the Forward+ renderer.
   at: viewport_set_scaling_3d_mode (servers/rendering/renderer_viewport.cpp:979)
ERROR: FSR1 is only available when using the Forward+ renderer.
   at: viewport_set_scaling_3d_mode (servers/rendering/renderer_viewport.cpp:979)
ERROR: FSR1 is only available when using the Forward+ renderer.
   at: viewport_set_scaling_3d_mode (servers/rendering/renderer_viewport.cpp:979)
ERROR: FSR1 is only available when using the Forward+ renderer.
   at: viewport_set_scaling_3d_mode (servers/rendering/renderer_viewport.cpp:979)
ERROR: FSR1 is only available when using the Forward+ renderer.
   at: viewport_set_scaling_3d_mode (servers/rendering/renderer_viewport.cpp:979)
ERROR: FSR1 is only available when using the Forward+ renderer.
   at: viewport_set_scaling_3d_mode (servers/rendering/renderer_viewport.cpp:979)
ERROR: FSR1 is only available when using the Forward+ renderer.
   at: viewport_set_scaling_3d_mode (servers/rendering/renderer_viewport.cpp:979)
ERROR: FSR1 is only available when using the Forward+ renderer.
   at: viewport_set_scaling_3d_mode (servers/rendering/renderer_viewport.cpp:979)
ERROR: FSR1 is only available when using the Forward+ renderer.
   at: viewport_set_scaling_3d_mode (servers/rendering/renderer_viewport.cpp:979)
ERROR: FSR1 is only available when using the Forward+ renderer.
   at: viewport_set_scaling_3d_mode (servers/rendering/renderer_viewport.cpp:979)
ERROR: FSR1 is only available when using the Forward+ renderer.
   at: viewport_set_scaling_3d_mode (servers/rendering/renderer_viewport.cpp:979)
ERROR: FSR1 is only available when using the Forward+ renderer.
   at: viewport_set_scaling_3d_mode (servers/rendering/renderer_viewport.cpp:979)
ERROR: FSR1 is only available when using the Forward+ renderer.
   at: viewport_set_scaling_3d_mode (servers/rendering/renderer_viewport.cpp:979)
ERROR: FSR1 is only available when using the Forward+ renderer.
   at: viewport_set_scaling_3d_mode (servers/rendering/renderer_viewport.cpp:979)
ERROR: FSR1 is only available when using the Forward+ renderer.
   at: viewport_set_scaling_3d_mode (servers/rendering/renderer_viewport.cpp:979)
ERROR: FSR1 is only available when using the Forward+ renderer.
   at: viewport_set_scaling_3d_mode (servers/rendering/renderer_viewport.cpp:979)
ERROR: FSR1 is only available when using the Forward+ renderer.
   at: viewport_set_scaling_3d_mode (servers/rendering/renderer_viewport.cpp:979)
ERROR: FSR1 is only available when using the Forward+ renderer.
   at: viewport_set_scaling_3d_mode (servers/rendering/renderer_viewport.cpp:979)
ERROR: FSR1 is only available when using the Forward+ renderer.
   at: viewport_set_scaling_3d_mode (servers/rendering/renderer_viewport.cpp:979)
ERROR: FSR1 is only available when using the Forward+ renderer.
   at: viewport_set_scaling_3d_mode (servers/rendering/renderer_viewport.cpp:979)
ERROR: FSR1 is only available when using the Forward+ renderer.
   at: viewport_set_scaling_3d_mode (servers/rendering/renderer_viewport.cpp:979)
ERROR: FSR1 is only available when using the Forward+ renderer.
   at: viewport_set_scaling_3d_mode (servers/rendering/renderer_viewport.cpp:979)
ERROR: FSR1 is only available when using the Forward+ renderer.
   at: viewport_set_scaling_3d_mode (servers/rendering/renderer_viewport.cpp:979)
ERROR: FSR1 is only available when using the Forward+ renderer.
   at: viewport_set_scaling_3d_mode (servers/rendering/renderer_viewport.cpp:979)
ERROR: FSR1 is only available when using the Forward+ renderer.
   at: viewport_set_scaling_3d_mode (servers/rendering/renderer_viewport.cpp:979)
ERROR: FSR1 is only available when using the Forward+ renderer.
   at: viewport_set_scaling_3d_mode (servers/rendering/renderer_viewport.cpp:979)
ERROR: FSR1 is only available when using the Forward+ renderer.
   at: viewport_set_scaling_3d_mode (servers/rendering/renderer_viewport.cpp:979)
ERROR: FSR1 is only available when using the Forward+ renderer.
   at: viewport_set_scaling_3d_mode (servers/rendering/renderer_viewport.cpp:979)
ERROR: FSR1 is only available when using the Forward+ renderer.
   at: viewport_set_scaling_3d_mode (servers/rendering/renderer_viewport.cpp:979)
ERROR: FSR1 is only available when using the Forward+ renderer.
   at: viewport_set_scaling_3d_mode (servers/rendering/renderer_viewport.cpp:979)
ERROR: FSR1 is only available when using the Forward+ renderer.
   at: viewport_set_scaling_3d_mode (servers/rendering/renderer_viewport.cpp:979)
ERROR: FSR1 is only available when using the Forward+ renderer.
   at: viewport_set_scaling_3d_mode (servers/rendering/renderer_viewport.cpp:979)
ERROR: FSR1 is only available when using the Forward+ renderer.
   at: viewport_set_scaling_3d_mode (servers/rendering/renderer_viewport.cpp:979)
ERROR: FSR1 is only available when using the Forward+ renderer.
   at: viewport_set_scaling_3d_mode (servers/rendering/renderer_viewport.cpp:979)
ERROR: FSR1 is only available when using the Forward+ renderer.
   at: viewport_set_scaling_3d_mode (servers/rendering/renderer_viewport.cpp:979)
ERROR: FSR1 is only available when using the Forward+ renderer.
   at: viewport_set_scaling_3d_mode (servers/rendering/renderer_viewport.cpp:979)
ERROR: FSR1 is only available when using the Forward+ renderer.
   at: viewport_set_scaling_3d_mode (servers/rendering/renderer_viewport.cpp:979)
ERROR: FSR1 is only available when using the Forward+ renderer.
   at: viewport_set_scaling_3d_mode (servers/rendering/renderer_viewport.cpp:979)
ERROR: FSR1 is only available when using the Forward+ renderer.
   at: viewport_set_scaling_3d_mode (servers/rendering/renderer_viewport.cpp:979)
ERROR: FSR1 is only available when using the Forward+ renderer.
   at: viewport_set_scaling_3d_mode (servers/rendering/renderer_viewport.cpp:979)
ERROR: FSR1 is only available when using the Forward+ renderer.
   at: viewport_set_scaling_3d_mode (servers/rendering/renderer_viewport.cpp:979)
ERROR: FSR1 is only available when using the Forward+ renderer.
   at: viewport_set_scaling_3d_mode (servers/rendering/renderer_viewport.cpp:979)
ERROR: FSR1 is only available when using the Forward+ renderer.
   at: viewport_set_scaling_3d_mode (servers/rendering/renderer_viewport.cpp:979)
ERROR: FSR1 is only available when using the Forward+ renderer.
   at: viewport_set_scaling_3d_mode (servers/rendering/renderer_viewport.cpp:979)
ERROR: FSR1 is only available when using the Forward+ renderer.
   at: viewport_set_scaling_3d_mode (servers/rendering/renderer_viewport.cpp:979)
ERROR: FSR1 is only available when using the Forward+ renderer.
   at: viewport_set_scaling_3d_mode (servers/rendering/renderer_viewport.cpp:979)
ERROR: FSR1 is only available when using the Forward+ renderer.
   at: viewport_set_scaling_3d_mode (servers/rendering/renderer_viewport.cpp:979)
ERROR: FSR1 is only available when using the Forward+ renderer.
   at: viewport_set_scaling_3d_mode (servers/rendering/renderer_viewport.cpp:979)
ERROR: FSR1 is only available when using the Forward+ renderer.
   at: viewport_set_scaling_3d_mode (servers/rendering/renderer_viewport.cpp:979)
ERROR: FSR1 is only available when using the Forward+ renderer.
   at: viewport_set_scaling_3d_mode (servers/rendering/renderer_viewport.cpp:979)
ERROR: FSR1 is only available when using the Forward+ renderer.
   at: viewport_set_scaling_3d_mode (servers/rendering/renderer_viewport.cpp:979)
ERROR: FSR1 is only available when using the Forward+ renderer.
   at: viewport_set_scaling_3d_mode (servers/rendering/renderer_viewport.cpp:979)
ERROR: FSR1 is only available when using the Forward+ renderer.
   at: viewport_set_scaling_3d_mode (servers/rendering/renderer_viewport.cpp:979)
ERROR: FSR1 is only available when using the Forward+ renderer.
   at: viewport_set_scaling_3d_mode (servers/rendering/renderer_viewport.cpp:979)
ERROR: FSR1 is only available when using the Forward+ renderer.
   at: viewport_set_scaling_3d_mode (servers/rendering/renderer_viewport.cpp:979)
ERROR: FSR1 is only available when using the Forward+ renderer.
   at: viewport_set_scaling_3d_mode (servers/rendering/renderer_viewport.cpp:979)
ERROR: FSR1 is only available when using the Forward+ renderer.
   at: viewport_set_scaling_3d_mode (servers/rendering/renderer_viewport.cpp:979)
ERROR: FSR1 is only available when using the Forward+ renderer.
   at: viewport_set_scaling_3d_mode (servers/rendering/renderer_viewport.cpp:979)
ERROR: FSR1 is only available when using the Forward+ renderer.
   at: viewport_set_scaling_3d_mode (servers/rendering/renderer_viewport.cpp:979)
ERROR: FSR1 is only available when using the Forward+ renderer.
   at: viewport_set_scaling_3d_mode (servers/rendering/renderer_viewport.cpp:979)
ERROR: FSR1 is only available when using the Forward+ renderer.
   at: viewport_set_scaling_3d_mode (servers/rendering/renderer_viewport.cpp:979)
ERROR: FSR1 is only available when using the Forward+ renderer.
   at: viewport_set_scaling_3d_mode (servers/rendering/renderer_viewport.cpp:979)
ERROR: FSR1 is only available when using the Forward+ renderer.
   at: viewport_set_scaling_3d_mode (servers/rendering/renderer_viewport.cpp:979)
ERROR: FSR1 is only available when using the Forward+ renderer.
   at: viewport_set_scaling_3d_mode (servers/rendering/renderer_viewport.cpp:979)
ERROR: FSR1 is only available when using the Forward+ renderer.
   at: viewport_set_scaling_3d_mode (servers/rendering/renderer_viewport.cpp:979)
ERROR: FSR1 is only available when using the Forward+ renderer.
   at: viewport_set_scaling_3d_mode (servers/rendering/renderer_viewport.cpp:979)
ERROR: FSR1 is only available when using the Forward+ renderer.
   at: viewport_set_scaling_3d_mode (servers/rendering/renderer_viewport.cpp:979)
ERROR: FSR1 is only available when using the Forward+ renderer.
   at: viewport_set_scaling_3d_mode (servers/rendering/renderer_viewport.cpp:979)
ERROR: FSR1 is only available when using the Forward+ renderer.
   at: viewport_set_scaling_3d_mode (servers/rendering/renderer_viewport.cpp:979)
ERROR: FSR1 is only available when using the Forward+ renderer.
   at: viewport_set_scaling_3d_mode (servers/rendering/renderer_viewport.cpp:979)
ERROR: FSR1 is only available when using the Forward+ renderer.
   at: viewport_set_scaling_3d_mode (servers/rendering/renderer_viewport.cpp:979)
ERROR: FSR1 is only available when using the Forward+ renderer.
   at: viewport_set_scaling_3d_mode (servers/rendering/renderer_viewport.cpp:979)
ERROR: FSR1 is only available when using the Forward+ renderer.
   at: viewport_set_scaling_3d_mode (servers/rendering/renderer_viewport.cpp:979)
ERROR: FSR1 is only available when using the Forward+ renderer.
   at: viewport_set_scaling_3d_mode (servers/rendering/renderer_viewport.cpp:979)
ERROR: FSR1 is only available when using the Forward+ renderer.
   at: viewport_set_scaling_3d_mode (servers/rendering/renderer_viewport.cpp:979)
ERROR: FSR1 is only available when using the Forward+ renderer.
   at: viewport_set_scaling_3d_mode (servers/rendering/renderer_viewport.cpp:979)
ERROR: FSR1 is only available when using the Forward+ renderer.
   at: viewport_set_scaling_3d_mode (servers/rendering/renderer_viewport.cpp:979)
ERROR: FSR1 is only available when using the Forward+ renderer.
   at: viewport_set_scaling_3d_mode (servers/rendering/renderer_viewport.cpp:979)
ERROR: FSR1 is only available when using the Forward+ renderer.
   at: viewport_set_scaling_3d_mode (servers/rendering/renderer_viewport.cpp:979)
ERROR: FSR1 is only available when using the Forward+ renderer.
   at: viewport_set_scaling_3d_mode (servers/rendering/renderer_viewport.cpp:979)
ERROR: FSR1 is only available when using the Forward+ renderer.
   at: viewport_set_scaling_3d_mode (servers/rendering/renderer_viewport.cpp:979)
ERROR: FSR1 is only available when using the Forward+ renderer.
   at: viewport_set_scaling_3d_mode (servers/rendering/renderer_viewport.cpp:979)
ERROR: FSR1 is only available when using the Forward+ renderer.
   at: viewport_set_scaling_3d_mode (servers/rendering/renderer_viewport.cpp:979)
ERROR: FSR1 is only available when using the Forward+ renderer.
   at: viewport_set_scaling_3d_mode (servers/rendering/renderer_viewport.cpp:979)
ERROR: FSR1 is only available when using the Forward+ renderer.
   at: viewport_set_scaling_3d_mode (servers/rendering/renderer_viewport.cpp:979)
ERROR: FSR1 is only available when using the Forward+ renderer.
   at: viewport_set_scaling_3d_mode (servers/rendering/renderer_viewport.cpp:979)
ERROR: FSR1 is only available when using the Forward+ renderer.
   at: viewport_set_scaling_3d_mode (servers/rendering/renderer_viewport.cpp:979)
ERROR: FSR1 is only available when using the Forward+ renderer.
   at: viewport_set_scaling_3d_mode (servers/rendering/renderer_viewport.cpp:979)
ERROR: FSR1 is only available when using the Forward+ renderer.
   at: viewport_set_scaling_3d_mode (servers/rendering/renderer_viewport.cpp:979)
ERROR: FSR1 is only available when using the Forward+ renderer.
   at: viewport_set_scaling_3d_mode (servers/rendering/renderer_viewport.cpp:979)
ERROR: FSR1 is only available when using the Forward+ renderer.
   at: viewport_set_scaling_3d_mode (servers/rendering/renderer_viewport.cpp:979)
ERROR: FSR1 is only available when using the Forward+ renderer.
   at: viewport_set_scaling_3d_mode (servers/rendering/renderer_viewport.cpp:979)
ERROR: FSR1 is only available when using the Forward+ renderer.
   at: viewport_set_scaling_3d_mode (servers/rendering/renderer_viewport.cpp:979)
ERROR: FSR1 is only available when using the Forward+ renderer.
   at: viewport_set_scaling_3d_mode (servers/rendering/renderer_viewport.cpp:979)
ERROR: FSR1 is only available when using the Forward+ renderer.
   at: viewport_set_scaling_3d_mode (servers/rendering/renderer_viewport.cpp:979)
ERROR: FSR1 is only available when using the Forward+ renderer.
   at: viewport_set_scaling_3d_mode (servers/rendering/renderer_viewport.cpp:979)
ERROR: FSR1 is only available when using the Forward+ renderer.
   at: viewport_set_scaling_3d_mode (servers/rendering/renderer_viewport.cpp:979)
ERROR: FSR1 is only available when using the Forward+ renderer.
   at: viewport_set_scaling_3d_mode (servers/rendering/renderer_viewport.cpp:979)
ERROR: FSR1 is only available when using the Forward+ renderer.
   at: viewport_set_scaling_3d_mode (servers/rendering/renderer_viewport.cpp:979)
ERROR: FSR1 is only available when using the Forward+ renderer.
   at: viewport_set_scaling_3d_mode (servers/rendering/renderer_viewport.cpp:979)
ERROR: FSR1 is only available when using the Forward+ renderer.
   at: viewport_set_scaling_3d_mode (servers/rendering/renderer_viewport.cpp:979)
ERROR: FSR1 is only available when using the Forward+ renderer.
   at: viewport_set_scaling_3d_mode (servers/rendering/renderer_viewport.cpp:979)
ERROR: FSR1 is only available when using the Forward+ renderer.
   at: viewport_set_scaling_3d_mode (servers/rendering/renderer_viewport.cpp:979)
ERROR: FSR1 is only available when using the Forward+ renderer.
   at: viewport_set_scaling_3d_mode (servers/rendering/renderer_viewport.cpp:979)
ERROR: FSR1 is only available when using the Forward+ renderer.
   at: viewport_set_scaling_3d_mode (servers/rendering/renderer_viewport.cpp:979)
ERROR: FSR1 is only available when using the Forward+ renderer.
   at: viewport_set_scaling_3d_mode (servers/rendering/renderer_viewport.cpp:979)
ERROR: FSR1 is only available when using the Forward+ renderer.
   at: viewport_set_scaling_3d_mode (servers/rendering/renderer_viewport.cpp:979)
ERROR: FSR1 is only available when using the Forward+ renderer.
   at: viewport_set_scaling_3d_mode (servers/rendering/renderer_viewport.cpp:979)
ERROR: FSR1 is only available when using the Forward+ renderer.
   at: viewport_set_scaling_3d_mode (servers/rendering/renderer_viewport.cpp:979)
ERROR: FSR1 is only available when using the Forward+ renderer.
   at: viewport_set_scaling_3d_mode (servers/rendering/renderer_viewport.cpp:979)
ERROR: FSR1 is only available when using the Forward+ renderer.
   at: viewport_set_scaling_3d_mode (servers/rendering/renderer_viewport.cpp:979)
ERROR: FSR1 is only available when using the Forward+ renderer.
   at: viewport_set_scaling_3d_mode (servers/rendering/renderer_viewport.cpp:979)
ERROR: FSR1 is only available when using the Forward+ renderer.
   at: viewport_set_scaling_3d_mode (servers/rendering/renderer_viewport.cpp:979)
ERROR: FSR1 is only available when using the Forward+ renderer.
   at: viewport_set_scaling_3d_mode (servers/rendering/renderer_viewport.cpp:979)
ERROR: FSR1 is only available when using the Forward+ renderer.
   at: viewport_set_scaling_3d_mode (servers/rendering/renderer_viewport.cpp:979)
ERROR: FSR1 is only available when using the Forward+ renderer.
   at: viewport_set_scaling_3d_mode (servers/rendering/renderer_viewport.cpp:979)
ERROR: FSR1 is only available when using the Forward+ renderer.
   at: viewport_set_scaling_3d_mode (servers/rendering/renderer_viewport.cpp:979)
ERROR: FSR1 is only available when using the Forward+ renderer.
   at: viewport_set_scaling_3d_mode (servers/rendering/renderer_viewport.cpp:979)
ERROR: FSR1 is only available when using the Forward+ renderer.
   at: viewport_set_scaling_3d_mode (servers/rendering/renderer_viewport.cpp:979)
ERROR: FSR1 is only available when using the Forward+ renderer.
   at: viewport_set_scaling_3d_mode (servers/rendering/renderer_viewport.cpp:979)
ERROR: FSR1 is only available when using the Forward+ renderer.
   at: viewport_set_scaling_3d_mode (servers/rendering/renderer_viewport.cpp:979)
ERROR: FSR1 is only available when using the Forward+ renderer.
   at: viewport_set_scaling_3d_mode (servers/rendering/renderer_viewport.cpp:979)
ERROR: FSR1 is only available when using the Forward+ renderer.
   at: viewport_set_scaling_3d_mode (servers/rendering/renderer_viewport.cpp:979)
ERROR: FSR1 is only available when using the Forward+ renderer.
   at: viewport_set_scaling_3d_mode (servers/rendering/renderer_viewport.cpp:979)
ERROR: FSR1 is only available when using the Forward+ renderer.
   at: viewport_set_scaling_3d_mode (servers/rendering/renderer_viewport.cpp:979)
ERROR: FSR1 is only available when using the Forward+ renderer.
   at: viewport_set_scaling_3d_mode (servers/rendering/renderer_viewport.cpp:979)
ERROR: FSR1 is only available when using the Forward+ renderer.
   at: viewport_set_scaling_3d_mode (servers/rendering/renderer_viewport.cpp:979)
ERROR: FSR1 is only available when using the Forward+ renderer.
   at: viewport_set_scaling_3d_mode (servers/rendering/renderer_viewport.cpp:979)
ERROR: FSR1 is only available when using the Forward+ renderer.
   at: viewport_set_scaling_3d_mode (servers/rendering/renderer_viewport.cpp:979)
ERROR: FSR1 is only available when using the Forward+ renderer.
   at: viewport_set_scaling_3d_mode (servers/rendering/renderer_viewport.cpp:979)
ERROR: FSR1 is only available when using the Forward+ renderer.
   at: viewport_set_scaling_3d_mode (servers/rendering/renderer_viewport.cpp:979)
ERROR: FSR1 is only available when using the Forward+ renderer.
   at: viewport_set_scaling_3d_mode (servers/rendering/renderer_viewport.cpp:979)
ERROR: FSR1 is only available when using the Forward+ renderer.
   at: viewport_set_scaling_3d_mode (servers/rendering/renderer_viewport.cpp:979)
ERROR: FSR1 is only available when using the Forward+ renderer.
   at: viewport_set_scaling_3d_mode (servers/rendering/renderer_viewport.cpp:979)
ERROR: FSR1 is only available when using the Forward+ renderer.
   at: viewport_set_scaling_3d_mode (servers/rendering/renderer_viewport.cpp:979)
ERROR: FSR1 is only available when using the Forward+ renderer.
   at: viewport_set_scaling_3d_mode (servers/rendering/renderer_viewport.cpp:979)
ERROR: FSR1 is only available when using the Forward+ renderer.
   at: viewport_set_scaling_3d_mode (servers/rendering/renderer_viewport.cpp:979)
ERROR: FSR1 is only available when using the Forward+ renderer.
   at: viewport_set_scaling_3d_mode (servers/rendering/renderer_viewport.cpp:979)
ERROR: FSR1 is only available when using the Forward+ renderer.
   at: viewport_set_scaling_3d_mode (servers/rendering/renderer_viewport.cpp:979)
ERROR: FSR1 is only available when using the Forward+ renderer.
   at: viewport_set_scaling_3d_mode (servers/rendering/renderer_viewport.cpp:979)
ERROR: FSR1 is only available when using the Forward+ renderer.
   at: viewport_set_scaling_3d_mode (servers/rendering/renderer_viewport.cpp:979)
ERROR: FSR1 is only available when using the Forward+ renderer.
   at: viewport_set_scaling_3d_mode (servers/rendering/renderer_viewport.cpp:979)
ERROR: FSR1 is only available when using the Forward+ renderer.
   at: viewport_set_scaling_3d_mode (servers/rendering/renderer_viewport.cpp:979)
ERROR: FSR1 is only available when using the Forward+ renderer.
   at: viewport_set_scaling_3d_mode (servers/rendering/renderer_viewport.cpp:979)
ERROR: FSR1 is only available when using the Forward+ renderer.
   at: viewport_set_scaling_3d_mode (servers/rendering/renderer_viewport.cpp:979)
ERROR: FSR1 is only available when using the Forward+ renderer.
   at: viewport_set_scaling_3d_mode (servers/rendering/renderer_viewport.cpp:979)
ERROR: FSR1 is only available when using the Forward+ renderer.
   at: viewport_set_scaling_3d_mode (servers/rendering/renderer_viewport.cpp:979)
ERROR: FSR1 is only available when using the Forward+ renderer.
   at: viewport_set_scaling_3d_mode (servers/rendering/renderer_viewport.cpp:979)
ERROR: FSR1 is only available when using the Forward+ renderer.
   at: viewport_set_scaling_3d_mode (servers/rendering/renderer_viewport.cpp:979)
ERROR: FSR1 is only available when using the Forward+ renderer.
   at: viewport_set_scaling_3d_mode (servers/rendering/renderer_viewport.cpp:979)
ERROR: FSR1 is only available when using the Forward+ renderer.
   at: viewport_set_scaling_3d_mode (servers/rendering/renderer_viewport.cpp:979)
ERROR: FSR1 is only available when using the Forward+ renderer.
   at: viewport_set_scaling_3d_mode (servers/rendering/renderer_viewport.cpp:979)
ERROR: FSR1 is only available when using the Forward+ renderer.
   at: viewport_set_scaling_3d_mode (servers/rendering/renderer_viewport.cpp:979)
ERROR: FSR1 is only available when using the Forward+ renderer.
   at: viewport_set_scaling_3d_mode (servers/rendering/renderer_viewport.cpp:979)
ERROR: FSR1 is only available when using the Forward+ renderer.
   at: viewport_set_scaling_3d_mode (servers/rendering/renderer_viewport.cpp:979)
ERROR: FSR1 is only available when using the Forward+ renderer.
   at: viewport_set_scaling_3d_mode (servers/rendering/renderer_viewport.cpp:979)
ERROR: FSR1 is only available when using the Forward+ renderer.
   at: viewport_set_scaling_3d_mode (servers/rendering/renderer_viewport.cpp:979)
ERROR: FSR1 is only available when using the Forward+ renderer.
   at: viewport_set_scaling_3d_mode (servers/rendering/renderer_viewport.cpp:979)
ERROR: FSR1 is only available when using the Forward+ renderer.
   at: viewport_set_scaling_3d_mode (servers/rendering/renderer_viewport.cpp:979)
ERROR: FSR1 is only available when using the Forward+ renderer.
   at: viewport_set_scaling_3d_mode (servers/rendering/renderer_viewport.cpp:979)
ERROR: FSR1 is only available when using the Forward+ renderer.
   at: viewport_set_scaling_3d_mode (servers/rendering/renderer_viewport.cpp:979)
ERROR: FSR1 is only available when using the Forward+ renderer.
   at: viewport_set_scaling_3d_mode (servers/rendering/renderer_viewport.cpp:979)
ERROR: FSR1 is only available when using the Forward+ renderer.
   at: viewport_set_scaling_3d_mode (servers/rendering/renderer_viewport.cpp:979)
ERROR: FSR1 is only available when using the Forward+ renderer.
   at: viewport_set_scaling_3d_mode (servers/rendering/renderer_viewport.cpp:979)
ERROR: FSR1 is only available when using the Forward+ renderer.
   at: viewport_set_scaling_3d_mode (servers/rendering/renderer_viewport.cpp:979)
ERROR: FSR1 is only available when using the Forward+ renderer.
   at: viewport_set_scaling_3d_mode (servers/rendering/renderer_viewport.cpp:979)
ERROR: FSR1 is only available when using the Forward+ renderer.
   at: viewport_set_scaling_3d_mode (servers/rendering/renderer_viewport.cpp:979)
ERROR: FSR1 is only available when using the Forward+ renderer.
   at: viewport_set_scaling_3d_mode (servers/rendering/renderer_viewport.cpp:979)
ERROR: FSR1 is only available when using the Forward+ renderer.
   at: viewport_set_scaling_3d_mode (servers/rendering/renderer_viewport.cpp:979)
ERROR: FSR1 is only available when using the Forward+ renderer.
   at: viewport_set_scaling_3d_mode (servers/rendering/renderer_viewport.cpp:979)
ERROR: FSR1 is only available when using the Forward+ renderer.
   at: viewport_set_scaling_3d_mode (servers/rendering/renderer_viewport.cpp:979)
ERROR: FSR1 is only available when using the Forward+ renderer.
   at: viewport_set_scaling_3d_mode (servers/rendering/renderer_viewport.cpp:979)
ERROR: FSR1 is only available when using the Forward+ renderer.
   at: viewport_set_scaling_3d_mode (servers/rendering/renderer_viewport.cpp:979)
ERROR: FSR1 is only available when using the Forward+ renderer.
   at: viewport_set_scaling_3d_mode (servers/rendering/renderer_viewport.cpp:979)
ERROR: FSR1 is only available when using the Forward+ renderer.
   at: viewport_set_scaling_3d_mode (servers/rendering/renderer_viewport.cpp:979)
ERROR: FSR1 is only available when using the Forward+ renderer.
   at: viewport_set_scaling_3d_mode (servers/rendering/renderer_viewport.cpp:979)
ERROR: FSR1 is only available when using the Forward+ renderer.
   at: viewport_set_scaling_3d_mode (servers/rendering/renderer_viewport.cpp:979)
ERROR: FSR1 is only available when using the Forward+ renderer.
   at: viewport_set_scaling_3d_mode (servers/rendering/renderer_viewport.cpp:979)
ERROR: FSR1 is only available when using the Forward+ renderer.
   at: viewport_set_scaling_3d_mode (servers/rendering/renderer_viewport.cpp:979)
ERROR: FSR1 is only available when using the Forward+ renderer.
   at: viewport_set_scaling_3d_mode (servers/rendering/renderer_viewport.cpp:979)
ERROR: FSR1 is only available when using the Forward+ renderer.
   at: viewport_set_scaling_3d_mode (servers/rendering/renderer_viewport.cpp:979)
ERROR: FSR1 is only available when using the Forward+ renderer.
   at: viewport_set_scaling_3d_mode (servers/rendering/renderer_viewport.cpp:979)
ERROR: FSR1 is only available when using the Forward+ renderer.
   at: viewport_set_scaling_3d_mode (servers/rendering/renderer_viewport.cpp:979)
ERROR: FSR1 is only available when using the Forward+ renderer.
   at: viewport_set_scaling_3d_mode (servers/rendering/renderer_viewport.cpp:979)
ERROR: FSR1 is only available when using the Forward+ renderer.
   at: viewport_set_scaling_3d_mode (servers/rendering/renderer_viewport.cpp:979)
ERROR: FSR1 is only available when using the Forward+ renderer.
   at: viewport_set_scaling_3d_mode (servers/rendering/renderer_viewport.cpp:979)
ERROR: FSR1 is only available when using the Forward+ renderer.
   at: viewport_set_scaling_3d_mode (servers/rendering/renderer_viewport.cpp:979)
ERROR: FSR1 is only available when using the Forward+ renderer.
   at: viewport_set_scaling_3d_mode (servers/rendering/renderer_viewport.cpp:979)
ERROR: FSR1 is only available when using the Forward+ renderer.
   at: viewport_set_scaling_3d_mode (servers/rendering/renderer_viewport.cpp:979)
ERROR: FSR1 is only available when using the Forward+ renderer.
   at: viewport_set_scaling_3d_mode (servers/rendering/renderer_viewport.cpp:979)
ERROR: FSR1 is only available when using the Forward+ renderer.
   at: viewport_set_scaling_3d_mode (servers/rendering/renderer_viewport.cpp:979)
ERROR: FSR1 is only available when using the Forward+ renderer.
   at: viewport_set_scaling_3d_mode (servers/rendering/renderer_viewport.cpp:979)
ERROR: FSR1 is only available when using the Forward+ renderer.
   at: viewport_set_scaling_3d_mode (servers/rendering/renderer_viewport.cpp:979)
ERROR: FSR1 is only available when using the Forward+ renderer.
   at: viewport_set_scaling_3d_mode (servers/rendering/renderer_viewport.cpp:979)
ERROR: FSR1 is only available when using the Forward+ renderer.
   at: viewport_set_scaling_3d_mode (servers/rendering/renderer_viewport.cpp:979)
ERROR: FSR1 is only available when using the Forward+ renderer.
   at: viewport_set_scaling_3d_mode (servers/rendering/renderer_viewport.cpp:979)
ERROR: FSR1 is only available when using the Forward+ renderer.
   at: viewport_set_scaling_3d_mode (servers/rendering/renderer_viewport.cpp:979)
ERROR: FSR1 is only available when using the Forward+ renderer.
   at: viewport_set_scaling_3d_mode (servers/rendering/renderer_viewport.cpp:979)
ERROR: FSR1 is only available when using the Forward+ renderer.
   at: viewport_set_scaling_3d_mode (servers/rendering/renderer_viewport.cpp:979)
ERROR: FSR1 is only available when using the Forward+ renderer.
   at: viewport_set_scaling_3d_mode (servers/rendering/renderer_viewport.cpp:979)
ERROR: FSR1 is only available when using the Forward+ renderer.
   at: viewport_set_scaling_3d_mode (servers/rendering/renderer_viewport.cpp:979)
ERROR: FSR1 is only available when using the Forward+ renderer.
   at: viewport_set_scaling_3d_mode (servers/rendering/renderer_viewport.cpp:979)
ERROR: FSR1 is only available when using the Forward+ renderer.
   at: viewport_set_scaling_3d_mode (servers/rendering/renderer_viewport.cpp:979)
ERROR: FSR1 is only available when using the Forward+ renderer.
   at: viewport_set_scaling_3d_mode (servers/rendering/renderer_viewport.cpp:979)
ERROR: FSR1 is only available when using the Forward+ renderer.
   at: viewport_set_scaling_3d_mode (servers/rendering/renderer_viewport.cpp:979)
ERROR: FSR1 is only available when using the Forward+ renderer.
   at: viewport_set_scaling_3d_mode (servers/rendering/renderer_viewport.cpp:979)
ERROR: FSR1 is only available when using the Forward+ renderer.
   at: viewport_set_scaling_3d_mode (servers/rendering/renderer_viewport.cpp:979)
ERROR: FSR1 is only available when using the Forward+ renderer.
   at: viewport_set_scaling_3d_mode (servers/rendering/renderer_viewport.cpp:979)
ERROR: FSR1 is only available when using the Forward+ renderer.
   at: viewport_set_scaling_3d_mode (servers/rendering/renderer_viewport.cpp:979)
ERROR: FSR1 is only available when using the Forward+ renderer.
   at: viewport_set_scaling_3d_mode (servers/rendering/renderer_viewport.cpp:979)
ERROR: FSR1 is only available when using the Forward+ renderer.
   at: viewport_set_scaling_3d_mode (servers/rendering/renderer_viewport.cpp:979)
ERROR: FSR1 is only available when using the Forward+ renderer.
   at: viewport_set_scaling_3d_mode (servers/rendering/renderer_viewport.cpp:979)
ERROR: FSR1 is only available when using the Forward+ renderer.
   at: viewport_set_scaling_3d_mode (servers/rendering/renderer_viewport.cpp:979)
ERROR: FSR1 is only available when using the Forward+ renderer.
   at: viewport_set_scaling_3d_mode (servers/rendering/renderer_viewport.cpp:979)
ERROR: FSR1 is only available when using the Forward+ renderer.
   at: viewport_set_scaling_3d_mode (servers/rendering/renderer_viewport.cpp:979)
ERROR: FSR1 is only available when using the Forward+ renderer.
   at: viewport_set_scaling_3d_mode (servers/rendering/renderer_viewport.cpp:979)
ERROR: FSR1 is only available when using the Forward+ renderer.
   at: viewport_set_scaling_3d_mode (servers/rendering/renderer_viewport.cpp:979)
ERROR: FSR1 is only available when using the Forward+ renderer.
   at: viewport_set_scaling_3d_mode (servers/rendering/renderer_viewport.cpp:979)
ERROR: FSR1 is only available when using the Forward+ renderer.
   at: viewport_set_scaling_3d_mode (servers/rendering/renderer_viewport.cpp:979)
ERROR: FSR1 is only available when using the Forward+ renderer.
   at: viewport_set_scaling_3d_mode (servers/rendering/renderer_viewport.cpp:979)
ERROR: FSR1 is only available when using the Forward+ renderer.
   at: viewport_set_scaling_3d_mode (servers/rendering/renderer_viewport.cpp:979)
ERROR: FSR1 is only available when using the Forward+ renderer.
   at: viewport_set_scaling_3d_mode (servers/rendering/renderer_viewport.cpp:979)
ERROR: FSR1 is only available when using the Forward+ renderer.
   at: viewport_set_scaling_3d_mode (servers/rendering/renderer_viewport.cpp:979)
ERROR: FSR1 is only available when using the Forward+ renderer.
   at: viewport_set_scaling_3d_mode (servers/rendering/renderer_viewport.cpp:979)
ERROR: FSR1 is only available when using the Forward+ renderer.
   at: viewport_set_scaling_3d_mode (servers/rendering/renderer_viewport.cpp:979)
ERROR: FSR1 is only available when using the Forward+ renderer.
   at: viewport_set_scaling_3d_mode (servers/rendering/renderer_viewport.cpp:979)
ERROR: FSR1 is only available when using the Forward+ renderer.
   at: viewport_set_scaling_3d_mode (servers/rendering/renderer_viewport.cpp:979)
ERROR: FSR1 is only available when using the Forward+ renderer.
   at: viewport_set_scaling_3d_mode (servers/rendering/renderer_viewport.cpp:979)
ERROR: FSR1 is only available when using the Forward+ renderer.
   at: viewport_set_scaling_3d_mode (servers/rendering/renderer_viewport.cpp:979)
ERROR: FSR1 is only available when using the Forward+ renderer.
   at: viewport_set_scaling_3d_mode (servers/rendering/renderer_viewport.cpp:979)
ERROR: FSR1 is only available when using the Forward+ renderer.
   at: viewport_set_scaling_3d_mode (servers/rendering/renderer_viewport.cpp:979)
ERROR: FSR1 is only available when using the Forward+ renderer.
   at: viewport_set_scaling_3d_mode (servers/rendering/renderer_viewport.cpp:979)
ERROR: FSR1 is only available when using the Forward+ renderer.
   at: viewport_set_scaling_3d_mode (servers/rendering/renderer_viewport.cpp:979)
ERROR: FSR1 is only available when using the Forward+ renderer.
   at: viewport_set_scaling_3d_mode (servers/rendering/renderer_viewport.cpp:979)
ERROR: FSR1 is only available when using the Forward+ renderer.
   at: viewport_set_scaling_3d_mode (servers/rendering/renderer_viewport.cpp:979)
ERROR: FSR1 is only available when using the Forward+ renderer.
   at: viewport_set_scaling_3d_mode (servers/rendering/renderer_viewport.cpp:979)
ERROR: FSR1 is only available when using the Forward+ renderer.
   at: viewport_set_scaling_3d_mode (servers/rendering/renderer_viewport.cpp:979)
ERROR: FSR1 is only available when using the Forward+ renderer.
   at: viewport_set_scaling_3d_mode (servers/rendering/renderer_viewport.cpp:979)
ERROR: FSR1 is only available when using the Forward+ renderer.
   at: viewport_set_scaling_3d_mode (servers/rendering/renderer_viewport.cpp:979)
ERROR: FSR1 is only available when using the Forward+ renderer.
   at: viewport_set_scaling_3d_mode (servers/rendering/renderer_viewport.cpp:979)
ERROR: FSR1 is only available when using the Forward+ renderer.
   at: viewport_set_scaling_3d_mode (servers/rendering/renderer_viewport.cpp:979)
ERROR: FSR1 is only available when using the Forward+ renderer.
   at: viewport_set_scaling_3d_mode (servers/rendering/renderer_viewport.cpp:979)
ERROR: FSR1 is only available when using the Forward+ renderer.
   at: viewport_set_scaling_3d_mode (servers/rendering/renderer_viewport.cpp:979)
ERROR: FSR1 is only available when using the Forward+ renderer.
   at: viewport_set_scaling_3d_mode (servers/rendering/renderer_viewport.cpp:979)
ERROR: FSR1 is only available when using the Forward+ renderer.
   at: viewport_set_scaling_3d_mode (servers/rendering/renderer_viewport.cpp:979)
ERROR: FSR1 is only available when using the Forward+ renderer.
   at: viewport_set_scaling_3d_mode (servers/rendering/renderer_viewport.cpp:979)
ERROR: FSR1 is only available when using the Forward+ renderer.
   at: viewport_set_scaling_3d_mode (servers/rendering/renderer_viewport.cpp:979)
ERROR: FSR1 is only available when using the Forward+ renderer.
   at: viewport_set_scaling_3d_mode (servers/rendering/renderer_viewport.cpp:979)
ERROR: FSR1 is only available when using the Forward+ renderer.
   at: viewport_set_scaling_3d_mode (servers/rendering/renderer_viewport.cpp:979)
ERROR: FSR1 is only available when using the Forward+ renderer.
   at: viewport_set_scaling_3d_mode (servers/rendering/renderer_viewport.cpp:979)
ERROR: FSR1 is only available when using the Forward+ renderer.
   at: viewport_set_scaling_3d_mode (servers/rendering/renderer_viewport.cpp:979)
ERROR: FSR1 is only available when using the Forward+ renderer.
   at: viewport_set_scaling_3d_mode (servers/rendering/renderer_viewport.cpp:979)
ERROR: FSR1 is only available when using the Forward+ renderer.
   at: viewport_set_scaling_3d_mode (servers/rendering/renderer_viewport.cpp:979)
ERROR: FSR1 is only available when using the Forward+ renderer.
   at: viewport_set_scaling_3d_mode (servers/rendering/renderer_viewport.cpp:979)
ERROR: FSR1 is only available when using the Forward+ renderer.
   at: viewport_set_scaling_3d_mode (servers/rendering/renderer_viewport.cpp:979)
ERROR: FSR1 is only available when using the Forward+ renderer.
   at: viewport_set_scaling_3d_mode (servers/rendering/renderer_viewport.cpp:979)
ERROR: FSR1 is only available when using the Forward+ renderer.
   at: viewport_set_scaling_3d_mode (servers/rendering/renderer_viewport.cpp:979)
ERROR: FSR1 is only available when using the Forward+ renderer.
   at: viewport_set_scaling_3d_mode (servers/rendering/renderer_viewport.cpp:979)
ERROR: FSR1 is only available when using the Forward+ renderer.
   at: viewport_set_scaling_3d_mode (servers/rendering/renderer_viewport.cpp:979)
ERROR: FSR1 is only available when using the Forward+ renderer.
   at: viewport_set_scaling_3d_mode (servers/rendering/renderer_viewport.cpp:979)
ERROR: FSR1 is only available when using the Forward+ renderer.
   at: viewport_set_scaling_3d_mode (servers/rendering/renderer_viewport.cpp:979)
ERROR: FSR1 is only available when using the Forward+ renderer.
   at: viewport_set_scaling_3d_mode (servers/rendering/renderer_viewport.cpp:979)
ERROR: FSR1 is only available when using the Forward+ renderer.
   at: viewport_set_scaling_3d_mode (servers/rendering/renderer_viewport.cpp:979)
ERROR: FSR1 is only available when using the Forward+ renderer.
   at: viewport_set_scaling_3d_mode (servers/rendering/renderer_viewport.cpp:979)
ERROR: FSR1 is only available when using the Forward+ renderer.
   at: viewport_set_scaling_3d_mode (servers/rendering/renderer_viewport.cpp:979)
ERROR: FSR1 is only available when using the Forward+ renderer.
   at: viewport_set_scaling_3d_mode (servers/rendering/renderer_viewport.cpp:979)
ERROR: FSR1 is only available when using the Forward+ renderer.
   at: viewport_set_scaling_3d_mode (servers/rendering/renderer_viewport.cpp:979)
ERROR: FSR1 is only available when using the Forward+ renderer.
   at: viewport_set_scaling_3d_mode (servers/rendering/renderer_viewport.cpp:979)
ERROR: FSR1 is only available when using the Forward+ renderer.
   at: viewport_set_scaling_3d_mode (servers/rendering/renderer_viewport.cpp:979)
ERROR: FSR1 is only available when using the Forward+ renderer.
   at: viewport_set_scaling_3d_mode (servers/rendering/renderer_viewport.cpp:979)
ERROR: FSR1 is only available when using the Forward+ renderer.
   at: viewport_set_scaling_3d_mode (servers/rendering/renderer_viewport.cpp:979)
ERROR: FSR1 is only available when using the Forward+ renderer.
   at: viewport_set_scaling_3d_mode (servers/rendering/renderer_viewport.cpp:979)
ERROR: FSR1 is only available when using the Forward+ renderer.
   at: viewport_set_scaling_3d_mode (servers/rendering/renderer_viewport.cpp:979)
ERROR: FSR1 is only available when using the Forward+ renderer.
   at: viewport_set_scaling_3d_mode (servers/rendering/renderer_viewport.cpp:979)
ERROR: FSR1 is only available when using the Forward+ renderer.
   at: viewport_set_scaling_3d_mode (servers/rendering/renderer_viewport.cpp:979)
ERROR: FSR1 is only available when using the Forward+ renderer.
   at: viewport_set_scaling_3d_mode (servers/rendering/renderer_viewport.cpp:979)
ERROR: FSR1 is only available when using the Forward+ renderer.
   at: viewport_set_scaling_3d_mode (servers/rendering/renderer_viewport.cpp:979)
ERROR: FSR1 is only available when using the Forward+ renderer.
   at: viewport_set_scaling_3d_mode (servers/rendering/renderer_viewport.cpp:979)
ERROR: FSR1 is only available when using the Forward+ renderer.
   at: viewport_set_scaling_3d_mode (servers/rendering/renderer_viewport.cpp:979)
ERROR: FSR1 is only available when using the Forward+ renderer.
   at: viewport_set_scaling_3d_mode (servers/rendering/renderer_viewport.cpp:979)
ERROR: FSR1 is only available when using the Forward+ renderer.
   at: viewport_set_scaling_3d_mode (servers/rendering/renderer_viewport.cpp:979)
ERROR: FSR1 is only available when using the Forward+ renderer.
   at: viewport_set_scaling_3d_mode (servers/rendering/renderer_viewport.cpp:979)
ERROR: FSR1 is only available when using the Forward+ renderer.
   at: viewport_set_scaling_3d_mode (servers/rendering/renderer_viewport.cpp:979)
ERROR: FSR1 is only available when using the Forward+ renderer.
   at: viewport_set_scaling_3d_mode (servers/rendering/renderer_viewport.cpp:979)
ERROR: FSR1 is only available when using the Forward+ renderer.
   at: viewport_set_scaling_3d_mode (servers/rendering/renderer_viewport.cpp:979)
ERROR: FSR1 is only available when using the Forward+ renderer.
   at: viewport_set_scaling_3d_mode (servers/rendering/renderer_viewport.cpp:979)
ERROR: FSR1 is only available when using the Forward+ renderer.
   at: viewport_set_scaling_3d_mode (servers/rendering/renderer_viewport.cpp:979)
ERROR: FSR1 is only available when using the Forward+ renderer.
   at: viewport_set_scaling_3d_mode (servers/rendering/renderer_viewport.cpp:979)
ERROR: FSR1 is only available when using the Forward+ renderer.
   at: viewport_set_scaling_3d_mode (servers/rendering/renderer_viewport.cpp:979)
ERROR: FSR1 is only available when using the Forward+ renderer.
   at: viewport_set_scaling_3d_mode (servers/rendering/renderer_viewport.cpp:979)
ERROR: FSR1 is only available when using the Forward+ renderer.
   at: viewport_set_scaling_3d_mode (servers/rendering/renderer_viewport.cpp:979)
ERROR: FSR1 is only available when using the Forward+ renderer.
   at: viewport_set_scaling_3d_mode (servers/rendering/renderer_viewport.cpp:979)
ERROR: FSR1 is only available when using the Forward+ renderer.
   at: viewport_set_scaling_3d_mode (servers/rendering/renderer_viewport.cpp:979)
ERROR: FSR1 is only available when using the Forward+ renderer.
   at: viewport_set_scaling_3d_mode (servers/rendering/renderer_viewport.cpp:979)
ERROR: FSR1 is only available when using the Forward+ renderer.
   at: viewport_set_scaling_3d_mode (servers/rendering/renderer_viewport.cpp:979)
ERROR: FSR1 is only available when using the Forward+ renderer.
   at: viewport_set_scaling_3d_mode (servers/rendering/renderer_viewport.cpp:979)
ERROR: FSR1 is only available when using the Forward+ renderer.
   at: viewport_set_scaling_3d_mode (servers/rendering/renderer_viewport.cpp:979)
ERROR: FSR1 is only available when using the Forward+ renderer.
   at: viewport_set_scaling_3d_mode (servers/rendering/renderer_viewport.cpp:979)
ERROR: FSR1 is only available when using the Forward+ renderer.
   at: viewport_set_scaling_3d_mode (servers/rendering/renderer_viewport.cpp:979)
ERROR: FSR1 is only available when using the Forward+ renderer.
   at: viewport_set_scaling_3d_mode (servers/rendering/renderer_viewport.cpp:979)
ERROR: FSR1 is only available when using the Forward+ renderer.
   at: viewport_set_scaling_3d_mode (servers/rendering/renderer_viewport.cpp:979)
ERROR: FSR1 is only available when using the Forward+ renderer.
   at: viewport_set_scaling_3d_mode (servers/rendering/renderer_viewport.cpp:979)
ERROR: FSR1 is only available when using the Forward+ renderer.
   at: viewport_set_scaling_3d_mode (servers/rendering/renderer_viewport.cpp:979)
ERROR: FSR1 is only available when using the Forward+ renderer.
   at: viewport_set_scaling_3d_mode (servers/rendering/renderer_viewport.cpp:979)
ERROR: FSR1 is only available when using the Forward+ renderer.
   at: viewport_set_scaling_3d_mode (servers/rendering/renderer_viewport.cpp:979)
ERROR: FSR1 is only available when using the Forward+ renderer.
   at: viewport_set_scaling_3d_mode (servers/rendering/renderer_viewport.cpp:979)
ERROR: FSR1 is only available when using the Forward+ renderer.
   at: viewport_set_scaling_3d_mode (servers/rendering/renderer_viewport.cpp:979)
ERROR: FSR1 is only available when using the Forward+ renderer.
   at: viewport_set_scaling_3d_mode (servers/rendering/renderer_viewport.cpp:979)
ERROR: FSR1 is only available when using the Forward+ renderer.
   at: viewport_set_scaling_3d_mode (servers/rendering/renderer_viewport.cpp:979)
ERROR: FSR1 is only available when using the Forward+ renderer.
   at: viewport_set_scaling_3d_mode (servers/rendering/renderer_viewport.cpp:979)
ERROR: FSR1 is only available when using the Forward+ renderer.
   at: viewport_set_scaling_3d_mode (servers/rendering/renderer_viewport.cpp:979)
ERROR: FSR1 is only available when using the Forward+ renderer.
   at: viewport_set_scaling_3d_mode (servers/rendering/renderer_viewport.cpp:979)
ERROR: FSR1 is only available when using the Forward+ renderer.
   at: viewport_set_scaling_3d_mode (servers/rendering/renderer_viewport.cpp:979)
ERROR: FSR1 is only available when using the Forward+ renderer.
   at: viewport_set_scaling_3d_mode (servers/rendering/renderer_viewport.cpp:979)
ERROR: FSR1 is only available when using the Forward+ renderer.
   at: viewport_set_scaling_3d_mode (servers/rendering/renderer_viewport.cpp:979)
ERROR: FSR1 is only available when using the Forward+ renderer.
   at: viewport_set_scaling_3d_mode (servers/rendering/renderer_viewport.cpp:979)
ERROR: FSR1 is only available when using the Forward+ renderer.
   at: viewport_set_scaling_3d_mode (servers/rendering/renderer_viewport.cpp:979)
ERROR: FSR1 is only available when using the Forward+ renderer.
   at: viewport_set_scaling_3d_mode (servers/rendering/renderer_viewport.cpp:979)
ERROR: FSR1 is only available when using the Forward+ renderer.
   at: viewport_set_scaling_3d_mode (servers/rendering/renderer_viewport.cpp:979)
ERROR: FSR1 is only available when using the Forward+ renderer.
   at: viewport_set_scaling_3d_mode (servers/rendering/renderer_viewport.cpp:979)
ERROR: FSR1 is only available when using the Forward+ renderer.
   at: viewport_set_scaling_3d_mode (servers/rendering/renderer_viewport.cpp:979)
ERROR: FSR1 is only available when using the Forward+ renderer.
   at: viewport_set_scaling_3d_mode (servers/rendering/renderer_viewport.cpp:979)
ERROR: FSR1 is only available when using the Forward+ renderer.
   at: viewport_set_scaling_3d_mode (servers/rendering/renderer_viewport.cpp:979)
ERROR: FSR1 is only available when using the Forward+ renderer.
   at: viewport_set_scaling_3d_mode (servers/rendering/renderer_viewport.cpp:979)
ERROR: FSR1 is only available when using the Forward+ renderer.
   at: viewport_set_scaling_3d_mode (servers/rendering/renderer_viewport.cpp:979)
ERROR: FSR1 is only available when using the Forward+ renderer.
   at: viewport_set_scaling_3d_mode (servers/rendering/renderer_viewport.cpp:979)
ERROR: FSR1 is only available when using the Forward+ renderer.
   at: viewport_set_scaling_3d_mode (servers/rendering/renderer_viewport.cpp:979)
ERROR: FSR1 is only available when using the Forward+ renderer.
   at: viewport_set_scaling_3d_mode (servers/rendering/renderer_viewport.cpp:979)
ERROR: FSR1 is only available when using the Forward+ renderer.
   at: viewport_set_scaling_3d_mode (servers/rendering/renderer_viewport.cpp:979)
ERROR: FSR1 is only available when using the Forward+ renderer.
   at: viewport_set_scaling_3d_mode (servers/rendering/renderer_viewport.cpp:979)
ERROR: FSR1 is only available when using the Forward+ renderer.
   at: viewport_set_scaling_3d_mode (servers/rendering/renderer_viewport.cpp:979)
ERROR: FSR1 is only available when using the Forward+ renderer.
   at: viewport_set_scaling_3d_mode (servers/rendering/renderer_viewport.cpp:979)
ERROR: FSR1 is only available when using the Forward+ renderer.
   at: viewport_set_scaling_3d_mode (servers/rendering/renderer_viewport.cpp:979)
ERROR: FSR1 is only available when using the Forward+ renderer.
   at: viewport_set_scaling_3d_mode (servers/rendering/renderer_viewport.cpp:979)
ERROR: FSR1 is only available when using the Forward+ renderer.
   at: viewport_set_scaling_3d_mode (servers/rendering/renderer_viewport.cpp:979)
ERROR: FSR1 is only available when using the Forward+ renderer.
   at: viewport_set_scaling_3d_mode (servers/rendering/renderer_viewport.cpp:979)
ERROR: FSR1 is only available when using the Forward+ renderer.
   at: viewport_set_scaling_3d_mode (servers/rendering/renderer_viewport.cpp:979)
ERROR: FSR1 is only available when using the Forward+ renderer.
   at: viewport_set_scaling_3d_mode (servers/rendering/renderer_viewport.cpp:979)
ERROR: FSR1 is only available when using the Forward+ renderer.
   at: viewport_set_scaling_3d_mode (servers/rendering/renderer_viewport.cpp:979)
ERROR: FSR1 is only available when using the Forward+ renderer.
   at: viewport_set_scaling_3d_mode (servers/rendering/renderer_viewport.cpp:979)
ERROR: FSR1 is only available when using the Forward+ renderer.
   at: viewport_set_scaling_3d_mode (servers/rendering/renderer_viewport.cpp:979)
ERROR: FSR1 is only available when using the Forward+ renderer.
   at: viewport_set_scaling_3d_mode (servers/rendering/renderer_viewport.cpp:979)
ERROR: FSR1 is only available when using the Forward+ renderer.
   at: viewport_set_scaling_3d_mode (servers/rendering/renderer_viewport.cpp:979)
ERROR: FSR1 is only available when using the Forward+ renderer.
   at: viewport_set_scaling_3d_mode (servers/rendering/renderer_viewport.cpp:979)
ERROR: FSR1 is only available when using the Forward+ renderer.
   at: viewport_set_scaling_3d_mode (servers/rendering/renderer_viewport.cpp:979)
ERROR: FSR1 is only available when using the Forward+ renderer.
   at: viewport_set_scaling_3d_mode (servers/rendering/renderer_viewport.cpp:979)
ERROR: FSR1 is only available when using the Forward+ renderer.
   at: viewport_set_scaling_3d_mode (servers/rendering/renderer_viewport.cpp:979)
ERROR: FSR1 is only available when using the Forward+ renderer.
   at: viewport_set_scaling_3d_mode (servers/rendering/renderer_viewport.cpp:979)
ERROR: FSR1 is only available when using the Forward+ renderer.
   at: viewport_set_scaling_3d_mode (servers/rendering/renderer_viewport.cpp:979)
ERROR: FSR1 is only available when using the Forward+ renderer.
   at: viewport_set_scaling_3d_mode (servers/rendering/renderer_viewport.cpp:979)
ERROR: FSR1 is only available when using the Forward+ renderer.
   at: viewport_set_scaling_3d_mode (servers/rendering/renderer_viewport.cpp:979)
ERROR: FSR1 is only available when using the Forward+ renderer.
   at: viewport_set_scaling_3d_mode (servers/rendering/renderer_viewport.cpp:979)
ERROR: FSR1 is only available when using the Forward+ renderer.
   at: viewport_set_scaling_3d_mode (servers/rendering/renderer_viewport.cpp:979)
ERROR: FSR1 is only available when using the Forward+ renderer.
   at: viewport_set_scaling_3d_mode (servers/rendering/renderer_viewport.cpp:979)
ERROR: FSR1 is only available when using the Forward+ renderer.
   at: viewport_set_scaling_3d_mode (servers/rendering/renderer_viewport.cpp:979)
ERROR: FSR1 is only available when using the Forward+ renderer.
   at: viewport_set_scaling_3d_mode (servers/rendering/renderer_viewport.cpp:979)
ERROR: FSR1 is only available when using the Forward+ renderer.
   at: viewport_set_scaling_3d_mode (servers/rendering/renderer_viewport.cpp:979)
ERROR: FSR1 is only available when using the Forward+ renderer.
   at: viewport_set_scaling_3d_mode (servers/rendering/renderer_viewport.cpp:979)
ERROR: FSR1 is only available when using the Forward+ renderer.
   at: viewport_set_scaling_3d_mode (servers/rendering/renderer_viewport.cpp:979)
ERROR: FSR1 is only available when using the Forward+ renderer.
   at: viewport_set_scaling_3d_mode (servers/rendering/renderer_viewport.cpp:979)
ERROR: FSR1 is only available when using the Forward+ renderer.
   at: viewport_set_scaling_3d_mode (servers/rendering/renderer_viewport.cpp:979)
ERROR: FSR1 is only available when using the Forward+ renderer.
   at: viewport_set_scaling_3d_mode (servers/rendering/renderer_viewport.cpp:979)
ERROR: FSR1 is only available when using the Forward+ renderer.
   at: viewport_set_scaling_3d_mode (servers/rendering/renderer_viewport.cpp:979)
ERROR: FSR1 is only available when using the Forward+ renderer.
   at: viewport_set_scaling_3d_mode (servers/rendering/renderer_viewport.cpp:979)
ERROR: FSR1 is only available when using the Forward+ renderer.
   at: viewport_set_scaling_3d_mode (servers/rendering/renderer_viewport.cpp:979)
ERROR: FSR1 is only available when using the Forward+ renderer.
   at: viewport_set_scaling_3d_mode (servers/rendering/renderer_viewport.cpp:979)
ERROR: FSR1 is only available when using the Forward+ renderer.
   at: viewport_set_scaling_3d_mode (servers/rendering/renderer_viewport.cpp:979)
ERROR: FSR1 is only available when using the Forward+ renderer.
   at: viewport_set_scaling_3d_mode (servers/rendering/renderer_viewport.cpp:979)
ERROR: FSR1 is only available when using the Forward+ renderer.
   at: viewport_set_scaling_3d_mode (servers/rendering/renderer_viewport.cpp:979)
ERROR: FSR1 is only available when using the Forward+ renderer.
   at: viewport_set_scaling_3d_mode (servers/rendering/renderer_viewport.cpp:979)
ERROR: FSR1 is only available when using the Forward+ renderer.
   at: viewport_set_scaling_3d_mode (servers/rendering/renderer_viewport.cpp:979)
ERROR: FSR1 is only available when using the Forward+ renderer.
   at: viewport_set_scaling_3d_mode (servers/rendering/renderer_viewport.cpp:979)
ERROR: FSR1 is only available when using the Forward+ renderer.
   at: viewport_set_scaling_3d_mode (servers/rendering/renderer_viewport.cpp:979)
ERROR: FSR1 is only available when using the Forward+ renderer.
   at: viewport_set_scaling_3d_mode (servers/rendering/renderer_viewport.cpp:979)
ERROR: FSR1 is only available when using the Forward+ renderer.
   at: viewport_set_scaling_3d_mode (servers/rendering/renderer_viewport.cpp:979)
ERROR: FSR1 is only available when using the Forward+ renderer.
   at: viewport_set_scaling_3d_mode (servers/rendering/renderer_viewport.cpp:979)
ERROR: FSR1 is only available when using the Forward+ renderer.
   at: viewport_set_scaling_3d_mode (servers/rendering/renderer_viewport.cpp:979)
ERROR: FSR1 is only available when using the Forward+ renderer.
   at: viewport_set_scaling_3d_mode (servers/rendering/renderer_viewport.cpp:979)
ERROR: FSR1 is only available when using the Forward+ renderer.
   at: viewport_set_scaling_3d_mode (servers/rendering/renderer_viewport.cpp:979)
ERROR: FSR1 is only available when using the Forward+ renderer.
   at: viewport_set_scaling_3d_mode (servers/rendering/renderer_viewport.cpp:979)
ERROR: FSR1 is only available when using the Forward+ renderer.
   at: viewport_set_scaling_3d_mode (servers/rendering/renderer_viewport.cpp:979)
ERROR: FSR1 is only available when using the Forward+ renderer.
   at: viewport_set_scaling_3d_mode (servers/rendering/renderer_viewport.cpp:979)
ERROR: FSR1 is only available when using the Forward+ renderer.
   at: viewport_set_scaling_3d_mode (servers/rendering/renderer_viewport.cpp:979)
ERROR: FSR1 is only available when using the Forward+ renderer.
   at: viewport_set_scaling_3d_mode (servers/rendering/renderer_viewport.cpp:979)
ERROR: FSR1 is only available when using the Forward+ renderer.
   at: viewport_set_scaling_3d_mode (servers/rendering/renderer_viewport.cpp:979)
ERROR: FSR1 is only available when using the Forward+ renderer.
   at: viewport_set_scaling_3d_mode (servers/rendering/renderer_viewport.cpp:979)
ERROR: FSR1 is only available when using the Forward+ renderer.
   at: viewport_set_scaling_3d_mode (servers/rendering/renderer_viewport.cpp:979)
ERROR: FSR1 is only available when using the Forward+ renderer.
   at: viewport_set_scaling_3d_mode (servers/rendering/renderer_viewport.cpp:979)
ERROR: FSR1 is only available when using the Forward+ renderer.
   at: viewport_set_scaling_3d_mode (servers/rendering/renderer_viewport.cpp:979)
ERROR: FSR1 is only available when using the Forward+ renderer.
   at: viewport_set_scaling_3d_mode (servers/rendering/renderer_viewport.cpp:979)
ERROR: FSR1 is only available when using the Forward+ renderer.
   at: viewport_set_scaling_3d_mode (servers/rendering/renderer_viewport.cpp:979)
ERROR: FSR1 is only available when using the Forward+ renderer.
   at: viewport_set_scaling_3d_mode (servers/rendering/renderer_viewport.cpp:979)
ERROR: FSR1 is only available when using the Forward+ renderer.
   at: viewport_set_scaling_3d_mode (servers/rendering/renderer_viewport.cpp:979)
ERROR: FSR1 is only available when using the Forward+ renderer.
   at: viewport_set_scaling_3d_mode (servers/rendering/renderer_viewport.cpp:979)
ERROR: FSR1 is only available when using the Forward+ renderer.
   at: viewport_set_scaling_3d_mode (servers/rendering/renderer_viewport.cpp:979)
ERROR: FSR1 is only available when using the Forward+ renderer.
   at: viewport_set_scaling_3d_mode (servers/rendering/renderer_viewport.cpp:979)
ERROR: FSR1 is only available when using the Forward+ renderer.
   at: viewport_set_scaling_3d_mode (servers/rendering/renderer_viewport.cpp:979)
ERROR: FSR1 is only available when using the Forward+ renderer.
   at: viewport_set_scaling_3d_mode (servers/rendering/renderer_viewport.cpp:979)
ERROR: FSR1 is only available when using the Forward+ renderer.
   at: viewport_set_scaling_3d_mode (servers/rendering/renderer_viewport.cpp:979)
ERROR: FSR1 is only available when using the Forward+ renderer.
   at: viewport_set_scaling_3d_mode (servers/rendering/renderer_viewport.cpp:979)
ERROR: FSR1 is only available when using the Forward+ renderer.
   at: viewport_set_scaling_3d_mode (servers/rendering/renderer_viewport.cpp:979)
ERROR: FSR1 is only available when using the Forward+ renderer.
   at: viewport_set_scaling_3d_mode (servers/rendering/renderer_viewport.cpp:979)
ERROR: FSR1 is only available when using the Forward+ renderer.
   at: viewport_set_scaling_3d_mode (servers/rendering/renderer_viewport.cpp:979)
ERROR: FSR1 is only available when using the Forward+ renderer.
   at: viewport_set_scaling_3d_mode (servers/rendering/renderer_viewport.cpp:979)
ERROR: FSR1 is only available when using the Forward+ renderer.
   at: viewport_set_scaling_3d_mode (servers/rendering/renderer_viewport.cpp:979)
ERROR: FSR1 is only available when using the Forward+ renderer.
   at: viewport_set_scaling_3d_mode (servers/rendering/renderer_viewport.cpp:979)
ERROR: FSR1 is only available when using the Forward+ renderer.
   at: viewport_set_scaling_3d_mode (servers/rendering/renderer_viewport.cpp:979)
ERROR: FSR1 is only available when using the Forward+ renderer.
   at: viewport_set_scaling_3d_mode (servers/rendering/renderer_viewport.cpp:979)
ERROR: FSR1 is only available when using the Forward+ renderer.
   at: viewport_set_scaling_3d_mode (servers/rendering/renderer_viewport.cpp:979)
ERROR: FSR1 is only available when using the Forward+ renderer.
   at: viewport_set_scaling_3d_mode (servers/rendering/renderer_viewport.cpp:979)
ERROR: FSR1 is only available when using the Forward+ renderer.
   at: viewport_set_scaling_3d_mode (servers/rendering/renderer_viewport.cpp:979)
ERROR: FSR1 is only available when using the Forward+ renderer.
   at: viewport_set_scaling_3d_mode (servers/rendering/renderer_viewport.cpp:979)
ERROR: FSR1 is only available when using the Forward+ renderer.
   at: viewport_set_scaling_3d_mode (servers/rendering/renderer_viewport.cpp:979)
ERROR: FSR1 is only available when using the Forward+ renderer.
   at: viewport_set_scaling_3d_mode (servers/rendering/renderer_viewport.cpp:979)
ERROR: FSR1 is only available when using the Forward+ renderer.
   at: viewport_set_scaling_3d_mode (servers/rendering/renderer_viewport.cpp:979)
ERROR: FSR1 is only available when using the Forward+ renderer.
   at: viewport_set_scaling_3d_mode (servers/rendering/renderer_viewport.cpp:979)
ERROR: FSR1 is only available when using the Forward+ renderer.
   at: viewport_set_scaling_3d_mode (servers/rendering/renderer_viewport.cpp:979)
ERROR: FSR1 is only available when using the Forward+ renderer.
   at: viewport_set_scaling_3d_mode (servers/rendering/renderer_viewport.cpp:979)
ERROR: FSR1 is only available when using the Forward+ renderer.
   at: viewport_set_scaling_3d_mode (servers/rendering/renderer_viewport.cpp:979)
ERROR: FSR1 is only available when using the Forward+ renderer.
   at: viewport_set_scaling_3d_mode (servers/rendering/renderer_viewport.cpp:979)
ERROR: FSR1 is only available when using the Forward+ renderer.
   at: viewport_set_scaling_3d_mode (servers/rendering/renderer_viewport.cpp:979)
ERROR: FSR1 is only available when using the Forward+ renderer.
   at: viewport_set_scaling_3d_mode (servers/rendering/renderer_viewport.cpp:979)
ERROR: FSR1 is only available when using the Forward+ renderer.
   at: viewport_set_scaling_3d_mode (servers/rendering/renderer_viewport.cpp:979)
ERROR: FSR1 is only available when using the Forward+ renderer.
   at: viewport_set_scaling_3d_mode (servers/rendering/renderer_viewport.cpp:979)
ERROR: FSR1 is only available when using the Forward+ renderer.
   at: viewport_set_scaling_3d_mode (servers/rendering/renderer_viewport.cpp:979)
ERROR: FSR1 is only available when using the Forward+ renderer.
   at: viewport_set_scaling_3d_mode (servers/rendering/renderer_viewport.cpp:979)
ERROR: FSR1 is only available when using the Forward+ renderer.
   at: viewport_set_scaling_3d_mode (servers/rendering/renderer_viewport.cpp:979)
ERROR: FSR1 is only available when using the Forward+ renderer.
   at: viewport_set_scaling_3d_mode (servers/rendering/renderer_viewport.cpp:979)
ERROR: FSR1 is only available when using the Forward+ renderer.
   at: viewport_set_scaling_3d_mode (servers/rendering/renderer_viewport.cpp:979)
ERROR: FSR1 is only available when using the Forward+ renderer.
   at: viewport_set_scaling_3d_mode (servers/rendering/renderer_viewport.cpp:979)
ERROR: FSR1 is only available when using the Forward+ renderer.
   at: viewport_set_scaling_3d_mode (servers/rendering/renderer_viewport.cpp:979)
ERROR: FSR1 is only available when using the Forward+ renderer.
   at: viewport_set_scaling_3d_mode (servers/rendering/renderer_viewport.cpp:979)
ERROR: FSR1 is only available when using the Forward+ renderer.
   at: viewport_set_scaling_3d_mode (servers/rendering/renderer_viewport.cpp:979)
ERROR: FSR1 is only available when using the Forward+ renderer.
   at: viewport_set_scaling_3d_mode (servers/rendering/renderer_viewport.cpp:979)
ERROR: FSR1 is only available when using the Forward+ renderer.
   at: viewport_set_scaling_3d_mode (servers/rendering/renderer_viewport.cpp:979)
ERROR: FSR1 is only available when using the Forward+ renderer.
   at: viewport_set_scaling_3d_mode (servers/rendering/renderer_viewport.cpp:979)
ERROR: FSR1 is only available when using the Forward+ renderer.
   at: viewport_set_scaling_3d_mode (servers/rendering/renderer_viewport.cpp:979)
ERROR: FSR1 is only available when using the Forward+ renderer.
   at: viewport_set_scaling_3d_mode (servers/rendering/renderer_viewport.cpp:979)
ERROR: FSR1 is only available when using the Forward+ renderer.
   at: viewport_set_scaling_3d_mode (servers/rendering/renderer_viewport.cpp:979)
ERROR: FSR1 is only available when using the Forward+ renderer.
   at: viewport_set_scaling_3d_mode (servers/rendering/renderer_viewport.cpp:979)
ERROR: FSR1 is only available when using the Forward+ renderer.
   at: viewport_set_scaling_3d_mode (servers/rendering/renderer_viewport.cpp:979)
ERROR: FSR1 is only available when using the Forward+ renderer.
   at: viewport_set_scaling_3d_mode (servers/rendering/renderer_viewport.cpp:979)
ERROR: FSR1 is only available when using the Forward+ renderer.
   at: viewport_set_scaling_3d_mode (servers/rendering/renderer_viewport.cpp:979)
ERROR: FSR1 is only available when using the Forward+ renderer.
   at: viewport_set_scaling_3d_mode (servers/rendering/renderer_viewport.cpp:979)
ERROR: FSR1 is only available when using the Forward+ renderer.
   at: viewport_set_scaling_3d_mode (servers/rendering/renderer_viewport.cpp:979)
ERROR: FSR1 is only available when using the Forward+ renderer.
   at: viewport_set_scaling_3d_mode (servers/rendering/renderer_viewport.cpp:979)
ERROR: FSR1 is only available when using the Forward+ renderer.
   at: viewport_set_scaling_3d_mode (servers/rendering/renderer_viewport.cpp:979)
ERROR: FSR1 is only available when using the Forward+ renderer.
   at: viewport_set_scaling_3d_mode (servers/rendering/renderer_viewport.cpp:979)
ERROR: FSR1 is only available when using the Forward+ renderer.
   at: viewport_set_scaling_3d_mode (servers/rendering/renderer_viewport.cpp:979)
ERROR: FSR1 is only available when using the Forward+ renderer.
   at: viewport_set_scaling_3d_mode (servers/rendering/renderer_viewport.cpp:979)
ERROR: FSR1 is only available when using the Forward+ renderer.
   at: viewport_set_scaling_3d_mode (servers/rendering/renderer_viewport.cpp:979)
ERROR: FSR1 is only available when using the Forward+ renderer.
   at: viewport_set_scaling_3d_mode (servers/rendering/renderer_viewport.cpp:979)
ERROR: FSR1 is only available when using the Forward+ renderer.
   at: viewport_set_scaling_3d_mode (servers/rendering/renderer_viewport.cpp:979)
ERROR: FSR1 is only available when using the Forward+ renderer.
   at: viewport_set_scaling_3d_mode (servers/rendering/renderer_viewport.cpp:979)
ERROR: FSR1 is only available when using the Forward+ renderer.
   at: viewport_set_scaling_3d_mode (servers/rendering/renderer_viewport.cpp:979)
ERROR: FSR1 is only available when using the Forward+ renderer.
   at: viewport_set_scaling_3d_mode (servers/rendering/renderer_viewport.cpp:979)
ERROR: FSR1 is only available when using the Forward+ renderer.
   at: viewport_set_scaling_3d_mode (servers/rendering/renderer_viewport.cpp:979)
ERROR: FSR1 is only available when using the Forward+ renderer.
   at: viewport_set_scaling_3d_mode (servers/rendering/renderer_viewport.cpp:979)
ERROR: FSR1 is only available when using the Forward+ renderer.
   at: viewport_set_scaling_3d_mode (servers/rendering/renderer_viewport.cpp:979)
ERROR: FSR1 is only available when using the Forward+ renderer.
   at: viewport_set_scaling_3d_mode (servers/rendering/renderer_viewport.cpp:979)
ERROR: FSR1 is only available when using the Forward+ renderer.
   at: viewport_set_scaling_3d_mode (servers/rendering/renderer_viewport.cpp:979)
ERROR: FSR1 is only available when using the Forward+ renderer.
   at: viewport_set_scaling_3d_mode (servers/rendering/renderer_viewport.cpp:979)
ERROR: FSR1 is only available when using the Forward+ renderer.
   at: viewport_set_scaling_3d_mode (servers/rendering/renderer_viewport.cpp:979)
ERROR: FSR1 is only available when using the Forward+ renderer.
   at: viewport_set_scaling_3d_mode (servers/rendering/renderer_viewport.cpp:979)
ERROR: FSR1 is only available when using the Forward+ renderer.
   at: viewport_set_scaling_3d_mode (servers/rendering/renderer_viewport.cpp:979)
ERROR: FSR1 is only available when using the Forward+ renderer.
   at: viewport_set_scaling_3d_mode (servers/rendering/renderer_viewport.cpp:979)
ERROR: FSR1 is only available when using the Forward+ renderer.
   at: viewport_set_scaling_3d_mode (servers/rendering/renderer_viewport.cpp:979)
ERROR: FSR1 is only available when using the Forward+ renderer.
   at: viewport_set_scaling_3d_mode (servers/rendering/renderer_viewport.cpp:979)
ERROR: FSR1 is only available when using the Forward+ renderer.
   at: viewport_set_scaling_3d_mode (servers/rendering/renderer_viewport.cpp:979)
ERROR: FSR1 is only available when using the Forward+ renderer.
   at: viewport_set_scaling_3d_mode (servers/rendering/renderer_viewport.cpp:979)
ERROR: FSR1 is only available when using the Forward+ renderer.
   at: viewport_set_scaling_3d_mode (servers/rendering/renderer_viewport.cpp:979)
ERROR: FSR1 is only available when using the Forward+ renderer.
   at: viewport_set_scaling_3d_mode (servers/rendering/renderer_viewport.cpp:979)
ERROR: FSR1 is only available when using the Forward+ renderer.
   at: viewport_set_scaling_3d_mode (servers/rendering/renderer_viewport.cpp:979)
ERROR: FSR1 is only available when using the Forward+ renderer.
   at: viewport_set_scaling_3d_mode (servers/rendering/renderer_viewport.cpp:979)
ERROR: FSR1 is only available when using the Forward+ renderer.
   at: viewport_set_scaling_3d_mode (servers/rendering/renderer_viewport.cpp:979)
ERROR: FSR1 is only available when using the Forward+ renderer.
   at: viewport_set_scaling_3d_mode (servers/rendering/renderer_viewport.cpp:979)
ERROR: FSR1 is only available when using the Forward+ renderer.
   at: viewport_set_scaling_3d_mode (servers/rendering/renderer_viewport.cpp:979)
ERROR: FSR1 is only available when using the Forward+ renderer.
   at: viewport_set_scaling_3d_mode (servers/rendering/renderer_viewport.cpp:979)
ERROR: FSR1 is only available when using the Forward+ renderer.
   at: viewport_set_scaling_3d_mode (servers/rendering/renderer_viewport.cpp:979)
ERROR: FSR1 is only available when using the Forward+ renderer.
   at: viewport_set_scaling_3d_mode (servers/rendering/renderer_viewport.cpp:979)
ERROR: FSR1 is only available when using the Forward+ renderer.
   at: viewport_set_scaling_3d_mode (servers/rendering/renderer_viewport.cpp:979)
ERROR: FSR1 is only available when using the Forward+ renderer.
   at: viewport_set_scaling_3d_mode (servers/rendering/renderer_viewport.cpp:979)
ERROR: FSR1 is only available when using the Forward+ renderer.
   at: viewport_set_scaling_3d_mode (servers/rendering/renderer_viewport.cpp:979)
ERROR: FSR1 is only available when using the Forward+ renderer.
   at: viewport_set_scaling_3d_mode (servers/rendering/renderer_viewport.cpp:979)
ERROR: FSR1 is only available when using the Forward+ renderer.
   at: viewport_set_scaling_3d_mode (servers/rendering/renderer_viewport.cpp:979)
ERROR: FSR1 is only available when using the Forward+ renderer.
   at: viewport_set_scaling_3d_mode (servers/rendering/renderer_viewport.cpp:979)
ERROR: FSR1 is only available when using the Forward+ renderer.
   at: viewport_set_scaling_3d_mode (servers/rendering/renderer_viewport.cpp:979)
ERROR: FSR1 is only available when using the Forward+ renderer.
   at: viewport_set_scaling_3d_mode (servers/rendering/renderer_viewport.cpp:979)
ERROR: FSR1 is only available when using the Forward+ renderer.
   at: viewport_set_scaling_3d_mode (servers/rendering/renderer_viewport.cpp:979)
ERROR: FSR1 is only available when using the Forward+ renderer.
   at: viewport_set_scaling_3d_mode (servers/rendering/renderer_viewport.cpp:979)
ERROR: FSR1 is only available when using the Forward+ renderer.
   at: viewport_set_scaling_3d_mode (servers/rendering/renderer_viewport.cpp:979)
ERROR: FSR1 is only available when using the Forward+ renderer.
   at: viewport_set_scaling_3d_mode (servers/rendering/renderer_viewport.cpp:979)
ERROR: FSR1 is only available when using the Forward+ renderer.
   at: viewport_set_scaling_3d_mode (servers/rendering/renderer_viewport.cpp:979)
ERROR: FSR1 is only available when using the Forward+ renderer.
   at: viewport_set_scaling_3d_mode (servers/rendering/renderer_viewport.cpp:979)
ERROR: FSR1 is only available when using the Forward+ renderer.
   at: viewport_set_scaling_3d_mode (servers/rendering/renderer_viewport.cpp:979)
ERROR: FSR1 is only available when using the Forward+ renderer.
   at: viewport_set_scaling_3d_mode (servers/rendering/renderer_viewport.cpp:979)
ERROR: FSR1 is only available when using the Forward+ renderer.
   at: viewport_set_scaling_3d_mode (servers/rendering/renderer_viewport.cpp:979)
ERROR: FSR1 is only available when using the Forward+ renderer.
   at: viewport_set_scaling_3d_mode (servers/rendering/renderer_viewport.cpp:979)
ERROR: FSR1 is only available when using the Forward+ renderer.
   at: viewport_set_scaling_3d_mode (servers/rendering/renderer_viewport.cpp:979)
ERROR: FSR1 is only available when using the Forward+ renderer.
   at: viewport_set_scaling_3d_mode (servers/rendering/renderer_viewport.cpp:979)
ERROR: FSR1 is only available when using the Forward+ renderer.
   at: viewport_set_scaling_3d_mode (servers/rendering/renderer_viewport.cpp:979)
ERROR: FSR1 is only available when using the Forward+ renderer.
   at: viewport_set_scaling_3d_mode (servers/rendering/renderer_viewport.cpp:979)
ERROR: FSR1 is only available when using the Forward+ renderer.
   at: viewport_set_scaling_3d_mode (servers/rendering/renderer_viewport.cpp:979)
ERROR: FSR1 is only available when using the Forward+ renderer.
   at: viewport_set_scaling_3d_mode (servers/rendering/renderer_viewport.cpp:979)
ERROR: FSR1 is only available when using the Forward+ renderer.
   at: viewport_set_scaling_3d_mode (servers/rendering/renderer_viewport.cpp:979)
ERROR: FSR1 is only available when using the Forward+ renderer.
   at: viewport_set_scaling_3d_mode (servers/rendering/renderer_viewport.cpp:979)
ERROR: FSR1 is only available when using the Forward+ renderer.
   at: viewport_set_scaling_3d_mode (servers/rendering/renderer_viewport.cpp:979)
ERROR: FSR1 is only available when using the Forward+ renderer.
   at: viewport_set_scaling_3d_mode (servers/rendering/renderer_viewport.cpp:979)
ERROR: FSR1 is only available when using the Forward+ renderer.
   at: viewport_set_scaling_3d_mode (servers/rendering/renderer_viewport.cpp:979)
ERROR: FSR1 is only available when using the Forward+ renderer.
   at: viewport_set_scaling_3d_mode (servers/rendering/renderer_viewport.cpp:979)
ERROR: FSR1 is only available when using the Forward+ renderer.
   at: viewport_set_scaling_3d_mode (servers/rendering/renderer_viewport.cpp:979)
ERROR: FSR1 is only available when using the Forward+ renderer.
   at: viewport_set_scaling_3d_mode (servers/rendering/renderer_viewport.cpp:979)
ERROR: FSR1 is only available when using the Forward+ renderer.
   at: viewport_set_scaling_3d_mode (servers/rendering/renderer_viewport.cpp:979)
ERROR: FSR1 is only available when using the Forward+ renderer.
   at: viewport_set_scaling_3d_mode (servers/rendering/renderer_viewport.cpp:979)
ERROR: FSR1 is only available when using the Forward+ renderer.
   at: viewport_set_scaling_3d_mode (servers/rendering/renderer_viewport.cpp:979)
ERROR: FSR1 is only available when using the Forward+ renderer.
   at: viewport_set_scaling_3d_mode (servers/rendering/renderer_viewport.cpp:979)
ERROR: FSR1 is only available when using the Forward+ renderer.
   at: viewport_set_scaling_3d_mode (servers/rendering/renderer_viewport.cpp:979)
ERROR: FSR1 is only available when using the Forward+ renderer.
   at: viewport_set_scaling_3d_mode (servers/rendering/renderer_viewport.cpp:979)
ERROR: FSR1 is only available when using the Forward+ renderer.
   at: viewport_set_scaling_3d_mode (servers/rendering/renderer_viewport.cpp:979)
ERROR: FSR1 is only available when using the Forward+ renderer.
   at: viewport_set_scaling_3d_mode (servers/rendering/renderer_viewport.cpp:979)
ERROR: FSR1 is only available when using the Forward+ renderer.
   at: viewport_set_scaling_3d_mode (servers/rendering/renderer_viewport.cpp:979)
ERROR: FSR1 is only available when using the Forward+ renderer.
   at: viewport_set_scaling_3d_mode (servers/rendering/renderer_viewport.cpp:979)
ERROR: FSR1 is only available when using the Forward+ renderer.
   at: viewport_set_scaling_3d_mode (servers/rendering/renderer_viewport.cpp:979)
ERROR: FSR1 is only available when using the Forward+ renderer.
   at: viewport_set_scaling_3d_mode (servers/rendering/renderer_viewport.cpp:979)
ERROR: FSR1 is only available when using the Forward+ renderer.
   at: viewport_set_scaling_3d_mode (servers/rendering/renderer_viewport.cpp:979)
ERROR: FSR1 is only available when using the Forward+ renderer.
   at: viewport_set_scaling_3d_mode (servers/rendering/renderer_viewport.cpp:979)
ERROR: FSR1 is only available when using the Forward+ renderer.
   at: viewport_set_scaling_3d_mode (servers/rendering/renderer_viewport.cpp:979)
ERROR: FSR1 is only available when using the Forward+ renderer.
   at: viewport_set_scaling_3d_mode (servers/rendering/renderer_viewport.cpp:979)
ERROR: FSR1 is only available when using the Forward+ renderer.
   at: viewport_set_scaling_3d_mode (servers/rendering/renderer_viewport.cpp:979)
ERROR: FSR1 is only available when using the Forward+ renderer.
   at: viewport_set_scaling_3d_mode (servers/rendering/renderer_viewport.cpp:979)
ERROR: FSR1 is only available when using the Forward+ renderer.
   at: viewport_set_scaling_3d_mode (servers/rendering/renderer_viewport.cpp:979)
ERROR: FSR1 is only available when using the Forward+ renderer.
   at: viewport_set_scaling_3d_mode (servers/rendering/renderer_viewport.cpp:979)
ERROR: FSR1 is only available when using the Forward+ renderer.
   at: viewport_set_scaling_3d_mode (servers/rendering/renderer_viewport.cpp:979)
ERROR: FSR1 is only available when using the Forward+ renderer.
   at: viewport_set_scaling_3d_mode (servers/rendering/renderer_viewport.cpp:979)
ERROR: FSR1 is only available when using the Forward+ renderer.
   at: viewport_set_scaling_3d_mode (servers/rendering/renderer_viewport.cpp:979)
ERROR: FSR1 is only available when using the Forward+ renderer.
   at: viewport_set_scaling_3d_mode (servers/rendering/renderer_viewport.cpp:979)
ERROR: FSR1 is only available when using the Forward+ renderer.
   at: viewport_set_scaling_3d_mode (servers/rendering/renderer_viewport.cpp:979)
ERROR: FSR1 is only available when using the Forward+ renderer.
   at: viewport_set_scaling_3d_mode (servers/rendering/renderer_viewport.cpp:979)
ERROR: FSR1 is only available when using the Forward+ renderer.
   at: viewport_set_scaling_3d_mode (servers/rendering/renderer_viewport.cpp:979)
ERROR: FSR1 is only available when using the Forward+ renderer.
   at: viewport_set_scaling_3d_mode (servers/rendering/renderer_viewport.cpp:979)
ERROR: FSR1 is only available when using the Forward+ renderer.
   at: viewport_set_scaling_3d_mode (servers/rendering/renderer_viewport.cpp:979)
ERROR: FSR1 is only available when using the Forward+ renderer.
   at: viewport_set_scaling_3d_mode (servers/rendering/renderer_viewport.cpp:979)
ERROR: FSR1 is only available when using the Forward+ renderer.
   at: viewport_set_scaling_3d_mode (servers/rendering/renderer_viewport.cpp:979)
ERROR: FSR1 is only available when using the Forward+ renderer.
   at: viewport_set_scaling_3d_mode (servers/rendering/renderer_viewport.cpp:979)
ERROR: FSR1 is only available when using the Forward+ renderer.
   at: viewport_set_scaling_3d_mode (servers/rendering/renderer_viewport.cpp:979)
ERROR: FSR1 is only available when using the Forward+ renderer.
   at: viewport_set_scaling_3d_mode (servers/rendering/renderer_viewport.cpp:979)
ERROR: FSR1 is only available when using the Forward+ renderer.
   at: viewport_set_scaling_3d_mode (servers/rendering/renderer_viewport.cpp:979)
ERROR: FSR1 is only available when using the Forward+ renderer.
   at: viewport_set_scaling_3d_mode (servers/rendering/renderer_viewport.cpp:979)
ERROR: FSR1 is only available when using the Forward+ renderer.
   at: viewport_set_scaling_3d_mode (servers/rendering/renderer_viewport.cpp:979)
ERROR: FSR1 is only available when using the Forward+ renderer.
   at: viewport_set_scaling_3d_mode (servers/rendering/renderer_viewport.cpp:979)
ERROR: FSR1 is only available when using the Forward+ renderer.
   at: viewport_set_scaling_3d_mode (servers/rendering/renderer_viewport.cpp:979)
ERROR: FSR1 is only available when using the Forward+ renderer.
   at: viewport_set_scaling_3d_mode (servers/rendering/renderer_viewport.cpp:979)
ERROR: FSR1 is only available when using the Forward+ renderer.
   at: viewport_set_scaling_3d_mode (servers/rendering/renderer_viewport.cpp:979)
ERROR: FSR1 is only available when using the Forward+ renderer.
   at: viewport_set_scaling_3d_mode (servers/rendering/renderer_viewport.cpp:979)
ERROR: FSR1 is only available when using the Forward+ renderer.
   at: viewport_set_scaling_3d_mode (servers/rendering/renderer_viewport.cpp:979)
ERROR: FSR1 is only available when using the Forward+ renderer.
   at: viewport_set_scaling_3d_mode (servers/rendering/renderer_viewport.cpp:979)
ERROR: FSR1 is only available when using the Forward+ renderer.
   at: viewport_set_scaling_3d_mode (servers/rendering/renderer_viewport.cpp:979)
ERROR: FSR1 is only available when using the Forward+ renderer.
   at: viewport_set_scaling_3d_mode (servers/rendering/renderer_viewport.cpp:979)
ERROR: FSR1 is only available when using the Forward+ renderer.
   at: viewport_set_scaling_3d_mode (servers/rendering/renderer_viewport.cpp:979)
ERROR: FSR1 is only available when using the Forward+ renderer.
   at: viewport_set_scaling_3d_mode (servers/rendering/renderer_viewport.cpp:979)
ERROR: FSR1 is only available when using the Forward+ renderer.
   at: viewport_set_scaling_3d_mode (servers/rendering/renderer_viewport.cpp:979)
ERROR: FSR1 is only available when using the Forward+ renderer.
   at: viewport_set_scaling_3d_mode (servers/rendering/renderer_viewport.cpp:979)
ERROR: FSR1 is only available when using the Forward+ renderer.
   at: viewport_set_scaling_3d_mode (servers/rendering/renderer_viewport.cpp:979)
ERROR: FSR1 is only available when using the Forward+ renderer.
   at: viewport_set_scaling_3d_mode (servers/rendering/renderer_viewport.cpp:979)
ERROR: FSR1 is only available when using the Forward+ renderer.
   at: viewport_set_scaling_3d_mode (servers/rendering/renderer_viewport.cpp:979)
ERROR: FSR1 is only available when using the Forward+ renderer.
   at: viewport_set_scaling_3d_mode (servers/rendering/renderer_viewport.cpp:979)
ERROR: FSR1 is only available when using the Forward+ renderer.
   at: viewport_set_scaling_3d_mode (servers/rendering/renderer_viewport.cpp:979)
ERROR: FSR1 is only available when using the Forward+ renderer.
   at: viewport_set_scaling_3d_mode (servers/rendering/renderer_viewport.cpp:979)
ERROR: FSR1 is only available when using the Forward+ renderer.
   at: viewport_set_scaling_3d_mode (servers/rendering/renderer_viewport.cpp:979)
ERROR: FSR1 is only available when using the Forward+ renderer.
   at: viewport_set_scaling_3d_mode (servers/rendering/renderer_viewport.cpp:979)
ERROR: FSR1 is only available when using the Forward+ renderer.
   at: viewport_set_scaling_3d_mode (servers/rendering/renderer_viewport.cpp:979)
ERROR: FSR1 is only available when using the Forward+ renderer.
   at: viewport_set_scaling_3d_mode (servers/rendering/renderer_viewport.cpp:979)
ERROR: FSR1 is only available when using the Forward+ renderer.
   at: viewport_set_scaling_3d_mode (servers/rendering/renderer_viewport.cpp:979)
ERROR: FSR1 is only available when using the Forward+ renderer.
   at: viewport_set_scaling_3d_mode (servers/rendering/renderer_viewport.cpp:979)
ERROR: FSR1 is only available when using the Forward+ renderer.
   at: viewport_set_scaling_3d_mode (servers/rendering/renderer_viewport.cpp:979)
ERROR: FSR1 is only available when using the Forward+ renderer.
   at: viewport_set_scaling_3d_mode (servers/rendering/renderer_viewport.cpp:979)
ERROR: FSR1 is only available when using the Forward+ renderer.
   at: viewport_set_scaling_3d_mode (servers/rendering/renderer_viewport.cpp:979)
ERROR: FSR1 is only available when using the Forward+ renderer.
   at: viewport_set_scaling_3d_mode (servers/rendering/renderer_viewport.cpp:979)
ERROR: FSR1 is only available when using the Forward+ renderer.
   at: viewport_set_scaling_3d_mode (servers/rendering/renderer_viewport.cpp:979)
ERROR: FSR1 is only available when using the Forward+ renderer.
   at: viewport_set_scaling_3d_mode (servers/rendering/renderer_viewport.cpp:979)
ERROR: FSR1 is only available when using the Forward+ renderer.
   at: viewport_set_scaling_3d_mode (servers/rendering/renderer_viewport.cpp:979)
ERROR: FSR1 is only available when using the Forward+ renderer.
   at: viewport_set_scaling_3d_mode (servers/rendering/renderer_viewport.cpp:979)
ERROR: FSR1 is only available when using the Forward+ renderer.
   at: viewport_set_scaling_3d_mode (servers/rendering/renderer_viewport.cpp:979)
ERROR: FSR1 is only available when using the Forward+ renderer.
   at: viewport_set_scaling_3d_mode (servers/rendering/renderer_viewport.cpp:979)
ERROR: FSR1 is only available when using the Forward+ renderer.
   at: viewport_set_scaling_3d_mode (servers/rendering/renderer_viewport.cpp:979)
ERROR: FSR1 is only available when using the Forward+ renderer.
   at: viewport_set_scaling_3d_mode (servers/rendering/renderer_viewport.cpp:979)
ERROR: FSR1 is only available when using the Forward+ renderer.
   at: viewport_set_scaling_3d_mode (servers/rendering/renderer_viewport.cpp:979)
ERROR: FSR1 is only available when using the Forward+ renderer.
   at: viewport_set_scaling_3d_mode (servers/rendering/renderer_viewport.cpp:979)
ERROR: FSR1 is only available when using the Forward+ renderer.
   at: viewport_set_scaling_3d_mode (servers/rendering/renderer_viewport.cpp:979)
ERROR: FSR1 is only available when using the Forward+ renderer.
   at: viewport_set_scaling_3d_mode (servers/rendering/renderer_viewport.cpp:979)
ERROR: FSR1 is only available when using the Forward+ renderer.
   at: viewport_set_scaling_3d_mode (servers/rendering/renderer_viewport.cpp:979)
ERROR: FSR1 is only available when using the Forward+ renderer.
   at: viewport_set_scaling_3d_mode (servers/rendering/renderer_viewport.cpp:979)
ERROR: FSR1 is only available when using the Forward+ renderer.
   at: viewport_set_scaling_3d_mode (servers/rendering/renderer_viewport.cpp:979)
ERROR: FSR1 is only available when using the Forward+ renderer.
   at: viewport_set_scaling_3d_mode (servers/rendering/renderer_viewport.cpp:979)
ERROR: FSR1 is only available when using the Forward+ renderer.
   at: viewport_set_scaling_3d_mode (servers/rendering/renderer_viewport.cpp:979)
ERROR: FSR1 is only available when using the Forward+ renderer.
   at: viewport_set_scaling_3d_mode (servers/rendering/renderer_viewport.cpp:979)
ERROR: FSR1 is only available when using the Forward+ renderer.
   at: viewport_set_scaling_3d_mode (servers/rendering/renderer_viewport.cpp:979)
ERROR: FSR1 is only available when using the Forward+ renderer.
   at: viewport_set_scaling_3d_mode (servers/rendering/renderer_viewport.cpp:979)
ERROR: FSR1 is only available when using the Forward+ renderer.
   at: viewport_set_scaling_3d_mode (servers/rendering/renderer_viewport.cpp:979)
ERROR: FSR1 is only available when using the Forward+ renderer.
   at: viewport_set_scaling_3d_mode (servers/rendering/renderer_viewport.cpp:979)
ERROR: FSR1 is only available when using the Forward+ renderer.
   at: viewport_set_scaling_3d_mode (servers/rendering/renderer_viewport.cpp:979)
ERROR: FSR1 is only available when using the Forward+ renderer.
   at: viewport_set_scaling_3d_mode (servers/rendering/renderer_viewport.cpp:979)
ERROR: FSR1 is only available when using the Forward+ renderer.
   at: viewport_set_scaling_3d_mode (servers/rendering/renderer_viewport.cpp:979)
ERROR: FSR1 is only available when using the Forward+ renderer.
   at: viewport_set_scaling_3d_mode (servers/rendering/renderer_viewport.cpp:979)
ERROR: FSR1 is only available when using the Forward+ renderer.
   at: viewport_set_scaling_3d_mode (servers/rendering/renderer_viewport.cpp:979)
ERROR: FSR1 is only available when using the Forward+ renderer.
   at: viewport_set_scaling_3d_mode (servers/rendering/renderer_viewport.cpp:979)
ERROR: FSR1 is only available when using the Forward+ renderer.
   at: viewport_set_scaling_3d_mode (servers/rendering/renderer_viewport.cpp:979)
ERROR: FSR1 is only available when using the Forward+ renderer.
   at: viewport_set_scaling_3d_mode (servers/rendering/renderer_viewport.cpp:979)
ERROR: FSR1 is only available when using the Forward+ renderer.
   at: viewport_set_scaling_3d_mode (servers/rendering/renderer_viewport.cpp:979)
ERROR: FSR1 is only available when using the Forward+ renderer.
   at: viewport_set_scaling_3d_mode (servers/rendering/renderer_viewport.cpp:979)
ERROR: FSR1 is only available when using the Forward+ renderer.
   at: viewport_set_scaling_3d_mode (servers/rendering/renderer_viewport.cpp:979)
ERROR: FSR1 is only available when using the Forward+ renderer.
   at: viewport_set_scaling_3d_mode (servers/rendering/renderer_viewport.cpp:979)
ERROR: FSR1 is only available when using the Forward+ renderer.
   at: viewport_set_scaling_3d_mode (servers/rendering/renderer_viewport.cpp:979)
ERROR: FSR1 is only available when using the Forward+ renderer.
   at: viewport_set_scaling_3d_mode (servers/rendering/renderer_viewport.cpp:979)
ERROR: FSR1 is only available when using the Forward+ renderer.
   at: viewport_set_scaling_3d_mode (servers/rendering/renderer_viewport.cpp:979)
ERROR: FSR1 is only available when using the Forward+ renderer.
   at: viewport_set_scaling_3d_mode (servers/rendering/renderer_viewport.cpp:979)
ERROR: FSR1 is only available when using the Forward+ renderer.
   at: viewport_set_scaling_3d_mode (servers/rendering/renderer_viewport.cpp:979)
ERROR: FSR1 is only available when using the Forward+ renderer.
   at: viewport_set_scaling_3d_mode (servers/rendering/renderer_viewport.cpp:979)
ERROR: FSR1 is only available when using the Forward+ renderer.
   at: viewport_set_scaling_3d_mode (servers/rendering/renderer_viewport.cpp:979)
ERROR: FSR1 is only available when using the Forward+ renderer.
   at: viewport_set_scaling_3d_mode (servers/rendering/renderer_viewport.cpp:979)
ERROR: FSR1 is only available when using the Forward+ renderer.
   at: viewport_set_scaling_3d_mode (servers/rendering/renderer_viewport.cpp:979)
ERROR: FSR1 is only available when using the Forward+ renderer.
   at: viewport_set_scaling_3d_mode (servers/rendering/renderer_viewport.cpp:979)
ERROR: FSR1 is only available when using the Forward+ renderer.
   at: viewport_set_scaling_3d_mode (servers/rendering/renderer_viewport.cpp:979)
ERROR: FSR1 is only available when using the Forward+ renderer.
   at: viewport_set_scaling_3d_mode (servers/rendering/renderer_viewport.cpp:979)
ERROR: FSR1 is only available when using the Forward+ renderer.
   at: viewport_set_scaling_3d_mode (servers/rendering/renderer_viewport.cpp:979)
ERROR: FSR1 is only available when using the Forward+ renderer.
   at: viewport_set_scaling_3d_mode (servers/rendering/renderer_viewport.cpp:979)
ERROR: FSR1 is only available when using the Forward+ renderer.
   at: viewport_set_scaling_3d_mode (servers/rendering/renderer_viewport.cpp:979)
ERROR: FSR1 is only available when using the Forward+ renderer.
   at: viewport_set_scaling_3d_mode (servers/rendering/renderer_viewport.cpp:979)
ERROR: FSR1 is only available when using the Forward+ renderer.
   at: viewport_set_scaling_3d_mode (servers/rendering/renderer_viewport.cpp:979)
ERROR: FSR1 is only available when using the Forward+ renderer.
   at: viewport_set_scaling_3d_mode (servers/rendering/renderer_viewport.cpp:979)
ERROR: FSR1 is only available when using the Forward+ renderer.
   at: viewport_set_scaling_3d_mode (servers/rendering/renderer_viewport.cpp:979)
ERROR: FSR1 is only available when using the Forward+ renderer.
   at: viewport_set_scaling_3d_mode (servers/rendering/renderer_viewport.cpp:979)
ERROR: FSR1 is only available when using the Forward+ renderer.
   at: viewport_set_scaling_3d_mode (servers/rendering/renderer_viewport.cpp:979)
ERROR: FSR1 is only available when using the Forward+ renderer.
   at: viewport_set_scaling_3d_mode (servers/rendering/renderer_viewport.cpp:979)
ERROR: FSR1 is only available when using the Forward+ renderer.
   at: viewport_set_scaling_3d_mode (servers/rendering/renderer_viewport.cpp:979)
ERROR: FSR1 is only available when using the Forward+ renderer.
   at: viewport_set_scaling_3d_mode (servers/rendering/renderer_viewport.cpp:979)
ERROR: FSR1 is only available when using the Forward+ renderer.
   at: viewport_set_scaling_3d_mode (servers/rendering/renderer_viewport.cpp:979)
ERROR: FSR1 is only available when using the Forward+ renderer.
   at: viewport_set_scaling_3d_mode (servers/rendering/renderer_viewport.cpp:979)
ERROR: FSR1 is only available when using the Forward+ renderer.
   at: viewport_set_scaling_3d_mode (servers/rendering/renderer_viewport.cpp:979)
ERROR: FSR1 is only available when using the Forward+ renderer.
   at: viewport_set_scaling_3d_mode (servers/rendering/renderer_viewport.cpp:979)
ERROR: FSR1 is only available when using the Forward+ renderer.
   at: viewport_set_scaling_3d_mode (servers/rendering/renderer_viewport.cpp:979)
ERROR: FSR1 is only available when using the Forward+ renderer.
   at: viewport_set_scaling_3d_mode (servers/rendering/renderer_viewport.cpp:979)
ERROR: FSR1 is only available when using the Forward+ renderer.
   at: viewport_set_scaling_3d_mode (servers/rendering/renderer_viewport.cpp:979)
ERROR: FSR1 is only available when using the Forward+ renderer.
   at: viewport_set_scaling_3d_mode (servers/rendering/renderer_viewport.cpp:979)
ERROR: FSR1 is only available when using the Forward+ renderer.
   at: viewport_set_scaling_3d_mode (servers/rendering/renderer_viewport.cpp:979)
ERROR: FSR1 is only available when using the Forward+ renderer.
   at: viewport_set_scaling_3d_mode (servers/rendering/renderer_viewport.cpp:979)
ERROR: FSR1 is only available when using the Forward+ renderer.
   at: viewport_set_scaling_3d_mode (servers/rendering/renderer_viewport.cpp:979)
ERROR: FSR1 is only available when using the Forward+ renderer.
   at: viewport_set_scaling_3d_mode (servers/rendering/renderer_viewport.cpp:979)
ERROR: FSR1 is only available when using the Forward+ renderer.
   at: viewport_set_scaling_3d_mode (servers/rendering/renderer_viewport.cpp:979)
ERROR: FSR1 is only available when using the Forward+ renderer.
   at: viewport_set_scaling_3d_mode (servers/rendering/renderer_viewport.cpp:979)
ERROR: FSR1 is only available when using the Forward+ renderer.
   at: viewport_set_scaling_3d_mode (servers/rendering/renderer_viewport.cpp:979)
ERROR: FSR1 is only available when using the Forward+ renderer.
   at: viewport_set_scaling_3d_mode (servers/rendering/renderer_viewport.cpp:979)
ERROR: FSR1 is only available when using the Forward+ renderer.
   at: viewport_set_scaling_3d_mode (servers/rendering/renderer_viewport.cpp:979)
ERROR: FSR1 is only available when using the Forward+ renderer.
   at: viewport_set_scaling_3d_mode (servers/rendering/renderer_viewport.cpp:979)
ERROR: FSR1 is only available when using the Forward+ renderer.
   at: viewport_set_scaling_3d_mode (servers/rendering/renderer_viewport.cpp:979)
ERROR: FSR1 is only available when using the Forward+ renderer.
   at: viewport_set_scaling_3d_mode (servers/rendering/renderer_viewport.cpp:979)
ERROR: FSR1 is only available when using the Forward+ renderer.
   at: viewport_set_scaling_3d_mode (servers/rendering/renderer_viewport.cpp:979)
ERROR: FSR1 is only available when using the Forward+ renderer.
   at: viewport_set_scaling_3d_mode (servers/rendering/renderer_viewport.cpp:979)
ERROR: FSR1 is only available when using the Forward+ renderer.
   at: viewport_set_scaling_3d_mode (servers/rendering/renderer_viewport.cpp:979)
ERROR: FSR1 is only available when using the Forward+ renderer.
   at: viewport_set_scaling_3d_mode (servers/rendering/renderer_viewport.cpp:979)
ERROR: FSR1 is only available when using the Forward+ renderer.
   at: viewport_set_scaling_3d_mode (servers/rendering/renderer_viewport.cpp:979)
ERROR: FSR1 is only available when using the Forward+ renderer.
   at: viewport_set_scaling_3d_mode (servers/rendering/renderer_viewport.cpp:979)
ERROR: FSR1 is only available when using the Forward+ renderer.
   at: viewport_set_scaling_3d_mode (servers/rendering/renderer_viewport.cpp:979)
ERROR: FSR1 is only available when using the Forward+ renderer.
   at: viewport_set_scaling_3d_mode (servers/rendering/renderer_viewport.cpp:979)
ERROR: FSR1 is only available when using the Forward+ renderer.
   at: viewport_set_scaling_3d_mode (servers/rendering/renderer_viewport.cpp:979)
ERROR: FSR1 is only available when using the Forward+ renderer.
   at: viewport_set_scaling_3d_mode (servers/rendering/renderer_viewport.cpp:979)
ERROR: FSR1 is only available when using the Forward+ renderer.
   at: viewport_set_scaling_3d_mode (servers/rendering/renderer_viewport.cpp:979)
ERROR: FSR1 is only available when using the Forward+ renderer.
   at: viewport_set_scaling_3d_mode (servers/rendering/renderer_viewport.cpp:979)
ERROR: FSR1 is only available when using the Forward+ renderer.
   at: viewport_set_scaling_3d_mode (servers/rendering/renderer_viewport.cpp:979)
ERROR: FSR1 is only available when using the Forward+ renderer.
   at: viewport_set_scaling_3d_mode (servers/rendering/renderer_viewport.cpp:979)
ERROR: FSR1 is only available when using the Forward+ renderer.
   at: viewport_set_scaling_3d_mode (servers/rendering/renderer_viewport.cpp:979)
ERROR: FSR1 is only available when using the Forward+ renderer.
   at: viewport_set_scaling_3d_mode (servers/rendering/renderer_viewport.cpp:979)
ERROR: FSR1 is only available when using the Forward+ renderer.
   at: viewport_set_scaling_3d_mode (servers/rendering/renderer_viewport.cpp:979)
ERROR: FSR1 is only available when using the Forward+ renderer.
   at: viewport_set_scaling_3d_mode (servers/rendering/renderer_viewport.cpp:979)
ERROR: FSR1 is only available when using the Forward+ renderer.
   at: viewport_set_scaling_3d_mode (servers/rendering/renderer_viewport.cpp:979)
ERROR: FSR1 is only available when using the Forward+ renderer.
   at: viewport_set_scaling_3d_mode (servers/rendering/renderer_viewport.cpp:979)
ERROR: FSR1 is only available when using the Forward+ renderer.
   at: viewport_set_scaling_3d_mode (servers/rendering/renderer_viewport.cpp:979)
ERROR: FSR1 is only available when using the Forward+ renderer.
   at: viewport_set_scaling_3d_mode (servers/rendering/renderer_viewport.cpp:979)
ERROR: FSR1 is only available when using the Forward+ renderer.
   at: viewport_set_scaling_3d_mode (servers/rendering/renderer_viewport.cpp:979)
ERROR: FSR1 is only available when using the Forward+ renderer.
   at: viewport_set_scaling_3d_mode (servers/rendering/renderer_viewport.cpp:979)
ERROR: FSR1 is only available when using the Forward+ renderer.
   at: viewport_set_scaling_3d_mode (servers/rendering/renderer_viewport.cpp:979)
ERROR: FSR1 is only available when using the Forward+ renderer.
   at: viewport_set_scaling_3d_mode (servers/rendering/renderer_viewport.cpp:979)
ERROR: FSR1 is only available when using the Forward+ renderer.
   at: viewport_set_scaling_3d_mode (servers/rendering/renderer_viewport.cpp:979)
ERROR: FSR1 is only available when using the Forward+ renderer.
   at: viewport_set_scaling_3d_mode (servers/rendering/renderer_viewport.cpp:979)
ERROR: FSR1 is only available when using the Forward+ renderer.
   at: viewport_set_scaling_3d_mode (servers/rendering/renderer_viewport.cpp:979)
ERROR: FSR1 is only available when using the Forward+ renderer.
   at: viewport_set_scaling_3d_mode (servers/rendering/renderer_viewport.cpp:979)
ERROR: FSR1 is only available when using the Forward+ renderer.
   at: viewport_set_scaling_3d_mode (servers/rendering/renderer_viewport.cpp:979)
ERROR: FSR1 is only available when using the Forward+ renderer.
   at: viewport_set_scaling_3d_mode (servers/rendering/renderer_viewport.cpp:979)
ERROR: FSR1 is only available when using the Forward+ renderer.
   at: viewport_set_scaling_3d_mode (servers/rendering/renderer_viewport.cpp:979)
ERROR: FSR1 is only available when using the Forward+ renderer.
   at: viewport_set_scaling_3d_mode (servers/rendering/renderer_viewport.cpp:979)
ERROR: FSR1 is only available when using the Forward+ renderer.
   at: viewport_set_scaling_3d_mode (servers/rendering/renderer_viewport.cpp:979)
ERROR: FSR1 is only available when using the Forward+ renderer.
   at: viewport_set_scaling_3d_mode (servers/rendering/renderer_viewport.cpp:979)
ERROR: FSR1 is only available when using the Forward+ renderer.
   at: viewport_set_scaling_3d_mode (servers/rendering/renderer_viewport.cpp:979)
ERROR: FSR1 is only available when using the Forward+ renderer.
   at: viewport_set_scaling_3d_mode (servers/rendering/renderer_viewport.cpp:979)
ERROR: FSR1 is only available when using the Forward+ renderer.
   at: viewport_set_scaling_3d_mode (servers/rendering/renderer_viewport.cpp:979)
ERROR: FSR1 is only available when using the Forward+ renderer.
   at: viewport_set_scaling_3d_mode (servers/rendering/renderer_viewport.cpp:979)
ERROR: FSR1 is only available when using the Forward+ renderer.
   at: viewport_set_scaling_3d_mode (servers/rendering/renderer_viewport.cpp:979)
ERROR: FSR1 is only available when using the Forward+ renderer.
   at: viewport_set_scaling_3d_mode (servers/rendering/renderer_viewport.cpp:979)
ERROR: FSR1 is only available when using the Forward+ renderer.
   at: viewport_set_scaling_3d_mode (servers/rendering/renderer_viewport.cpp:979)
ERROR: FSR1 is only available when using the Forward+ renderer.
   at: viewport_set_scaling_3d_mode (servers/rendering/renderer_viewport.cpp:979)
ERROR: FSR1 is only available when using the Forward+ renderer.
   at: viewport_set_scaling_3d_mode (servers/rendering/renderer_viewport.cpp:979)
ERROR: FSR1 is only available when using the Forward+ renderer.
   at: viewport_set_scaling_3d_mode (servers/rendering/renderer_viewport.cpp:979)
ERROR: FSR1 is only available when using the Forward+ renderer.
   at: viewport_set_scaling_3d_mode (servers/rendering/renderer_viewport.cpp:979)
ERROR: FSR1 is only available when using the Forward+ renderer.
   at: viewport_set_scaling_3d_mode (servers/rendering/renderer_viewport.cpp:979)
ERROR: FSR1 is only available when using the Forward+ renderer.
   at: viewport_set_scaling_3d_mode (servers/rendering/renderer_viewport.cpp:979)
ERROR: FSR1 is only available when using the Forward+ renderer.
   at: viewport_set_scaling_3d_mode (servers/rendering/renderer_viewport.cpp:979)
ERROR: FSR1 is only available when using the Forward+ renderer.
   at: viewport_set_scaling_3d_mode (servers/rendering/renderer_viewport.cpp:979)
ERROR: FSR1 is only available when using the Forward+ renderer.
   at: viewport_set_scaling_3d_mode (servers/rendering/renderer_viewport.cpp:979)
ERROR: FSR1 is only available when using the Forward+ renderer.
   at: viewport_set_scaling_3d_mode (servers/rendering/renderer_viewport.cpp:979)
ERROR: FSR1 is only available when using the Forward+ renderer.
   at: viewport_set_scaling_3d_mode (servers/rendering/renderer_viewport.cpp:979)
ERROR: FSR1 is only available when using the Forward+ renderer.
   at: viewport_set_scaling_3d_mode (servers/rendering/renderer_viewport.cpp:979)
ERROR: FSR1 is only available when using the Forward+ renderer.
   at: viewport_set_scaling_3d_mode (servers/rendering/renderer_viewport.cpp:979)
ERROR: FSR1 is only available when using the Forward+ renderer.
   at: viewport_set_scaling_3d_mode (servers/rendering/renderer_viewport.cpp:979)
ERROR: FSR1 is only available when using the Forward+ renderer.
   at: viewport_set_scaling_3d_mode (servers/rendering/renderer_viewport.cpp:979)
ERROR: FSR1 is only available when using the Forward+ renderer.
   at: viewport_set_scaling_3d_mode (servers/rendering/renderer_viewport.cpp:979)
ERROR: FSR1 is only available when using the Forward+ renderer.
   at: viewport_set_scaling_3d_mode (servers/rendering/renderer_viewport.cpp:979)
ERROR: FSR1 is only available when using the Forward+ renderer.
   at: viewport_set_scaling_3d_mode (servers/rendering/renderer_viewport.cpp:979)
ERROR: FSR1 is only available when using the Forward+ renderer.
   at: viewport_set_scaling_3d_mode (servers/rendering/renderer_viewport.cpp:979)
ERROR: FSR1 is only available when using the Forward+ renderer.
   at: viewport_set_scaling_3d_mode (servers/rendering/renderer_viewport.cpp:979)
ERROR: FSR1 is only available when using the Forward+ renderer.
   at: viewport_set_scaling_3d_mode (servers/rendering/renderer_viewport.cpp:979)
ERROR: FSR1 is only available when using the Forward+ renderer.
   at: viewport_set_scaling_3d_mode (servers/rendering/renderer_viewport.cpp:979)
ERROR: FSR1 is only available when using the Forward+ renderer.
   at: viewport_set_scaling_3d_mode (servers/rendering/renderer_viewport.cpp:979)
ERROR: FSR1 is only available when using the Forward+ renderer.
   at: viewport_set_scaling_3d_mode (servers/rendering/renderer_viewport.cpp:979)
ERROR: FSR1 is only available when using the Forward+ renderer.
   at: viewport_set_scaling_3d_mode (servers/rendering/renderer_viewport.cpp:979)
ERROR: FSR1 is only available when using the Forward+ renderer.
   at: viewport_set_scaling_3d_mode (servers/rendering/renderer_viewport.cpp:979)
ERROR: FSR1 is only available when using the Forward+ renderer.
   at: viewport_set_scaling_3d_mode (servers/rendering/renderer_viewport.cpp:979)
ERROR: FSR1 is only available when using the Forward+ renderer.
   at: viewport_set_scaling_3d_mode (servers/rendering/renderer_viewport.cpp:979)
ERROR: FSR1 is only available when using the Forward+ renderer.
   at: viewport_set_scaling_3d_mode (servers/rendering/renderer_viewport.cpp:979)
ERROR: FSR1 is only available when using the Forward+ renderer.
   at: viewport_set_scaling_3d_mode (servers/rendering/renderer_viewport.cpp:979)
ERROR: FSR1 is only available when using the Forward+ renderer.
   at: viewport_set_scaling_3d_mode (servers/rendering/renderer_viewport.cpp:979)
ERROR: FSR1 is only available when using the Forward+ renderer.
   at: viewport_set_scaling_3d_mode (servers/rendering/renderer_viewport.cpp:979)
ERROR: FSR1 is only available when using the Forward+ renderer.
   at: viewport_set_scaling_3d_mode (servers/rendering/renderer_viewport.cpp:979)
ERROR: FSR1 is only available when using the Forward+ renderer.
   at: viewport_set_scaling_3d_mode (servers/rendering/renderer_viewport.cpp:979)
ERROR: FSR1 is only available when using the Forward+ renderer.
   at: viewport_set_scaling_3d_mode (servers/rendering/renderer_viewport.cpp:979)
ERROR: FSR1 is only available when using the Forward+ renderer.
   at: viewport_set_scaling_3d_mode (servers/rendering/renderer_viewport.cpp:979)
ERROR: FSR1 is only available when using the Forward+ renderer.
   at: viewport_set_scaling_3d_mode (servers/rendering/renderer_viewport.cpp:979)
ERROR: FSR1 is only available when using the Forward+ renderer.
   at: viewport_set_scaling_3d_mode (servers/rendering/renderer_viewport.cpp:979)
ERROR: FSR1 is only available when using the Forward+ renderer.
   at: viewport_set_scaling_3d_mode (servers/rendering/renderer_viewport.cpp:979)
ERROR: FSR1 is only available when using the Forward+ renderer.
   at: viewport_set_scaling_3d_mode (servers/rendering/renderer_viewport.cpp:979)
ERROR: FSR1 is only available when using the Forward+ renderer.
   at: viewport_set_scaling_3d_mode (servers/rendering/renderer_viewport.cpp:979)
ERROR: FSR1 is only available when using the Forward+ renderer.
   at: viewport_set_scaling_3d_mode (servers/rendering/renderer_viewport.cpp:979)
ERROR: FSR1 is only available when using the Forward+ renderer.
   at: viewport_set_scaling_3d_mode (servers/rendering/renderer_viewport.cpp:979)
ERROR: FSR1 is only available when using the Forward+ renderer.
   at: viewport_set_scaling_3d_mode (servers/rendering/renderer_viewport.cpp:979)
ERROR: FSR1 is only available when using the Forward+ renderer.
   at: viewport_set_scaling_3d_mode (servers/rendering/renderer_viewport.cpp:979)
ERROR: FSR1 is only available when using the Forward+ renderer.
   at: viewport_set_scaling_3d_mode (servers/rendering/renderer_viewport.cpp:979)
ERROR: FSR1 is only available when using the Forward+ renderer.
   at: viewport_set_scaling_3d_mode (servers/rendering/renderer_viewport.cpp:979)
ERROR: FSR1 is only available when using the Forward+ renderer.
   at: viewport_set_scaling_3d_mode (servers/rendering/renderer_viewport.cpp:979)
ERROR: FSR1 is only available when using the Forward+ renderer.
   at: viewport_set_scaling_3d_mode (servers/rendering/renderer_viewport.cpp:979)
ERROR: FSR1 is only available when using the Forward+ renderer.
   at: viewport_set_scaling_3d_mode (servers/rendering/renderer_viewport.cpp:979)
ERROR: FSR1 is only available when using the Forward+ renderer.
   at: viewport_set_scaling_3d_mode (servers/rendering/renderer_viewport.cpp:979)
ERROR: FSR1 is only available when using the Forward+ renderer.
   at: viewport_set_scaling_3d_mode (servers/rendering/renderer_viewport.cpp:979)
ERROR: FSR1 is only available when using the Forward+ renderer.
   at: viewport_set_scaling_3d_mode (servers/rendering/renderer_viewport.cpp:979)
ERROR: FSR1 is only available when using the Forward+ renderer.
   at: viewport_set_scaling_3d_mode (servers/rendering/renderer_viewport.cpp:979)
ERROR: FSR1 is only available when using the Forward+ renderer.
   at: viewport_set_scaling_3d_mode (servers/rendering/renderer_viewport.cpp:979)
ERROR: FSR1 is only available when using the Forward+ renderer.
   at: viewport_set_scaling_3d_mode (servers/rendering/renderer_viewport.cpp:979)
ERROR: FSR1 is only available when using the Forward+ renderer.
   at: viewport_set_scaling_3d_mode (servers/rendering/renderer_viewport.cpp:979)
ERROR: FSR1 is only available when using the Forward+ renderer.
   at: viewport_set_scaling_3d_mode (servers/rendering/renderer_viewport.cpp:979)
ERROR: FSR1 is only available when using the Forward+ renderer.
   at: viewport_set_scaling_3d_mode (servers/rendering/renderer_viewport.cpp:979)
ERROR: FSR1 is only available when using the Forward+ renderer.
   at: viewport_set_scaling_3d_mode (servers/rendering/renderer_viewport.cpp:979)
ERROR: FSR1 is only available when using the Forward+ renderer.
   at: viewport_set_scaling_3d_mode (servers/rendering/renderer_viewport.cpp:979)
ERROR: FSR1 is only available when using the Forward+ renderer.
   at: viewport_set_scaling_3d_mode (servers/rendering/renderer_viewport.cpp:979)
ERROR: FSR1 is only available when using the Forward+ renderer.
   at: viewport_set_scaling_3d_mode (servers/rendering/renderer_viewport.cpp:979)
ERROR: FSR1 is only available when using the Forward+ renderer.
   at: viewport_set_scaling_3d_mode (servers/rendering/renderer_viewport.cpp:979)
ERROR: FSR1 is only available when using the Forward+ renderer.
   at: viewport_set_scaling_3d_mode (servers/rendering/renderer_viewport.cpp:979)
ERROR: FSR1 is only available when using the Forward+ renderer.
   at: viewport_set_scaling_3d_mode (servers/rendering/renderer_viewport.cpp:979)
ERROR: FSR1 is only available when using the Forward+ renderer.
   at: viewport_set_scaling_3d_mode (servers/rendering/renderer_viewport.cpp:979)
ERROR: FSR1 is only available when using the Forward+ renderer.
   at: viewport_set_scaling_3d_mode (servers/rendering/renderer_viewport.cpp:979)
ERROR: FSR1 is only available when using the Forward+ renderer.
   at: viewport_set_scaling_3d_mode (servers/rendering/renderer_viewport.cpp:979)
ERROR: FSR1 is only available when using the Forward+ renderer.
   at: viewport_set_scaling_3d_mode (servers/rendering/renderer_viewport.cpp:979)
ERROR: FSR1 is only available when using the Forward+ renderer.
   at: viewport_set_scaling_3d_mode (servers/rendering/renderer_viewport.cpp:979)
ERROR: FSR1 is only available when using the Forward+ renderer.
   at: viewport_set_scaling_3d_mode (servers/rendering/renderer_viewport.cpp:979)
ERROR: FSR1 is only available when using the Forward+ renderer.
   at: viewport_set_scaling_3d_mode (servers/rendering/renderer_viewport.cpp:979)
ERROR: FSR1 is only available when using the Forward+ renderer.
   at: viewport_set_scaling_3d_mode (servers/rendering/renderer_viewport.cpp:979)
ERROR: FSR1 is only available when using the Forward+ renderer.
   at: viewport_set_scaling_3d_mode (servers/rendering/renderer_viewport.cpp:979)
ERROR: FSR1 is only available when using the Forward+ renderer.
   at: viewport_set_scaling_3d_mode (servers/rendering/renderer_viewport.cpp:979)
ERROR: FSR1 is only available when using the Forward+ renderer.
   at: viewport_set_scaling_3d_mode (servers/rendering/renderer_viewport.cpp:979)
ERROR: FSR1 is only available when using the Forward+ renderer.
   at: viewport_set_scaling_3d_mode (servers/rendering/renderer_viewport.cpp:979)
ERROR: FSR1 is only available when using the Forward+ renderer.
   at: viewport_set_scaling_3d_mode (servers/rendering/renderer_viewport.cpp:979)
ERROR: FSR1 is only available when using the Forward+ renderer.
   at: viewport_set_scaling_3d_mode (servers/rendering/renderer_viewport.cpp:979)
ERROR: FSR1 is only available when using the Forward+ renderer.
   at: viewport_set_scaling_3d_mode (servers/rendering/renderer_viewport.cpp:979)
ERROR: FSR1 is only available when using the Forward+ renderer.
   at: viewport_set_scaling_3d_mode (servers/rendering/renderer_viewport.cpp:979)
ERROR: FSR1 is only available when using the Forward+ renderer.
   at: viewport_set_scaling_3d_mode (servers/rendering/renderer_viewport.cpp:979)
ERROR: FSR1 is only available when using the Forward+ renderer.
   at: viewport_set_scaling_3d_mode (servers/rendering/renderer_viewport.cpp:979)
ERROR: FSR1 is only available when using the Forward+ renderer.
   at: viewport_set_scaling_3d_mode (servers/rendering/renderer_viewport.cpp:979)
ERROR: FSR1 is only available when using the Forward+ renderer.
   at: viewport_set_scaling_3d_mode (servers/rendering/renderer_viewport.cpp:979)
ERROR: FSR1 is only available when using the Forward+ renderer.
   at: viewport_set_scaling_3d_mode (servers/rendering/renderer_viewport.cpp:979)
ERROR: FSR1 is only available when using the Forward+ renderer.
   at: viewport_set_scaling_3d_mode (servers/rendering/renderer_viewport.cpp:979)
ERROR: FSR1 is only available when using the Forward+ renderer.
   at: viewport_set_scaling_3d_mode (servers/rendering/renderer_viewport.cpp:979)
ERROR: FSR1 is only available when using the Forward+ renderer.
   at: viewport_set_scaling_3d_mode (servers/rendering/renderer_viewport.cpp:979)
ERROR: FSR1 is only available when using the Forward+ renderer.
   at: viewport_set_scaling_3d_mode (servers/rendering/renderer_viewport.cpp:979)
ERROR: FSR1 is only available when using the Forward+ renderer.
   at: viewport_set_scaling_3d_mode (servers/rendering/renderer_viewport.cpp:979)
ERROR: FSR1 is only available when using the Forward+ renderer.
   at: viewport_set_scaling_3d_mode (servers/rendering/renderer_viewport.cpp:979)
ERROR: FSR1 is only available when using the Forward+ renderer.
   at: viewport_set_scaling_3d_mode (servers/rendering/renderer_viewport.cpp:979)
ERROR: FSR1 is only available when using the Forward+ renderer.
   at: viewport_set_scaling_3d_mode (servers/rendering/renderer_viewport.cpp:979)
ERROR: FSR1 is only available when using the Forward+ renderer.
   at: viewport_set_scaling_3d_mode (servers/rendering/renderer_viewport.cpp:979)
ERROR: FSR1 is only available when using the Forward+ renderer.
   at: viewport_set_scaling_3d_mode (servers/rendering/renderer_viewport.cpp:979)
ERROR: FSR1 is only available when using the Forward+ renderer.
   at: viewport_set_scaling_3d_mode (servers/rendering/renderer_viewport.cpp:979)
ERROR: FSR1 is only available when using the Forward+ renderer.
   at: viewport_set_scaling_3d_mode (servers/rendering/renderer_viewport.cpp:979)
ERROR: FSR1 is only available when using the Forward+ renderer.
   at: viewport_set_scaling_3d_mode (servers/rendering/renderer_viewport.cpp:979)
ERROR: FSR1 is only available when using the Forward+ renderer.
   at: viewport_set_scaling_3d_mode (servers/rendering/renderer_viewport.cpp:979)
ERROR: FSR1 is only available when using the Forward+ renderer.
   at: viewport_set_scaling_3d_mode (servers/rendering/renderer_viewport.cpp:979)
ERROR: FSR1 is only available when using the Forward+ renderer.
   at: viewport_set_scaling_3d_mode (servers/rendering/renderer_viewport.cpp:979)
ERROR: FSR1 is only available when using the Forward+ renderer.
   at: viewport_set_scaling_3d_mode (servers/rendering/renderer_viewport.cpp:979)
ERROR: FSR1 is only available when using the Forward+ renderer.
   at: viewport_set_scaling_3d_mode (servers/rendering/renderer_viewport.cpp:979)
ERROR: FSR1 is only available when using the Forward+ renderer.
   at: viewport_set_scaling_3d_mode (servers/rendering/renderer_viewport.cpp:979)
[   0% ] [90m[1mfirst_scan_filesystem[22m | Started Project initialization (5 steps)[39m[0m
[   0% ] [90m[1mfirst_scan_filesystem[22m | Scanning file structure...[39m[0m
[  16% ] [90m[1mfirst_scan_filesystem[22m | Loading global class names...[39m[0m
[  33% ] [90m[1mfirst_scan_filesystem[22m | Verifying GDExtensions...[39m[0m
[  50% ] [90m[1mfirst_scan_filesystem[22m | Creating autoload scripts...[39m[0m
[  66% ] [90m[1mfirst_scan_filesystem[22m | Initializing plugins...[39m[0m
[  83% ] [90m[1mfirst_scan_filesystem[22m | Starting file scan...[39m[0m
[92m[ DONE ][39m [1mfirst_scan_filesystem[22m
[0m
WARNING: Missing .uid file for path "res://core/OrionTransitionState.gd". The file was re-created from cache.
     at: _process_file_system (editor/file_system/editor_file_system.cpp:1363)
WARNING: Missing .uid file for path "res://entities/player/third_person/EliasThirdPersonPreview.gd". The file was re-created from cache.
     at: _process_file_system (editor/file_system/editor_file_system.cpp:1363)
WARNING: Missing .uid file for path "res://entities/player/Player.gd". The file was re-created from cache.
     at: _process_file_system (editor/file_system/editor_file_system.cpp:1363)
WARNING: Missing .uid file for path "res://levels/AssetPassKit.gd". The file was re-created from cache.
     at: _process_file_system (editor/file_system/editor_file_system.cpp:1363)
WARNING: Missing .uid file for path "res://levels/CartographicAnchors.gd". The file was re-created from cache.
     at: _process_file_system (editor/file_system/editor_file_system.cpp:1363)
WARNING: Missing .uid file for path "res://levels/DaylightValley.gd". The file was re-created from cache.
     at: _process_file_system (editor/file_system/editor_file_system.cpp:1363)
WARNING: Missing .uid file for path "res://levels/ExplorableMountains.gd". The file was re-created from cache.
     at: _process_file_system (editor/file_system/editor_file_system.cpp:1363)
WARNING: Missing .uid file for path "res://levels/ForestLakeRegion.gd". The file was re-created from cache.
     at: _process_file_system (editor/file_system/editor_file_system.cpp:1363)
WARNING: Missing .uid file for path "res://levels/ForestSector3D.gd". The file was re-created from cache.
     at: _process_file_system (editor/file_system/editor_file_system.cpp:1363)
WARNING: Missing .uid file for path "res://levels/HighlandRegion.gd". The file was re-created from cache.
     at: _process_file_system (editor/file_system/editor_file_system.cpp:1363)
WARNING: Missing .uid file for path "res://levels/LevelEnvironment.gd". The file was re-created from cache.
     at: _process_file_system (editor/file_system/editor_file_system.cpp:1363)
WARNING: Missing .uid file for path "res://levels/OrganicRuinKit.gd". The file was re-created from cache.
     at: _process_file_system (editor/file_system/editor_file_system.cpp:1363)
WARNING: Missing .uid file for path "res://levels/OrionDestinationRegion.gd". The file was re-created from cache.
     at: _process_file_system (editor/file_system/editor_file_system.cpp:1363)
WARNING: Missing .uid file for path "res://levels/OrionInterior.gd". The file was re-created from cache.
     at: _process_file_system (editor/file_system/editor_file_system.cpp:1363)
WARNING: Missing .uid file for path "res://levels/OrionInteriorThreshold.gd". The file was re-created from cache.
     at: _process_file_system (editor/file_system/editor_file_system.cpp:1363)
WARNING: Missing .uid file for path "res://levels/RegionalCinematicDirector.gd". The file was re-created from cache.
     at: _process_file_system (editor/file_system/editor_file_system.cpp:1363)
WARNING: Missing .uid file for path "res://levels/RiverRoadJourney.gd". The file was re-created from cache.
     at: _process_file_system (editor/file_system/editor_file_system.cpp:1363)
WARNING: Missing .uid file for path "res://levels/RouteCurveProfile.gd". The file was re-created from cache.
     at: _process_file_system (editor/file_system/editor_file_system.cpp:1363)
WARNING: Missing .uid file for path "res://levels/SanctuaryInterior.gd". The file was re-created from cache.
     at: _process_file_system (editor/file_system/editor_file_system.cpp:1363)
WARNING: Missing .uid file for path "res://levels/SanctuarySlice.gd". The file was re-created from cache.
     at: _process_file_system (editor/file_system/editor_file_system.cpp:1363)
WARNING: Missing .uid file for path "res://levels/TempleLevel.gd". The file was re-created from cache.
     at: _process_file_system (editor/file_system/editor_file_system.cpp:1363)
WARNING: Missing .uid file for path "res://levels/TerrainPatch.gd". The file was re-created from cache.
     at: _process_file_system (editor/file_system/editor_file_system.cpp:1363)
WARNING: Missing .uid file for path "res://levels/ValleyBiome.gd". The file was re-created from cache.
     at: _process_file_system (editor/file_system/editor_file_system.cpp:1363)
WARNING: Missing .uid file for path "res://levels/VossHouse.gd". The file was re-created from cache.
     at: _process_file_system (editor/file_system/editor_file_system.cpp:1363)
WARNING: Missing .uid file for path "res://ui/menus/CartographicMapUI.gd". The file was re-created from cache.
     at: _process_file_system (editor/file_system/editor_file_system.cpp:1363)
WARNING: Missing .uid file for path "res://ui/menus/MainMenu.gd". The file was re-created from cache.
     at: _process_file_system (editor/file_system/editor_file_system.cpp:1363)
WARNING: Missing .uid file for path "res://ui/menus/PauseMenu.gd". The file was re-created from cache.
     at: _process_file_system (editor/file_system/editor_file_system.cpp:1363)
WARNING: Missing .uid file for path "res://qa_cp265_world_presence.gd". The file was re-created from cache.
     at: _process_file_system (editor/file_system/editor_file_system.cpp:1363)
WARNING: Missing .uid file for path "res://qa_lake_stela_probe.gd". The file was re-created from cache.
     at: _process_file_system (editor/file_system/editor_file_system.cpp:1363)
WARNING: Missing .uid file for path "res://qa_majestic_stela_probe.gd". The file was re-created from cache.
     at: _process_file_system (editor/file_system/editor_file_system.cpp:1363)
[   0% ] [90m[1mupdate_scripts_classes[22m | Started Registering global classes... (20 steps)[39m[0m
[   0% ] [90m[1mupdate_scripts_classes[22m | EliasThirdPersonPresentation[39m[0m
[   4% ] [90m[1mupdate_scripts_classes[22m | [39m[0m
[   9% ] [90m[1mupdate_scripts_classes[22m | CartographicGroundingSystem[39m[0m
[  14% ] [90m[1mupdate_scripts_classes[22m | CartographicHeightContracts[39m[0m
[  19% ] [90m[1mupdate_scripts_classes[22m | [39m[0m
[  23% ] [90m[1mupdate_scripts_classes[22m | CartographicLandmarkObjects[39m[0m
[  28% ] [90m[1mupdate_scripts_classes[22m | [39m[0m
[  33% ] [90m[1mupdate_scripts_classes[22m | CartographicPlacementSystem[39m[0m
[  38% ] [90m[1mupdate_scripts_classes[22m | [39m[0m
[  42% ] [90m[1mupdate_scripts_classes[22m | DenseForestPortalPreview[39m[0m
[  47% ] [90m[1mupdate_scripts_classes[22m | [39m[0m
[  52% ] [90m[1mupdate_scripts_classes[22m | [39m[0m
[  57% ] [90m[1mupdate_scripts_classes[22m | [39m[0m
[  61% ] [90m[1mupdate_scripts_classes[22m | [39m[0m
[  66% ] [90m[1mupdate_scripts_classes[22m | [39m[0m
[  71% ] [90m[1mupdate_scripts_classes[22m | [39m[0m
[  76% ] [90m[1mupdate_scripts_classes[22m | SubmergedRuinsPierPreview[39m[0m
[  80% ] [90m[1mupdate_scripts_classes[22m | [39m[0m
[  85% ] [90m[1mupdate_scripts_classes[22m | [39m[0m
[  90% ] [90m[1mupdate_scripts_classes[22m | [39m[0m
[92m[ DONE ][39m [1mupdate_scripts_classes[22m
[0m
[   0% ] [90m[1mloading_editor_layout[22m | Started Loading editor (5 steps)[39m[0m
[   0% ] [90m[1mloading_editor_layout[22m | Loading editor layout...[39m[0m
[92m[ DONE ][39m [1mloading_editor_layout[22m
[0m
