LOCAL_HEAD=de65951
REMOTE_HEAD=de65951
AHEAD_BEHIND=0	0
REMOTE=de65951 chore(dev5): open gamma pre decision integrity audit cp d5 734
REMOTE=20e0f24 test(dev5): preserve gamma pre promotion package cp d5 733
REMOTE=481a6e8 chore(dev5): open gamma pre promotion package preservation cp d5 733
REMOTE=8f2434d test(dev5): monitor gamma conditional promotion cp d5 732
REMOTE=ba43d88 chore(dev5): open gamma conditional promotion monitoring cp d5 732
REMOTE=d467524 test(dev5): retain gamma promotion gate cp d5 731
REMOTE=ef82c53 chore(dev5): open gamma promotion gate retention cp d5 731
REMOTE=b633304 test(dev5): verify gamma conditional promotion availability cp d5 730
REMOTE=603c076 chore(dev5): open gamma conditional promotion availability cp d5 730
REMOTE=2e99ef8 test(dev5): monitor gamma post promotion boundary cp d5 729
PRESENT=diretor_orientacoes/CP_D5_733_RELATORIO_PRESERVACAO_PRE_PROMOCAO.md
PRESENT=diretor_orientacoes/CP-D5-733_PRE_PROMOTION.log
PRESENT=diretor_orientacoes/CP-D5-733_SHA256SUMS.txt
PRESENT=diretor_orientacoes/CP_D5_732_RELATORIO_MONITORIZACAO_PROMOCAO_CONDICIONADA.md
PRESENT=diretor_orientacoes/CP-D5-732_SHA256SUMS.txt
PRESENT=levels/dev5/GammaR4R5R6MirrorPreview.tscn
PRESENT=levels/dev5/GammaR5PropGroundingPreview.tscn
PRESENT=levels/dev5/GammaR5R6TransitionPreview.tscn
UNTRACKED_TOTAL=98
STAGED_COUNT=0
MODIFIED_COUNT=0
DIFF_CHECK=passed
PRE_DECISION_INTEGRITY=preserved
CHECKSUM_CHAIN=present
UNTRACKED_PROMOTION=false
CONDITIONAL_CHANGES_PROMOTED=false
Godot Engine v4.5.1.stable.official.f62fdbde1 - https://godotengine.org
WARNING: Started the engine as `root`/superuser. This is a security risk, and subsystems like audio may not work correctly.
Set the environment variable `GODOT_SILENCE_ROOT_WARNING` to 1 to silence this warning.
     at: setup2 (main/main.cpp:3421)

ERROR: FSR1 is only available when using the Forward+ renderer.
   at: viewport_set_scaling_3d_mode (servers/rendering/renderer_viewport.cpp:979)
ERROR: FSR1 is only available when using the Forward+ renderer.
   at: viewport_set_scaling_3d_mode (servers/rendering/renderer_viewport.cpp:979)
ERROR: FSR1 is only available when using the Forward+ renderer.
   at: viewport_set_scaling_3d_mode (servers/rendering/renderer_viewport.cpp:979)
ERROR: FSR1 is only available when using the Forward+ renderer.
   at: viewport_set_scaling_3d_mode (servers/rendering/renderer_viewport.cpp:979)
ERROR: FSR1 is only available when using the Forward+ renderer.
   at: viewport_set_scaling_3d_mode (servers/rendering/renderer_viewport.cpp:979)
ERROR: FSR1 is only available when using the Forward+ renderer.
   at: viewport_set_scaling_3d_mode (servers/rendering/renderer_viewport.cpp:979)
ERROR: FSR1 is only available when using the Forward+ renderer.
   at: viewport_set_scaling_3d_mode (servers/rendering/renderer_viewport.cpp:979)
ERROR: FSR1 is only available when using the Forward+ renderer.
   at: viewport_set_scaling_3d_mode (servers/rendering/renderer_viewport.cpp:979)
ERROR: FSR1 is only available when using the Forward+ renderer.
   at: viewport_set_scaling_3d_mode (servers/rendering/renderer_viewport.cpp:979)
ERROR: FSR1 is only available when using the Forward+ renderer.
   at: viewport_set_scaling_3d_mode (servers/rendering/renderer_viewport.cpp:979)
ERROR: FSR1 is only available when using the Forward+ renderer.
   at: viewport_set_scaling_3d_mode (servers/rendering/renderer_viewport.cpp:979)
ERROR: FSR1 is only available when using the Forward+ renderer.
   at: viewport_set_scaling_3d_mode (servers/rendering/renderer_viewport.cpp:979)
ERROR: FSR1 is only available when using the Forward+ renderer.
   at: viewport_set_scaling_3d_mode (servers/rendering/renderer_viewport.cpp:979)
ERROR: FSR1 is only available when using the Forward+ renderer.
   at: viewport_set_scaling_3d_mode (servers/rendering/renderer_viewport.cpp:979)
ERROR: FSR1 is only available when using the Forward+ renderer.
   at: viewport_set_scaling_3d_mode (servers/rendering/renderer_viewport.cpp:979)
ERROR: FSR1 is only available when using the Forward+ renderer.
   at: viewport_set_scaling_3d_mode (servers/rendering/renderer_viewport.cpp:979)
ERROR: FSR1 is only available when using the Forward+ renderer.
   at: viewport_set_scaling_3d_mode (servers/rendering/renderer_viewport.cpp:979)
ERROR: FSR1 is only available when using the Forward+ renderer.
   at: viewport_set_scaling_3d_mode (servers/rendering/renderer_viewport.cpp:979)
ERROR: FSR1 is only available when using the Forward+ renderer.
   at: viewport_set_scaling_3d_mode (servers/rendering/renderer_viewport.cpp:979)
ERROR: FSR1 is only available when using the Forward+ renderer.
   at: viewport_set_scaling_3d_mode (servers/rendering/renderer_viewport.cpp:979)
ERROR: FSR1 is only available when using the Forward+ renderer.
   at: viewport_set_scaling_3d_mode (servers/rendering/renderer_viewport.cpp:979)
ERROR: FSR1 is only available when using the Forward+ renderer.
   at: viewport_set_scaling_3d_mode (servers/rendering/renderer_viewport.cpp:979)
ERROR: FSR1 is only available when using the Forward+ renderer.
   at: viewport_set_scaling_3d_mode (servers/rendering/renderer_viewport.cpp:979)
ERROR: FSR1 is only available when using the Forward+ renderer.
   at: viewport_set_scaling_3d_mode (servers/rendering/renderer_viewport.cpp:979)
ERROR: FSR1 is only available when using the Forward+ renderer.
   at: viewport_set_scaling_3d_mode (servers/rendering/renderer_viewport.cpp:979)
ERROR: FSR1 is only available when using the Forward+ renderer.
   at: viewport_set_scaling_3d_mode (servers/rendering/renderer_viewport.cpp:979)
ERROR: FSR1 is only available when using the Forward+ renderer.
   at: viewport_set_scaling_3d_mode (servers/rendering/renderer_viewport.cpp:979)
ERROR: FSR1 is only available when using the Forward+ renderer.
   at: viewport_set_scaling_3d_mode (servers/rendering/renderer_viewport.cpp:979)
ERROR: FSR1 is only available when using the Forward+ renderer.
   at: viewport_set_scaling_3d_mode (servers/rendering/renderer_viewport.cpp:979)
ERROR: FSR1 is only available when using the Forward+ renderer.
   at: viewport_set_scaling_3d_mode (servers/rendering/renderer_viewport.cpp:979)
ERROR: FSR1 is only available when using the Forward+ renderer.
   at: viewport_set_scaling_3d_mode (servers/rendering/renderer_viewport.cpp:979)
ERROR: FSR1 is only available when using the Forward+ renderer.
   at: viewport_set_scaling_3d_mode (servers/rendering/renderer_viewport.cpp:979)
ERROR: FSR1 is only available when using the Forward+ renderer.
   at: viewport_set_scaling_3d_mode (servers/rendering/renderer_viewport.cpp:979)
ERROR: FSR1 is only available when using the Forward+ renderer.
   at: viewport_set_scaling_3d_mode (servers/rendering/renderer_viewport.cpp:979)
ERROR: FSR1 is only available when using the Forward+ renderer.
   at: viewport_set_scaling_3d_mode (servers/rendering/renderer_viewport.cpp:979)
ERROR: FSR1 is only available when using the Forward+ renderer.
   at: viewport_set_scaling_3d_mode (servers/rendering/renderer_viewport.cpp:979)
ERROR: FSR1 is only available when using the Forward+ renderer.
   at: viewport_set_scaling_3d_mode (servers/rendering/renderer_viewport.cpp:979)
ERROR: FSR1 is only available when using the Forward+ renderer.
   at: viewport_set_scaling_3d_mode (servers/rendering/renderer_viewport.cpp:979)
ERROR: FSR1 is only available when using the Forward+ renderer.
   at: viewport_set_scaling_3d_mode (servers/rendering/renderer_viewport.cpp:979)
ERROR: FSR1 is only available when using the Forward+ renderer.
   at: viewport_set_scaling_3d_mode (servers/rendering/renderer_viewport.cpp:979)
ERROR: FSR1 is only available when using the Forward+ renderer.
   at: viewport_set_scaling_3d_mode (servers/rendering/renderer_viewport.cpp:979)
ERROR: FSR1 is only available when using the Forward+ renderer.
   at: viewport_set_scaling_3d_mode (servers/rendering/renderer_viewport.cpp:979)
ERROR: FSR1 is only available when using the Forward+ renderer.
   at: viewport_set_scaling_3d_mode (servers/rendering/renderer_viewport.cpp:979)
ERROR: FSR1 is only available when using the Forward+ renderer.
   at: viewport_set_scaling_3d_mode (servers/rendering/renderer_viewport.cpp:979)
ERROR: FSR1 is only available when using the Forward+ renderer.
   at: viewport_set_scaling_3d_mode (servers/rendering/renderer_viewport.cpp:979)
ERROR: FSR1 is only available when using the Forward+ renderer.
   at: viewport_set_scaling_3d_mode (servers/rendering/renderer_viewport.cpp:979)
ERROR: FSR1 is only available when using the Forward+ renderer.
   at: viewport_set_scaling_3d_mode (servers/rendering/renderer_viewport.cpp:979)
ERROR: FSR1 is only available when using the Forward+ renderer.
   at: viewport_set_scaling_3d_mode (servers/rendering/renderer_viewport.cpp:979)
ERROR: FSR1 is only available when using the Forward+ renderer.
   at: viewport_set_scaling_3d_mode (servers/rendering/renderer_viewport.cpp:979)
ERROR: FSR1 is only available when using the Forward+ renderer.
   at: viewport_set_scaling_3d_mode (servers/rendering/renderer_viewport.cpp:979)
ERROR: FSR1 is only available when using the Forward+ renderer.
   at: viewport_set_scaling_3d_mode (servers/rendering/renderer_viewport.cpp:979)
ERROR: FSR1 is only available when using the Forward+ renderer.
   at: viewport_set_scaling_3d_mode (servers/rendering/renderer_viewport.cpp:979)
ERROR: FSR1 is only available when using the Forward+ renderer.
   at: viewport_set_scaling_3d_mode (servers/rendering/renderer_viewport.cpp:979)
ERROR: FSR1 is only available when using the Forward+ renderer.
   at: viewport_set_scaling_3d_mode (servers/rendering/renderer_viewport.cpp:979)
ERROR: FSR1 is only available when using the Forward+ renderer.
   at: viewport_set_scaling_3d_mode (servers/rendering/renderer_viewport.cpp:979)
ERROR: FSR1 is only available when using the Forward+ renderer.
   at: viewport_set_scaling_3d_mode (servers/rendering/renderer_viewport.cpp:979)
ERROR: FSR1 is only available when using the Forward+ renderer.
   at: viewport_set_scaling_3d_mode (servers/rendering/renderer_viewport.cpp:979)
ERROR: FSR1 is only available when using the Forward+ renderer.
   at: viewport_set_scaling_3d_mode (servers/rendering/renderer_viewport.cpp:979)
ERROR: FSR1 is only available when using the Forward+ renderer.
   at: viewport_set_scaling_3d_mode (servers/rendering/renderer_viewport.cpp:979)
ERROR: FSR1 is only available when using the Forward+ renderer.
   at: viewport_set_scaling_3d_mode (servers/rendering/renderer_viewport.cpp:979)
ERROR: FSR1 is only available when using the Forward+ renderer.
   at: viewport_set_scaling_3d_mode (servers/rendering/renderer_viewport.cpp:979)
ERROR: FSR1 is only available when using the Forward+ renderer.
   at: viewport_set_scaling_3d_mode (servers/rendering/renderer_viewport.cpp:979)
ERROR: FSR1 is only available when using the Forward+ renderer.
   at: viewport_set_scaling_3d_mode (servers/rendering/renderer_viewport.cpp:979)
ERROR: FSR1 is only available when using the Forward+ renderer.
   at: viewport_set_scaling_3d_mode (servers/rendering/renderer_viewport.cpp:979)
ERROR: FSR1 is only available when using the Forward+ renderer.
   at: viewport_set_scaling_3d_mode (servers/rendering/renderer_viewport.cpp:979)
ERROR: FSR1 is only available when using the Forward+ renderer.
   at: viewport_set_scaling_3d_mode (servers/rendering/renderer_viewport.cpp:979)
ERROR: FSR1 is only available when using the Forward+ renderer.
   at: viewport_set_scaling_3d_mode (servers/rendering/renderer_viewport.cpp:979)
ERROR: FSR1 is only available when using the Forward+ renderer.
   at: viewport_set_scaling_3d_mode (servers/rendering/renderer_viewport.cpp:979)
ERROR: FSR1 is only available when using the Forward+ renderer.
   at: viewport_set_scaling_3d_mode (servers/rendering/renderer_viewport.cpp:979)
ERROR: FSR1 is only available when using the Forward+ renderer.
   at: viewport_set_scaling_3d_mode (servers/rendering/renderer_viewport.cpp:979)
ERROR: FSR1 is only available when using the Forward+ renderer.
   at: viewport_set_scaling_3d_mode (servers/rendering/renderer_viewport.cpp:979)
ERROR: FSR1 is only available when using the Forward+ renderer.
   at: viewport_set_scaling_3d_mode (servers/rendering/renderer_viewport.cpp:979)
ERROR: FSR1 is only available when using the Forward+ renderer.
   at: viewport_set_scaling_3d_mode (servers/rendering/renderer_viewport.cpp:979)
ERROR: FSR1 is only available when using the Forward+ renderer.
   at: viewport_set_scaling_3d_mode (servers/rendering/renderer_viewport.cpp:979)
ERROR: FSR1 is only available when using the Forward+ renderer.
   at: viewport_set_scaling_3d_mode (servers/rendering/renderer_viewport.cpp:979)
ERROR: FSR1 is only available when using the Forward+ renderer.
   at: viewport_set_scaling_3d_mode (servers/rendering/renderer_viewport.cpp:979)
ERROR: FSR1 is only available when using the Forward+ renderer.
   at: viewport_set_scaling_3d_mode (servers/rendering/renderer_viewport.cpp:979)
ERROR: FSR1 is only available when using the Forward+ renderer.
   at: viewport_set_scaling_3d_mode (servers/rendering/renderer_viewport.cpp:979)
ERROR: FSR1 is only available when using the Forward+ renderer.
   at: viewport_set_scaling_3d_mode (servers/rendering/renderer_viewport.cpp:979)
ERROR: FSR1 is only available when using the Forward+ renderer.
   at: viewport_set_scaling_3d_mode (servers/rendering/renderer_viewport.cpp:979)
ERROR: FSR1 is only available when using the Forward+ renderer.
   at: viewport_set_scaling_3d_mode (servers/rendering/renderer_viewport.cpp:979)
ERROR: FSR1 is only available when using the Forward+ renderer.
   at: viewport_set_scaling_3d_mode (servers/rendering/renderer_viewport.cpp:979)
ERROR: FSR1 is only available when using the Forward+ renderer.
   at: viewport_set_scaling_3d_mode (servers/rendering/renderer_viewport.cpp:979)
ERROR: FSR1 is only available when using the Forward+ renderer.
   at: viewport_set_scaling_3d_mode (servers/rendering/renderer_viewport.cpp:979)
ERROR: FSR1 is only available when using the Forward+ renderer.
   at: viewport_set_scaling_3d_mode (servers/rendering/renderer_viewport.cpp:979)
ERROR: FSR1 is only available when using the Forward+ renderer.
   at: viewport_set_scaling_3d_mode (servers/rendering/renderer_viewport.cpp:979)
ERROR: FSR1 is only available when using the Forward+ renderer.
   at: viewport_set_scaling_3d_mode (servers/rendering/renderer_viewport.cpp:979)
ERROR: FSR1 is only available when using the Forward+ renderer.
   at: viewport_set_scaling_3d_mode (servers/rendering/renderer_viewport.cpp:979)
ERROR: FSR1 is only available when using the Forward+ renderer.
   at: viewport_set_scaling_3d_mode (servers/rendering/renderer_viewport.cpp:979)
ERROR: FSR1 is only available when using the Forward+ renderer.
   at: viewport_set_scaling_3d_mode (servers/rendering/renderer_viewport.cpp:979)
ERROR: FSR1 is only available when using the Forward+ renderer.
   at: viewport_set_scaling_3d_mode (servers/rendering/renderer_viewport.cpp:979)
ERROR: FSR1 is only available when using the Forward+ renderer.
   at: viewport_set_scaling_3d_mode (servers/rendering/renderer_viewport.cpp:979)
ERROR: FSR1 is only available when using the Forward+ renderer.
   at: viewport_set_scaling_3d_mode (servers/rendering/renderer_viewport.cpp:979)
ERROR: FSR1 is only available when using the Forward+ renderer.
   at: viewport_set_scaling_3d_mode (servers/rendering/renderer_viewport.cpp:979)
ERROR: FSR1 is only available when using the Forward+ renderer.
   at: viewport_set_scaling_3d_mode (servers/rendering/renderer_viewport.cpp:979)
ERROR: FSR1 is only available when using the Forward+ renderer.
   at: viewport_set_scaling_3d_mode (servers/rendering/renderer_viewport.cpp:979)
ERROR: FSR1 is only available when using the Forward+ renderer.
   at: viewport_set_scaling_3d_mode (servers/rendering/renderer_viewport.cpp:979)
ERROR: FSR1 is only available when using the Forward+ renderer.
   at: viewport_set_scaling_3d_mode (servers/rendering/renderer_viewport.cpp:979)
ERROR: FSR1 is only available when using the Forward+ renderer.
   at: viewport_set_scaling_3d_mode (servers/rendering/renderer_viewport.cpp:979)
ERROR: FSR1 is only available when using the Forward+ renderer.
   at: viewport_set_scaling_3d_mode (servers/rendering/renderer_viewport.cpp:979)
ERROR: FSR1 is only available when using the Forward+ renderer.
   at: viewport_set_scaling_3d_mode (servers/rendering/renderer_viewport.cpp:979)
ERROR: FSR1 is only available when using the Forward+ renderer.
   at: viewport_set_scaling_3d_mode (servers/rendering/renderer_viewport.cpp:979)
ERROR: FSR1 is only available when using the Forward+ renderer.
   at: viewport_set_scaling_3d_mode (servers/rendering/renderer_viewport.cpp:979)
ERROR: FSR1 is only available when using the Forward+ renderer.
   at: viewport_set_scaling_3d_mode (servers/rendering/renderer_viewport.cpp:979)
ERROR: FSR1 is only available when using the Forward+ renderer.
   at: viewport_set_scaling_3d_mode (servers/rendering/renderer_viewport.cpp:979)
ERROR: FSR1 is only available when using the Forward+ renderer.
   at: viewport_set_scaling_3d_mode (servers/rendering/renderer_viewport.cpp:979)
ERROR: FSR1 is only available when using the Forward+ renderer.
   at: viewport_set_scaling_3d_mode (servers/rendering/renderer_viewport.cpp:979)
ERROR: FSR1 is only available when using the Forward+ renderer.
   at: viewport_set_scaling_3d_mode (servers/rendering/renderer_viewport.cpp:979)
ERROR: FSR1 is only available when using the Forward+ renderer.
   at: viewport_set_scaling_3d_mode (servers/rendering/renderer_viewport.cpp:979)
ERROR: FSR1 is only available when using the Forward+ renderer.
   at: viewport_set_scaling_3d_mode (servers/rendering/renderer_viewport.cpp:979)
ERROR: FSR1 is only available when using the Forward+ renderer.
   at: viewport_set_scaling_3d_mode (servers/rendering/renderer_viewport.cpp:979)
ERROR: FSR1 is only available when using the Forward+ renderer.
   at: viewport_set_scaling_3d_mode (servers/rendering/renderer_viewport.cpp:979)
ERROR: FSR1 is only available when using the Forward+ renderer.
   at: viewport_set_scaling_3d_mode (servers/rendering/renderer_viewport.cpp:979)
ERROR: FSR1 is only available when using the Forward+ renderer.
   at: viewport_set_scaling_3d_mode (servers/rendering/renderer_viewport.cpp:979)
ERROR: FSR1 is only available when using the Forward+ renderer.
   at: viewport_set_scaling_3d_mode (servers/rendering/renderer_viewport.cpp:979)
ERROR: FSR1 is only available when using the Forward+ renderer.
   at: viewport_set_scaling_3d_mode (servers/rendering/renderer_viewport.cpp:979)
ERROR: FSR1 is only available when using the Forward+ renderer.
   at: viewport_set_scaling_3d_mode (servers/rendering/renderer_viewport.cpp:979)
ERROR: FSR1 is only available when using the Forward+ renderer.
   at: viewport_set_scaling_3d_mode (servers/rendering/renderer_viewport.cpp:979)
ERROR: FSR1 is only available when using the Forward+ renderer.
   at: viewport_set_scaling_3d_mode (servers/rendering/renderer_viewport.cpp:979)
ERROR: FSR1 is only available when using the Forward+ renderer.
   at: viewport_set_scaling_3d_mode (servers/rendering/renderer_viewport.cpp:979)
ERROR: FSR1 is only available when using the Forward+ renderer.
   at: viewport_set_scaling_3d_mode (servers/rendering/renderer_viewport.cpp:979)
ERROR: FSR1 is only available when using the Forward+ renderer.
   at: viewport_set_scaling_3d_mode (servers/rendering/renderer_viewport.cpp:979)
ERROR: FSR1 is only available when using the Forward+ renderer.
   at: viewport_set_scaling_3d_mode (servers/rendering/renderer_viewport.cpp:979)
ERROR: FSR1 is only available when using the Forward+ renderer.
   at: viewport_set_scaling_3d_mode (servers/rendering/renderer_viewport.cpp:979)
ERROR: FSR1 is only available when using the Forward+ renderer.
   at: viewport_set_scaling_3d_mode (servers/rendering/renderer_viewport.cpp:979)
ERROR: FSR1 is only available when using the Forward+ renderer.
   at: viewport_set_scaling_3d_mode (servers/rendering/renderer_viewport.cpp:979)
ERROR: FSR1 is only available when using the Forward+ renderer.
   at: viewport_set_scaling_3d_mode (servers/rendering/renderer_viewport.cpp:979)
ERROR: FSR1 is only available when using the Forward+ renderer.
   at: viewport_set_scaling_3d_mode (servers/rendering/renderer_viewport.cpp:979)
ERROR: FSR1 is only available when using the Forward+ renderer.
   at: viewport_set_scaling_3d_mode (servers/rendering/renderer_viewport.cpp:979)
ERROR: FSR1 is only available when using the Forward+ renderer.
   at: viewport_set_scaling_3d_mode (servers/rendering/renderer_viewport.cpp:979)
ERROR: FSR1 is only available when using the Forward+ renderer.
   at: viewport_set_scaling_3d_mode (servers/rendering/renderer_viewport.cpp:979)
ERROR: FSR1 is only available when using the Forward+ renderer.
   at: viewport_set_scaling_3d_mode (servers/rendering/renderer_viewport.cpp:979)
ERROR: FSR1 is only available when using the Forward+ renderer.
   at: viewport_set_scaling_3d_mode (servers/rendering/renderer_viewport.cpp:979)
ERROR: FSR1 is only available when using the Forward+ renderer.
   at: viewport_set_scaling_3d_mode (servers/rendering/renderer_viewport.cpp:979)
ERROR: FSR1 is only available when using the Forward+ renderer.
   at: viewport_set_scaling_3d_mode (servers/rendering/renderer_viewport.cpp:979)
ERROR: FSR1 is only available when using the Forward+ renderer.
   at: viewport_set_scaling_3d_mode (servers/rendering/renderer_viewport.cpp:979)
ERROR: FSR1 is only available when using the Forward+ renderer.
   at: viewport_set_scaling_3d_mode (servers/rendering/renderer_viewport.cpp:979)
ERROR: FSR1 is only available when using the Forward+ renderer.
   at: viewport_set_scaling_3d_mode (servers/rendering/renderer_viewport.cpp:979)
ERROR: FSR1 is only available when using the Forward+ renderer.
   at: viewport_set_scaling_3d_mode (servers/rendering/renderer_viewport.cpp:979)
ERROR: FSR1 is only available when using the Forward+ renderer.
   at: viewport_set_scaling_3d_mode (servers/rendering/renderer_viewport.cpp:979)
ERROR: FSR1 is only available when using the Forward+ renderer.
   at: viewport_set_scaling_3d_mode (servers/rendering/renderer_viewport.cpp:979)
ERROR: FSR1 is only available when using the Forward+ renderer.
   at: viewport_set_scaling_3d_mode (servers/rendering/renderer_viewport.cpp:979)
ERROR: FSR1 is only available when using the Forward+ renderer.
   at: viewport_set_scaling_3d_mode (servers/rendering/renderer_viewport.cpp:979)
ERROR: FSR1 is only available when using the Forward+ renderer.
   at: viewport_set_scaling_3d_mode (servers/rendering/renderer_viewport.cpp:979)
ERROR: FSR1 is only available when using the Forward+ renderer.
   at: viewport_set_scaling_3d_mode (servers/rendering/renderer_viewport.cpp:979)
ERROR: FSR1 is only available when using the Forward+ renderer.
   at: viewport_set_scaling_3d_mode (servers/rendering/renderer_viewport.cpp:979)
ERROR: FSR1 is only available when using the Forward+ renderer.
   at: viewport_set_scaling_3d_mode (servers/rendering/renderer_viewport.cpp:979)
ERROR: FSR1 is only available when using the Forward+ renderer.
   at: viewport_set_scaling_3d_mode (servers/rendering/renderer_viewport.cpp:979)
ERROR: FSR1 is only available when using the Forward+ renderer.
   at: viewport_set_scaling_3d_mode (servers/rendering/renderer_viewport.cpp:979)
ERROR: FSR1 is only available when using the Forward+ renderer.
   at: viewport_set_scaling_3d_mode (servers/rendering/renderer_viewport.cpp:979)
ERROR: FSR1 is only available when using the Forward+ renderer.
   at: viewport_set_scaling_3d_mode (servers/rendering/renderer_viewport.cpp:979)
ERROR: FSR1 is only available when using the Forward+ renderer.
   at: viewport_set_scaling_3d_mode (servers/rendering/renderer_viewport.cpp:979)
ERROR: FSR1 is only available when using the Forward+ renderer.
   at: viewport_set_scaling_3d_mode (servers/rendering/renderer_viewport.cpp:979)
ERROR: FSR1 is only available when using the Forward+ renderer.
   at: viewport_set_scaling_3d_mode (servers/rendering/renderer_viewport.cpp:979)
ERROR: FSR1 is only available when using the Forward+ renderer.
   at: viewport_set_scaling_3d_mode (servers/rendering/renderer_viewport.cpp:979)
ERROR: FSR1 is only available when using the Forward+ renderer.
   at: viewport_set_scaling_3d_mode (servers/rendering/renderer_viewport.cpp:979)
ERROR: FSR1 is only available when using the Forward+ renderer.
   at: viewport_set_scaling_3d_mode (servers/rendering/renderer_viewport.cpp:979)
ERROR: FSR1 is only available when using the Forward+ renderer.
   at: viewport_set_scaling_3d_mode (servers/rendering/renderer_viewport.cpp:979)
ERROR: FSR1 is only available when using the Forward+ renderer.
   at: viewport_set_scaling_3d_mode (servers/rendering/renderer_viewport.cpp:979)
ERROR: FSR1 is only available when using the Forward+ renderer.
   at: viewport_set_scaling_3d_mode (servers/rendering/renderer_viewport.cpp:979)
ERROR: FSR1 is only available when using the Forward+ renderer.
   at: viewport_set_scaling_3d_mode (servers/rendering/renderer_viewport.cpp:979)
ERROR: FSR1 is only available when using the Forward+ renderer.
   at: viewport_set_scaling_3d_mode (servers/rendering/renderer_viewport.cpp:979)
ERROR: FSR1 is only available when using the Forward+ renderer.
   at: viewport_set_scaling_3d_mode (servers/rendering/renderer_viewport.cpp:979)
ERROR: FSR1 is only available when using the Forward+ renderer.
   at: viewport_set_scaling_3d_mode (servers/rendering/renderer_viewport.cpp:979)
ERROR: FSR1 is only available when using the Forward+ renderer.
   at: viewport_set_scaling_3d_mode (servers/rendering/renderer_viewport.cpp:979)
ERROR: FSR1 is only available when using the Forward+ renderer.
   at: viewport_set_scaling_3d_mode (servers/rendering/renderer_viewport.cpp:979)
ERROR: FSR1 is only available when using the Forward+ renderer.
   at: viewport_set_scaling_3d_mode (servers/rendering/renderer_viewport.cpp:979)
ERROR: FSR1 is only available when using the Forward+ renderer.
   at: viewport_set_scaling_3d_mode (servers/rendering/renderer_viewport.cpp:979)
ERROR: FSR1 is only available when using the Forward+ renderer.
   at: viewport_set_scaling_3d_mode (servers/rendering/renderer_viewport.cpp:979)
ERROR: FSR1 is only available when using the Forward+ renderer.
   at: viewport_set_scaling_3d_mode (servers/rendering/renderer_viewport.cpp:979)
ERROR: FSR1 is only available when using the Forward+ renderer.
   at: viewport_set_scaling_3d_mode (servers/rendering/renderer_viewport.cpp:979)
ERROR: FSR1 is only available when using the Forward+ renderer.
   at: viewport_set_scaling_3d_mode (servers/rendering/renderer_viewport.cpp:979)
ERROR: FSR1 is only available when using the Forward+ renderer.
   at: viewport_set_scaling_3d_mode (servers/rendering/renderer_viewport.cpp:979)
ERROR: FSR1 is only available when using the Forward+ renderer.
   at: viewport_set_scaling_3d_mode (servers/rendering/renderer_viewport.cpp:979)
ERROR: FSR1 is only available when using the Forward+ renderer.
   at: viewport_set_scaling_3d_mode (servers/rendering/renderer_viewport.cpp:979)
ERROR: FSR1 is only available when using the Forward+ renderer.
   at: viewport_set_scaling_3d_mode (servers/rendering/renderer_viewport.cpp:979)
ERROR: FSR1 is only available when using the Forward+ renderer.
   at: viewport_set_scaling_3d_mode (servers/rendering/renderer_viewport.cpp:979)
ERROR: FSR1 is only available when using the Forward+ renderer.
   at: viewport_set_scaling_3d_mode (servers/rendering/renderer_viewport.cpp:979)
ERROR: FSR1 is only available when using the Forward+ renderer.
   at: viewport_set_scaling_3d_mode (servers/rendering/renderer_viewport.cpp:979)
ERROR: FSR1 is only available when using the Forward+ renderer.
   at: viewport_set_scaling_3d_mode (servers/rendering/renderer_viewport.cpp:979)
ERROR: FSR1 is only available when using the Forward+ renderer.
   at: viewport_set_scaling_3d_mode (servers/rendering/renderer_viewport.cpp:979)
ERROR: FSR1 is only available when using the Forward+ renderer.
   at: viewport_set_scaling_3d_mode (servers/rendering/renderer_viewport.cpp:979)
ERROR: FSR1 is only available when using the Forward+ renderer.
   at: viewport_set_scaling_3d_mode (servers/rendering/renderer_viewport.cpp:979)
ERROR: FSR1 is only available when using the Forward+ renderer.
   at: viewport_set_scaling_3d_mode (servers/rendering/renderer_viewport.cpp:979)
ERROR: FSR1 is only available when using the Forward+ renderer.
   at: viewport_set_scaling_3d_mode (servers/rendering/renderer_viewport.cpp:979)
ERROR: FSR1 is only available when using the Forward+ renderer.
   at: viewport_set_scaling_3d_mode (servers/rendering/renderer_viewport.cpp:979)
ERROR: FSR1 is only available when using the Forward+ renderer.
   at: viewport_set_scaling_3d_mode (servers/rendering/renderer_viewport.cpp:979)
ERROR: FSR1 is only available when using the Forward+ renderer.
   at: viewport_set_scaling_3d_mode (servers/rendering/renderer_viewport.cpp:979)
ERROR: FSR1 is only available when using the Forward+ renderer.
   at: viewport_set_scaling_3d_mode (servers/rendering/renderer_viewport.cpp:979)
ERROR: FSR1 is only available when using the Forward+ renderer.
   at: viewport_set_scaling_3d_mode (servers/rendering/renderer_viewport.cpp:979)
ERROR: FSR1 is only available when using the Forward+ renderer.
   at: viewport_set_scaling_3d_mode (servers/rendering/renderer_viewport.cpp:979)
ERROR: FSR1 is only available when using the Forward+ renderer.
   at: viewport_set_scaling_3d_mode (servers/rendering/renderer_viewport.cpp:979)
ERROR: FSR1 is only available when using the Forward+ renderer.
   at: viewport_set_scaling_3d_mode (servers/rendering/renderer_viewport.cpp:979)
ERROR: FSR1 is only available when using the Forward+ renderer.
   at: viewport_set_scaling_3d_mode (servers/rendering/renderer_viewport.cpp:979)
ERROR: FSR1 is only available when using the Forward+ renderer.
   at: viewport_set_scaling_3d_mode (servers/rendering/renderer_viewport.cpp:979)
ERROR: FSR1 is only available when using the Forward+ renderer.
   at: viewport_set_scaling_3d_mode (servers/rendering/renderer_viewport.cpp:979)
ERROR: FSR1 is only available when using the Forward+ renderer.
   at: viewport_set_scaling_3d_mode (servers/rendering/renderer_viewport.cpp:979)
ERROR: FSR1 is only available when using the Forward+ renderer.
   at: viewport_set_scaling_3d_mode (servers/rendering/renderer_viewport.cpp:979)
ERROR: FSR1 is only available when using the Forward+ renderer.
   at: viewport_set_scaling_3d_mode (servers/rendering/renderer_viewport.cpp:979)
ERROR: FSR1 is only available when using the Forward+ renderer.
   at: viewport_set_scaling_3d_mode (servers/rendering/renderer_viewport.cpp:979)
ERROR: FSR1 is only available when using the Forward+ renderer.
   at: viewport_set_scaling_3d_mode (servers/rendering/renderer_viewport.cpp:979)
ERROR: FSR1 is only available when using the Forward+ renderer.
   at: viewport_set_scaling_3d_mode (servers/rendering/renderer_viewport.cpp:979)
ERROR: FSR1 is only available when using the Forward+ renderer.
   at: viewport_set_scaling_3d_mode (servers/rendering/renderer_viewport.cpp:979)
ERROR: FSR1 is only available when using the Forward+ renderer.
   at: viewport_set_scaling_3d_mode (servers/rendering/renderer_viewport.cpp:979)
ERROR: FSR1 is only available when using the Forward+ renderer.
   at: viewport_set_scaling_3d_mode (servers/rendering/renderer_viewport.cpp:979)
ERROR: FSR1 is only available when using the Forward+ renderer.
   at: viewport_set_scaling_3d_mode (servers/rendering/renderer_viewport.cpp:979)
ERROR: FSR1 is only available when using the Forward+ renderer.
   at: viewport_set_scaling_3d_mode (servers/rendering/renderer_viewport.cpp:979)
ERROR: FSR1 is only available when using the Forward+ renderer.
   at: viewport_set_scaling_3d_mode (servers/rendering/renderer_viewport.cpp:979)
ERROR: FSR1 is only available when using the Forward+ renderer.
   at: viewport_set_scaling_3d_mode (servers/rendering/renderer_viewport.cpp:979)
ERROR: FSR1 is only available when using the Forward+ renderer.
   at: viewport_set_scaling_3d_mode (servers/rendering/renderer_viewport.cpp:979)
ERROR: FSR1 is only available when using the Forward+ renderer.
   at: viewport_set_scaling_3d_mode (servers/rendering/renderer_viewport.cpp:979)
ERROR: FSR1 is only available when using the Forward+ renderer.
   at: viewport_set_scaling_3d_mode (servers/rendering/renderer_viewport.cpp:979)
ERROR: FSR1 is only available when using the Forward+ renderer.
   at: viewport_set_scaling_3d_mode (servers/rendering/renderer_viewport.cpp:979)
ERROR: FSR1 is only available when using the Forward+ renderer.
   at: viewport_set_scaling_3d_mode (servers/rendering/renderer_viewport.cpp:979)
ERROR: FSR1 is only available when using the Forward+ renderer.
   at: viewport_set_scaling_3d_mode (servers/rendering/renderer_viewport.cpp:979)
ERROR: FSR1 is only available when using the Forward+ renderer.
   at: viewport_set_scaling_3d_mode (servers/rendering/renderer_viewport.cpp:979)
ERROR: FSR1 is only available when using the Forward+ renderer.
   at: viewport_set_scaling_3d_mode (servers/rendering/renderer_viewport.cpp:979)
ERROR: FSR1 is only available when using the Forward+ renderer.
   at: viewport_set_scaling_3d_mode (servers/rendering/renderer_viewport.cpp:979)
ERROR: FSR1 is only available when using the Forward+ renderer.
   at: viewport_set_scaling_3d_mode (servers/rendering/renderer_viewport.cpp:979)
ERROR: FSR1 is only available when using the Forward+ renderer.
   at: viewport_set_scaling_3d_mode (servers/rendering/renderer_viewport.cpp:979)
ERROR: FSR1 is only available when using the Forward+ renderer.
   at: viewport_set_scaling_3d_mode (servers/rendering/renderer_viewport.cpp:979)
ERROR: FSR1 is only available when using the Forward+ renderer.
   at: viewport_set_scaling_3d_mode (servers/rendering/renderer_viewport.cpp:979)
ERROR: FSR1 is only available when using the Forward+ renderer.
   at: viewport_set_scaling_3d_mode (servers/rendering/renderer_viewport.cpp:979)
ERROR: FSR1 is only available when using the Forward+ renderer.
   at: viewport_set_scaling_3d_mode (servers/rendering/renderer_viewport.cpp:979)
ERROR: FSR1 is only available when using the Forward+ renderer.
   at: viewport_set_scaling_3d_mode (servers/rendering/renderer_viewport.cpp:979)
ERROR: FSR1 is only available when using the Forward+ renderer.
   at: viewport_set_scaling_3d_mode (servers/rendering/renderer_viewport.cpp:979)
ERROR: FSR1 is only available when using the Forward+ renderer.
   at: viewport_set_scaling_3d_mode (servers/rendering/renderer_viewport.cpp:979)
ERROR: FSR1 is only available when using the Forward+ renderer.
   at: viewport_set_scaling_3d_mode (servers/rendering/renderer_viewport.cpp:979)
ERROR: FSR1 is only available when using the Forward+ renderer.
   at: viewport_set_scaling_3d_mode (servers/rendering/renderer_viewport.cpp:979)
ERROR: FSR1 is only available when using the Forward+ renderer.
   at: viewport_set_scaling_3d_mode (servers/rendering/renderer_viewport.cpp:979)
ERROR: FSR1 is only available when using the Forward+ renderer.
   at: viewport_set_scaling_3d_mode (servers/rendering/renderer_viewport.cpp:979)
ERROR: FSR1 is only available when using the Forward+ renderer.
   at: viewport_set_scaling_3d_mode (servers/rendering/renderer_viewport.cpp:979)
ERROR: FSR1 is only available when using the Forward+ renderer.
   at: viewport_set_scaling_3d_mode (servers/rendering/renderer_viewport.cpp:979)
ERROR: FSR1 is only available when using the Forward+ renderer.
   at: viewport_set_scaling_3d_mode (servers/rendering/renderer_viewport.cpp:979)
ERROR: FSR1 is only available when using the Forward+ renderer.
   at: viewport_set_scaling_3d_mode (servers/rendering/renderer_viewport.cpp:979)
ERROR: FSR1 is only available when using the Forward+ renderer.
   at: viewport_set_scaling_3d_mode (servers/rendering/renderer_viewport.cpp:979)
ERROR: FSR1 is only available when using the Forward+ renderer.
   at: viewport_set_scaling_3d_mode (servers/rendering/renderer_viewport.cpp:979)
ERROR: FSR1 is only available when using the Forward+ renderer.
   at: viewport_set_scaling_3d_mode (servers/rendering/renderer_viewport.cpp:979)
ERROR: FSR1 is only available when using the Forward+ renderer.
   at: viewport_set_scaling_3d_mode (servers/rendering/renderer_viewport.cpp:979)
ERROR: FSR1 is only available when using the Forward+ renderer.
   at: viewport_set_scaling_3d_mode (servers/rendering/renderer_viewport.cpp:979)
ERROR: FSR1 is only available when using the Forward+ renderer.
   at: viewport_set_scaling_3d_mode (servers/rendering/renderer_viewport.cpp:979)
ERROR: FSR1 is only available when using the Forward+ renderer.
   at: viewport_set_scaling_3d_mode (servers/rendering/renderer_viewport.cpp:979)
ERROR: FSR1 is only available when using the Forward+ renderer.
   at: viewport_set_scaling_3d_mode (servers/rendering/renderer_viewport.cpp:979)
ERROR: FSR1 is only available when using the Forward+ renderer.
   at: viewport_set_scaling_3d_mode (servers/rendering/renderer_viewport.cpp:979)
ERROR: FSR1 is only available when using the Forward+ renderer.
   at: viewport_set_scaling_3d_mode (servers/rendering/renderer_viewport.cpp:979)
ERROR: FSR1 is only available when using the Forward+ renderer.
   at: viewport_set_scaling_3d_mode (servers/rendering/renderer_viewport.cpp:979)
ERROR: FSR1 is only available when using the Forward+ renderer.
   at: viewport_set_scaling_3d_mode (servers/rendering/renderer_viewport.cpp:979)
ERROR: FSR1 is only available when using the Forward+ renderer.
   at: viewport_set_scaling_3d_mode (servers/rendering/renderer_viewport.cpp:979)
ERROR: FSR1 is only available when using the Forward+ renderer.
   at: viewport_set_scaling_3d_mode (servers/rendering/renderer_viewport.cpp:979)
ERROR: FSR1 is only available when using the Forward+ renderer.
   at: viewport_set_scaling_3d_mode (servers/rendering/renderer_viewport.cpp:979)
ERROR: FSR1 is only available when using the Forward+ renderer.
   at: viewport_set_scaling_3d_mode (servers/rendering/renderer_viewport.cpp:979)
ERROR: FSR1 is only available when using the Forward+ renderer.
   at: viewport_set_scaling_3d_mode (servers/rendering/renderer_viewport.cpp:979)
ERROR: FSR1 is only available when using the Forward+ renderer.
   at: viewport_set_scaling_3d_mode (servers/rendering/renderer_viewport.cpp:979)
ERROR: FSR1 is only available when using the Forward+ renderer.
   at: viewport_set_scaling_3d_mode (servers/rendering/renderer_viewport.cpp:979)
ERROR: FSR1 is only available when using the Forward+ renderer.
   at: viewport_set_scaling_3d_mode (servers/rendering/renderer_viewport.cpp:979)
ERROR: FSR1 is only available when using the Forward+ renderer.
   at: viewport_set_scaling_3d_mode (servers/rendering/renderer_viewport.cpp:979)
ERROR: FSR1 is only available when using the Forward+ renderer.
   at: viewport_set_scaling_3d_mode (servers/rendering/renderer_viewport.cpp:979)
ERROR: FSR1 is only available when using the Forward+ renderer.
   at: viewport_set_scaling_3d_mode (servers/rendering/renderer_viewport.cpp:979)
ERROR: FSR1 is only available when using the Forward+ renderer.
   at: viewport_set_scaling_3d_mode (servers/rendering/renderer_viewport.cpp:979)
ERROR: FSR1 is only available when using the Forward+ renderer.
   at: viewport_set_scaling_3d_mode (servers/rendering/renderer_viewport.cpp:979)
ERROR: FSR1 is only available when using the Forward+ renderer.
   at: viewport_set_scaling_3d_mode (servers/rendering/renderer_viewport.cpp:979)
ERROR: FSR1 is only available when using the Forward+ renderer.
   at: viewport_set_scaling_3d_mode (servers/rendering/renderer_viewport.cpp:979)
ERROR: FSR1 is only available when using the Forward+ renderer.
   at: viewport_set_scaling_3d_mode (servers/rendering/renderer_viewport.cpp:979)
ERROR: FSR1 is only available when using the Forward+ renderer.
   at: viewport_set_scaling_3d_mode (servers/rendering/renderer_viewport.cpp:979)
ERROR: FSR1 is only available when using the Forward+ renderer.
   at: viewport_set_scaling_3d_mode (servers/rendering/renderer_viewport.cpp:979)
ERROR: FSR1 is only available when using the Forward+ renderer.
   at: viewport_set_scaling_3d_mode (servers/rendering/renderer_viewport.cpp:979)
ERROR: FSR1 is only available when using the Forward+ renderer.
   at: viewport_set_scaling_3d_mode (servers/rendering/renderer_viewport.cpp:979)
ERROR: FSR1 is only available when using the Forward+ renderer.
   at: viewport_set_scaling_3d_mode (servers/rendering/renderer_viewport.cpp:979)
ERROR: FSR1 is only available when using the Forward+ renderer.
   at: viewport_set_scaling_3d_mode (servers/rendering/renderer_viewport.cpp:979)
ERROR: FSR1 is only available when using the Forward+ renderer.
   at: viewport_set_scaling_3d_mode (servers/rendering/renderer_viewport.cpp:979)
ERROR: FSR1 is only available when using the Forward+ renderer.
   at: viewport_set_scaling_3d_mode (servers/rendering/renderer_viewport.cpp:979)
ERROR: FSR1 is only available when using the Forward+ renderer.
   at: viewport_set_scaling_3d_mode (servers/rendering/renderer_viewport.cpp:979)
ERROR: FSR1 is only available when using the Forward+ renderer.
   at: viewport_set_scaling_3d_mode (servers/rendering/renderer_viewport.cpp:979)
ERROR: FSR1 is only available when using the Forward+ renderer.
   at: viewport_set_scaling_3d_mode (servers/rendering/renderer_viewport.cpp:979)
ERROR: FSR1 is only available when using the Forward+ renderer.
   at: viewport_set_scaling_3d_mode (servers/rendering/renderer_viewport.cpp:979)
ERROR: FSR1 is only available when using the Forward+ renderer.
   at: viewport_set_scaling_3d_mode (servers/rendering/renderer_viewport.cpp:979)
ERROR: FSR1 is only available when using the Forward+ renderer.
   at: viewport_set_scaling_3d_mode (servers/rendering/renderer_viewport.cpp:979)
ERROR: FSR1 is only available when using the Forward+ renderer.
   at: viewport_set_scaling_3d_mode (servers/rendering/renderer_viewport.cpp:979)
ERROR: FSR1 is only available when using the Forward+ renderer.
   at: viewport_set_scaling_3d_mode (servers/rendering/renderer_viewport.cpp:979)
ERROR: FSR1 is only available when using the Forward+ renderer.
   at: viewport_set_scaling_3d_mode (servers/rendering/renderer_viewport.cpp:979)
ERROR: FSR1 is only available when using the Forward+ renderer.
   at: viewport_set_scaling_3d_mode (servers/rendering/renderer_viewport.cpp:979)
ERROR: FSR1 is only available when using the Forward+ renderer.
   at: viewport_set_scaling_3d_mode (servers/rendering/renderer_viewport.cpp:979)
ERROR: FSR1 is only available when using the Forward+ renderer.
   at: viewport_set_scaling_3d_mode (servers/rendering/renderer_viewport.cpp:979)
ERROR: FSR1 is only available when using the Forward+ renderer.
   at: viewport_set_scaling_3d_mode (servers/rendering/renderer_viewport.cpp:979)
ERROR: FSR1 is only available when using the Forward+ renderer.
   at: viewport_set_scaling_3d_mode (servers/rendering/renderer_viewport.cpp:979)
ERROR: FSR1 is only available when using the Forward+ renderer.
   at: viewport_set_scaling_3d_mode (servers/rendering/renderer_viewport.cpp:979)
ERROR: FSR1 is only available when using the Forward+ renderer.
   at: viewport_set_scaling_3d_mode (servers/rendering/renderer_viewport.cpp:979)
ERROR: FSR1 is only available when using the Forward+ renderer.
   at: viewport_set_scaling_3d_mode (servers/rendering/renderer_viewport.cpp:979)
ERROR: FSR1 is only available when using the Forward+ renderer.
   at: viewport_set_scaling_3d_mode (servers/rendering/renderer_viewport.cpp:979)
ERROR: FSR1 is only available when using the Forward+ renderer.
   at: viewport_set_scaling_3d_mode (servers/rendering/renderer_viewport.cpp:979)
ERROR: FSR1 is only available when using the Forward+ renderer.
   at: viewport_set_scaling_3d_mode (servers/rendering/renderer_viewport.cpp:979)
ERROR: FSR1 is only available when using the Forward+ renderer.
   at: viewport_set_scaling_3d_mode (servers/rendering/renderer_viewport.cpp:979)
ERROR: FSR1 is only available when using the Forward+ renderer.
   at: viewport_set_scaling_3d_mode (servers/rendering/renderer_viewport.cpp:979)
ERROR: FSR1 is only available when using the Forward+ renderer.
   at: viewport_set_scaling_3d_mode (servers/rendering/renderer_viewport.cpp:979)
ERROR: FSR1 is only available when using the Forward+ renderer.
   at: viewport_set_scaling_3d_mode (servers/rendering/renderer_viewport.cpp:979)
ERROR: FSR1 is only available when using the Forward+ renderer.
   at: viewport_set_scaling_3d_mode (servers/rendering/renderer_viewport.cpp:979)
ERROR: FSR1 is only available when using the Forward+ renderer.
   at: viewport_set_scaling_3d_mode (servers/rendering/renderer_viewport.cpp:979)
ERROR: FSR1 is only available when using the Forward+ renderer.
   at: viewport_set_scaling_3d_mode (servers/rendering/renderer_viewport.cpp:979)
ERROR: FSR1 is only available when using the Forward+ renderer.
   at: viewport_set_scaling_3d_mode (servers/rendering/renderer_viewport.cpp:979)
ERROR: FSR1 is only available when using the Forward+ renderer.
   at: viewport_set_scaling_3d_mode (servers/rendering/renderer_viewport.cpp:979)
ERROR: FSR1 is only available when using the Forward+ renderer.
   at: viewport_set_scaling_3d_mode (servers/rendering/renderer_viewport.cpp:979)
ERROR: FSR1 is only available when using the Forward+ renderer.
   at: viewport_set_scaling_3d_mode (servers/rendering/renderer_viewport.cpp:979)
ERROR: FSR1 is only available when using the Forward+ renderer.
   at: viewport_set_scaling_3d_mode (servers/rendering/renderer_viewport.cpp:979)
ERROR: FSR1 is only available when using the Forward+ renderer.
   at: viewport_set_scaling_3d_mode (servers/rendering/renderer_viewport.cpp:979)
ERROR: FSR1 is only available when using the Forward+ renderer.
   at: viewport_set_scaling_3d_mode (servers/rendering/renderer_viewport.cpp:979)
ERROR: FSR1 is only available when using the Forward+ renderer.
   at: viewport_set_scaling_3d_mode (servers/rendering/renderer_viewport.cpp:979)
ERROR: FSR1 is only available when using the Forward+ renderer.
   at: viewport_set_scaling_3d_mode (servers/rendering/renderer_viewport.cpp:979)
ERROR: FSR1 is only available when using the Forward+ renderer.
   at: viewport_set_scaling_3d_mode (servers/rendering/renderer_viewport.cpp:979)
ERROR: FSR1 is only available when using the Forward+ renderer.
   at: viewport_set_scaling_3d_mode (servers/rendering/renderer_viewport.cpp:979)
ERROR: FSR1 is only available when using the Forward+ renderer.
   at: viewport_set_scaling_3d_mode (servers/rendering/renderer_viewport.cpp:979)
ERROR: FSR1 is only available when using the Forward+ renderer.
   at: viewport_set_scaling_3d_mode (servers/rendering/renderer_viewport.cpp:979)
ERROR: FSR1 is only available when using the Forward+ renderer.
   at: viewport_set_scaling_3d_mode (servers/rendering/renderer_viewport.cpp:979)
ERROR: FSR1 is only available when using the Forward+ renderer.
   at: viewport_set_scaling_3d_mode (servers/rendering/renderer_viewport.cpp:979)
ERROR: FSR1 is only available when using the Forward+ renderer.
   at: viewport_set_scaling_3d_mode (servers/rendering/renderer_viewport.cpp:979)
ERROR: FSR1 is only available when using the Forward+ renderer.
   at: viewport_set_scaling_3d_mode (servers/rendering/renderer_viewport.cpp:979)
ERROR: FSR1 is only available when using the Forward+ renderer.
   at: viewport_set_scaling_3d_mode (servers/rendering/renderer_viewport.cpp:979)
ERROR: FSR1 is only available when using the Forward+ renderer.
   at: viewport_set_scaling_3d_mode (servers/rendering/renderer_viewport.cpp:979)
ERROR: FSR1 is only available when using the Forward+ renderer.
   at: viewport_set_scaling_3d_mode (servers/rendering/renderer_viewport.cpp:979)
ERROR: FSR1 is only available when using the Forward+ renderer.
   at: viewport_set_scaling_3d_mode (servers/rendering/renderer_viewport.cpp:979)
ERROR: FSR1 is only available when using the Forward+ renderer.
   at: viewport_set_scaling_3d_mode (servers/rendering/renderer_viewport.cpp:979)
ERROR: FSR1 is only available when using the Forward+ renderer.
   at: viewport_set_scaling_3d_mode (servers/rendering/renderer_viewport.cpp:979)
ERROR: FSR1 is only available when using the Forward+ renderer.
   at: viewport_set_scaling_3d_mode (servers/rendering/renderer_viewport.cpp:979)
ERROR: FSR1 is only available when using the Forward+ renderer.
   at: viewport_set_scaling_3d_mode (servers/rendering/renderer_viewport.cpp:979)
ERROR: FSR1 is only available when using the Forward+ renderer.
   at: viewport_set_scaling_3d_mode (servers/rendering/renderer_viewport.cpp:979)
ERROR: FSR1 is only available when using the Forward+ renderer.
   at: viewport_set_scaling_3d_mode (servers/rendering/renderer_viewport.cpp:979)
ERROR: FSR1 is only available when using the Forward+ renderer.
   at: viewport_set_scaling_3d_mode (servers/rendering/renderer_viewport.cpp:979)
ERROR: FSR1 is only available when using the Forward+ renderer.
   at: viewport_set_scaling_3d_mode (servers/rendering/renderer_viewport.cpp:979)
ERROR: FSR1 is only available when using the Forward+ renderer.
   at: viewport_set_scaling_3d_mode (servers/rendering/renderer_viewport.cpp:979)
ERROR: FSR1 is only available when using the Forward+ renderer.
   at: viewport_set_scaling_3d_mode (servers/rendering/renderer_viewport.cpp:979)
ERROR: FSR1 is only available when using the Forward+ renderer.
   at: viewport_set_scaling_3d_mode (servers/rendering/renderer_viewport.cpp:979)
ERROR: FSR1 is only available when using the Forward+ renderer.
   at: viewport_set_scaling_3d_mode (servers/rendering/renderer_viewport.cpp:979)
ERROR: FSR1 is only available when using the Forward+ renderer.
   at: viewport_set_scaling_3d_mode (servers/rendering/renderer_viewport.cpp:979)
ERROR: FSR1 is only available when using the Forward+ renderer.
   at: viewport_set_scaling_3d_mode (servers/rendering/renderer_viewport.cpp:979)
ERROR: FSR1 is only available when using the Forward+ renderer.
   at: viewport_set_scaling_3d_mode (servers/rendering/renderer_viewport.cpp:979)
ERROR: FSR1 is only available when using the Forward+ renderer.
   at: viewport_set_scaling_3d_mode (servers/rendering/renderer_viewport.cpp:979)
ERROR: FSR1 is only available when using the Forward+ renderer.
   at: viewport_set_scaling_3d_mode (servers/rendering/renderer_viewport.cpp:979)
ERROR: FSR1 is only available when using the Forward+ renderer.
   at: viewport_set_scaling_3d_mode (servers/rendering/renderer_viewport.cpp:979)
ERROR: FSR1 is only available when using the Forward+ renderer.
   at: viewport_set_scaling_3d_mode (servers/rendering/renderer_viewport.cpp:979)
ERROR: FSR1 is only available when using the Forward+ renderer.
   at: viewport_set_scaling_3d_mode (servers/rendering/renderer_viewport.cpp:979)
ERROR: FSR1 is only available when using the Forward+ renderer.
   at: viewport_set_scaling_3d_mode (servers/rendering/renderer_viewport.cpp:979)
ERROR: FSR1 is only available when using the Forward+ renderer.
   at: viewport_set_scaling_3d_mode (servers/rendering/renderer_viewport.cpp:979)
ERROR: FSR1 is only available when using the Forward+ renderer.
   at: viewport_set_scaling_3d_mode (servers/rendering/renderer_viewport.cpp:979)
ERROR: FSR1 is only available when using the Forward+ renderer.
   at: viewport_set_scaling_3d_mode (servers/rendering/renderer_viewport.cpp:979)
ERROR: FSR1 is only available when using the Forward+ renderer.
   at: viewport_set_scaling_3d_mode (servers/rendering/renderer_viewport.cpp:979)
ERROR: FSR1 is only available when using the Forward+ renderer.
   at: viewport_set_scaling_3d_mode (servers/rendering/renderer_viewport.cpp:979)
ERROR: FSR1 is only available when using the Forward+ renderer.
   at: viewport_set_scaling_3d_mode (servers/rendering/renderer_viewport.cpp:979)
ERROR: FSR1 is only available when using the Forward+ renderer.
   at: viewport_set_scaling_3d_mode (servers/rendering/renderer_viewport.cpp:979)
ERROR: FSR1 is only available when using the Forward+ renderer.
   at: viewport_set_scaling_3d_mode (servers/rendering/renderer_viewport.cpp:979)
ERROR: FSR1 is only available when using the Forward+ renderer.
   at: viewport_set_scaling_3d_mode (servers/rendering/renderer_viewport.cpp:979)
ERROR: FSR1 is only available when using the Forward+ renderer.
   at: viewport_set_scaling_3d_mode (servers/rendering/renderer_viewport.cpp:979)
ERROR: FSR1 is only available when using the Forward+ renderer.
   at: viewport_set_scaling_3d_mode (servers/rendering/renderer_viewport.cpp:979)
ERROR: FSR1 is only available when using the Forward+ renderer.
   at: viewport_set_scaling_3d_mode (servers/rendering/renderer_viewport.cpp:979)
ERROR: FSR1 is only available when using the Forward+ renderer.
   at: viewport_set_scaling_3d_mode (servers/rendering/renderer_viewport.cpp:979)
ERROR: FSR1 is only available when using the Forward+ renderer.
   at: viewport_set_scaling_3d_mode (servers/rendering/renderer_viewport.cpp:979)
ERROR: FSR1 is only available when using the Forward+ renderer.
   at: viewport_set_scaling_3d_mode (servers/rendering/renderer_viewport.cpp:979)
ERROR: FSR1 is only available when using the Forward+ renderer.
   at: viewport_set_scaling_3d_mode (servers/rendering/renderer_viewport.cpp:979)
ERROR: FSR1 is only available when using the Forward+ renderer.
   at: viewport_set_scaling_3d_mode (servers/rendering/renderer_viewport.cpp:979)
ERROR: FSR1 is only available when using the Forward+ renderer.
   at: viewport_set_scaling_3d_mode (servers/rendering/renderer_viewport.cpp:979)
ERROR: FSR1 is only available when using the Forward+ renderer.
   at: viewport_set_scaling_3d_mode (servers/rendering/renderer_viewport.cpp:979)
ERROR: FSR1 is only available when using the Forward+ renderer.
   at: viewport_set_scaling_3d_mode (servers/rendering/renderer_viewport.cpp:979)
ERROR: FSR1 is only available when using the Forward+ renderer.
   at: viewport_set_scaling_3d_mode (servers/rendering/renderer_viewport.cpp:979)
ERROR: FSR1 is only available when using the Forward+ renderer.
   at: viewport_set_scaling_3d_mode (servers/rendering/renderer_viewport.cpp:979)
ERROR: FSR1 is only available when using the Forward+ renderer.
   at: viewport_set_scaling_3d_mode (servers/rendering/renderer_viewport.cpp:979)
ERROR: FSR1 is only available when using the Forward+ renderer.
   at: viewport_set_scaling_3d_mode (servers/rendering/renderer_viewport.cpp:979)
ERROR: FSR1 is only available when using the Forward+ renderer.
   at: viewport_set_scaling_3d_mode (servers/rendering/renderer_viewport.cpp:979)
ERROR: FSR1 is only available when using the Forward+ renderer.
   at: viewport_set_scaling_3d_mode (servers/rendering/renderer_viewport.cpp:979)
ERROR: FSR1 is only available when using the Forward+ renderer.
   at: viewport_set_scaling_3d_mode (servers/rendering/renderer_viewport.cpp:979)
ERROR: FSR1 is only available when using the Forward+ renderer.
   at: viewport_set_scaling_3d_mode (servers/rendering/renderer_viewport.cpp:979)
ERROR: FSR1 is only available when using the Forward+ renderer.
   at: viewport_set_scaling_3d_mode (servers/rendering/renderer_viewport.cpp:979)
ERROR: FSR1 is only available when using the Forward+ renderer.
   at: viewport_set_scaling_3d_mode (servers/rendering/renderer_viewport.cpp:979)
ERROR: FSR1 is only available when using the Forward+ renderer.
   at: viewport_set_scaling_3d_mode (servers/rendering/renderer_viewport.cpp:979)
ERROR: FSR1 is only available when using the Forward+ renderer.
   at: viewport_set_scaling_3d_mode (servers/rendering/renderer_viewport.cpp:979)
ERROR: FSR1 is only available when using the Forward+ renderer.
   at: viewport_set_scaling_3d_mode (servers/rendering/renderer_viewport.cpp:979)
ERROR: FSR1 is only available when using the Forward+ renderer.
   at: viewport_set_scaling_3d_mode (servers/rendering/renderer_viewport.cpp:979)
ERROR: FSR1 is only available when using the Forward+ renderer.
   at: viewport_set_scaling_3d_mode (servers/rendering/renderer_viewport.cpp:979)
ERROR: FSR1 is only available when using the Forward+ renderer.
   at: viewport_set_scaling_3d_mode (servers/rendering/renderer_viewport.cpp:979)
ERROR: FSR1 is only available when using the Forward+ renderer.
   at: viewport_set_scaling_3d_mode (servers/rendering/renderer_viewport.cpp:979)
ERROR: FSR1 is only available when using the Forward+ renderer.
   at: viewport_set_scaling_3d_mode (servers/rendering/renderer_viewport.cpp:979)
ERROR: FSR1 is only available when using the Forward+ renderer.
   at: viewport_set_scaling_3d_mode (servers/rendering/renderer_viewport.cpp:979)
ERROR: FSR1 is only available when using the Forward+ renderer.
   at: viewport_set_scaling_3d_mode (servers/rendering/renderer_viewport.cpp:979)
ERROR: FSR1 is only available when using the Forward+ renderer.
   at: viewport_set_scaling_3d_mode (servers/rendering/renderer_viewport.cpp:979)
ERROR: FSR1 is only available when using the Forward+ renderer.
   at: viewport_set_scaling_3d_mode (servers/rendering/renderer_viewport.cpp:979)
ERROR: FSR1 is only available when using the Forward+ renderer.
   at: viewport_set_scaling_3d_mode (servers/rendering/renderer_viewport.cpp:979)
ERROR: FSR1 is only available when using the Forward+ renderer.
   at: viewport_set_scaling_3d_mode (servers/rendering/renderer_viewport.cpp:979)
ERROR: FSR1 is only available when using the Forward+ renderer.
   at: viewport_set_scaling_3d_mode (servers/rendering/renderer_viewport.cpp:979)
ERROR: FSR1 is only available when using the Forward+ renderer.
   at: viewport_set_scaling_3d_mode (servers/rendering/renderer_viewport.cpp:979)
ERROR: FSR1 is only available when using the Forward+ renderer.
   at: viewport_set_scaling_3d_mode (servers/rendering/renderer_viewport.cpp:979)
ERROR: FSR1 is only available when using the Forward+ renderer.
   at: viewport_set_scaling_3d_mode (servers/rendering/renderer_viewport.cpp:979)
ERROR: FSR1 is only available when using the Forward+ renderer.
   at: viewport_set_scaling_3d_mode (servers/rendering/renderer_viewport.cpp:979)
ERROR: FSR1 is only available when using the Forward+ renderer.
   at: viewport_set_scaling_3d_mode (servers/rendering/renderer_viewport.cpp:979)
ERROR: FSR1 is only available when using the Forward+ renderer.
   at: viewport_set_scaling_3d_mode (servers/rendering/renderer_viewport.cpp:979)
ERROR: FSR1 is only available when using the Forward+ renderer.
   at: viewport_set_scaling_3d_mode (servers/rendering/renderer_viewport.cpp:979)
ERROR: FSR1 is only available when using the Forward+ renderer.
   at: viewport_set_scaling_3d_mode (servers/rendering/renderer_viewport.cpp:979)
ERROR: FSR1 is only available when using the Forward+ renderer.
   at: viewport_set_scaling_3d_mode (servers/rendering/renderer_viewport.cpp:979)
ERROR: FSR1 is only available when using the Forward+ renderer.
   at: viewport_set_scaling_3d_mode (servers/rendering/renderer_viewport.cpp:979)
ERROR: FSR1 is only available when using the Forward+ renderer.
   at: viewport_set_scaling_3d_mode (servers/rendering/renderer_viewport.cpp:979)
ERROR: FSR1 is only available when using the Forward+ renderer.
   at: viewport_set_scaling_3d_mode (servers/rendering/renderer_viewport.cpp:979)
ERROR: FSR1 is only available when using the Forward+ renderer.
   at: viewport_set_scaling_3d_mode (servers/rendering/renderer_viewport.cpp:979)
ERROR: FSR1 is only available when using the Forward+ renderer.
   at: viewport_set_scaling_3d_mode (servers/rendering/renderer_viewport.cpp:979)
ERROR: FSR1 is only available when using the Forward+ renderer.
   at: viewport_set_scaling_3d_mode (servers/rendering/renderer_viewport.cpp:979)
ERROR: FSR1 is only available when using the Forward+ renderer.
   at: viewport_set_scaling_3d_mode (servers/rendering/renderer_viewport.cpp:979)
ERROR: FSR1 is only available when using the Forward+ renderer.
   at: viewport_set_scaling_3d_mode (servers/rendering/renderer_viewport.cpp:979)
ERROR: FSR1 is only available when using the Forward+ renderer.
   at: viewport_set_scaling_3d_mode (servers/rendering/renderer_viewport.cpp:979)
ERROR: FSR1 is only available when using the Forward+ renderer.
   at: viewport_set_scaling_3d_mode (servers/rendering/renderer_viewport.cpp:979)
ERROR: FSR1 is only available when using the Forward+ renderer.
   at: viewport_set_scaling_3d_mode (servers/rendering/renderer_viewport.cpp:979)
ERROR: FSR1 is only available when using the Forward+ renderer.
   at: viewport_set_scaling_3d_mode (servers/rendering/renderer_viewport.cpp:979)
ERROR: FSR1 is only available when using the Forward+ renderer.
   at: viewport_set_scaling_3d_mode (servers/rendering/renderer_viewport.cpp:979)
ERROR: FSR1 is only available when using the Forward+ renderer.
   at: viewport_set_scaling_3d_mode (servers/rendering/renderer_viewport.cpp:979)
ERROR: FSR1 is only available when using the Forward+ renderer.
   at: viewport_set_scaling_3d_mode (servers/rendering/renderer_viewport.cpp:979)
ERROR: FSR1 is only available when using the Forward+ renderer.
   at: viewport_set_scaling_3d_mode (servers/rendering/renderer_viewport.cpp:979)
ERROR: FSR1 is only available when using the Forward+ renderer.
   at: viewport_set_scaling_3d_mode (servers/rendering/renderer_viewport.cpp:979)
ERROR: FSR1 is only available when using the Forward+ renderer.
   at: viewport_set_scaling_3d_mode (servers/rendering/renderer_viewport.cpp:979)
ERROR: FSR1 is only available when using the Forward+ renderer.
   at: viewport_set_scaling_3d_mode (servers/rendering/renderer_viewport.cpp:979)
ERROR: FSR1 is only available when using the Forward+ renderer.
   at: viewport_set_scaling_3d_mode (servers/rendering/renderer_viewport.cpp:979)
ERROR: FSR1 is only available when using the Forward+ renderer.
   at: viewport_set_scaling_3d_mode (servers/rendering/renderer_viewport.cpp:979)
ERROR: FSR1 is only available when using the Forward+ renderer.
   at: viewport_set_scaling_3d_mode (servers/rendering/renderer_viewport.cpp:979)
ERROR: FSR1 is only available when using the Forward+ renderer.
   at: viewport_set_scaling_3d_mode (servers/rendering/renderer_viewport.cpp:979)
ERROR: FSR1 is only available when using the Forward+ renderer.
   at: viewport_set_scaling_3d_mode (servers/rendering/renderer_viewport.cpp:979)
ERROR: FSR1 is only available when using the Forward+ renderer.
   at: viewport_set_scaling_3d_mode (servers/rendering/renderer_viewport.cpp:979)
ERROR: FSR1 is only available when using the Forward+ renderer.
   at: viewport_set_scaling_3d_mode (servers/rendering/renderer_viewport.cpp:979)
ERROR: FSR1 is only available when using the Forward+ renderer.
   at: viewport_set_scaling_3d_mode (servers/rendering/renderer_viewport.cpp:979)
ERROR: FSR1 is only available when using the Forward+ renderer.
   at: viewport_set_scaling_3d_mode (servers/rendering/renderer_viewport.cpp:979)
ERROR: FSR1 is only available when using the Forward+ renderer.
   at: viewport_set_scaling_3d_mode (servers/rendering/renderer_viewport.cpp:979)
ERROR: FSR1 is only available when using the Forward+ renderer.
   at: viewport_set_scaling_3d_mode (servers/rendering/renderer_viewport.cpp:979)
ERROR: FSR1 is only available when using the Forward+ renderer.
   at: viewport_set_scaling_3d_mode (servers/rendering/renderer_viewport.cpp:979)
ERROR: FSR1 is only available when using the Forward+ renderer.
   at: viewport_set_scaling_3d_mode (servers/rendering/renderer_viewport.cpp:979)
ERROR: FSR1 is only available when using the Forward+ renderer.
   at: viewport_set_scaling_3d_mode (servers/rendering/renderer_viewport.cpp:979)
ERROR: FSR1 is only available when using the Forward+ renderer.
   at: viewport_set_scaling_3d_mode (servers/rendering/renderer_viewport.cpp:979)
ERROR: FSR1 is only available when using the Forward+ renderer.
   at: viewport_set_scaling_3d_mode (servers/rendering/renderer_viewport.cpp:979)
ERROR: FSR1 is only available when using the Forward+ renderer.
   at: viewport_set_scaling_3d_mode (servers/rendering/renderer_viewport.cpp:979)
ERROR: FSR1 is only available when using the Forward+ renderer.
   at: viewport_set_scaling_3d_mode (servers/rendering/renderer_viewport.cpp:979)
ERROR: FSR1 is only available when using the Forward+ renderer.
   at: viewport_set_scaling_3d_mode (servers/rendering/renderer_viewport.cpp:979)
ERROR: FSR1 is only available when using the Forward+ renderer.
   at: viewport_set_scaling_3d_mode (servers/rendering/renderer_viewport.cpp:979)
ERROR: FSR1 is only available when using the Forward+ renderer.
   at: viewport_set_scaling_3d_mode (servers/rendering/renderer_viewport.cpp:979)
ERROR: FSR1 is only available when using the Forward+ renderer.
   at: viewport_set_scaling_3d_mode (servers/rendering/renderer_viewport.cpp:979)
ERROR: FSR1 is only available when using the Forward+ renderer.
   at: viewport_set_scaling_3d_mode (servers/rendering/renderer_viewport.cpp:979)
ERROR: FSR1 is only available when using the Forward+ renderer.
   at: viewport_set_scaling_3d_mode (servers/rendering/renderer_viewport.cpp:979)
ERROR: FSR1 is only available when using the Forward+ renderer.
   at: viewport_set_scaling_3d_mode (servers/rendering/renderer_viewport.cpp:979)
ERROR: FSR1 is only available when using the Forward+ renderer.
   at: viewport_set_scaling_3d_mode (servers/rendering/renderer_viewport.cpp:979)
ERROR: FSR1 is only available when using the Forward+ renderer.
   at: viewport_set_scaling_3d_mode (servers/rendering/renderer_viewport.cpp:979)
ERROR: FSR1 is only available when using the Forward+ renderer.
   at: viewport_set_scaling_3d_mode (servers/rendering/renderer_viewport.cpp:979)
ERROR: FSR1 is only available when using the Forward+ renderer.
   at: viewport_set_scaling_3d_mode (servers/rendering/renderer_viewport.cpp:979)
ERROR: FSR1 is only available when using the Forward+ renderer.
   at: viewport_set_scaling_3d_mode (servers/rendering/renderer_viewport.cpp:979)
ERROR: FSR1 is only available when using the Forward+ renderer.
   at: viewport_set_scaling_3d_mode (servers/rendering/renderer_viewport.cpp:979)
ERROR: FSR1 is only available when using the Forward+ renderer.
   at: viewport_set_scaling_3d_mode (servers/rendering/renderer_viewport.cpp:979)
ERROR: FSR1 is only available when using the Forward+ renderer.
   at: viewport_set_scaling_3d_mode (servers/rendering/renderer_viewport.cpp:979)
ERROR: FSR1 is only available when using the Forward+ renderer.
   at: viewport_set_scaling_3d_mode (servers/rendering/renderer_viewport.cpp:979)
ERROR: FSR1 is only available when using the Forward+ renderer.
   at: viewport_set_scaling_3d_mode (servers/rendering/renderer_viewport.cpp:979)
ERROR: FSR1 is only available when using the Forward+ renderer.
   at: viewport_set_scaling_3d_mode (servers/rendering/renderer_viewport.cpp:979)
ERROR: FSR1 is only available when using the Forward+ renderer.
   at: viewport_set_scaling_3d_mode (servers/rendering/renderer_viewport.cpp:979)
ERROR: FSR1 is only available when using the Forward+ renderer.
   at: viewport_set_scaling_3d_mode (servers/rendering/renderer_viewport.cpp:979)
ERROR: FSR1 is only available when using the Forward+ renderer.
   at: viewport_set_scaling_3d_mode (servers/rendering/renderer_viewport.cpp:979)
ERROR: FSR1 is only available when using the Forward+ renderer.
   at: viewport_set_scaling_3d_mode (servers/rendering/renderer_viewport.cpp:979)
ERROR: FSR1 is only available when using the Forward+ renderer.
   at: viewport_set_scaling_3d_mode (servers/rendering/renderer_viewport.cpp:979)
ERROR: FSR1 is only available when using the Forward+ renderer.
   at: viewport_set_scaling_3d_mode (servers/rendering/renderer_viewport.cpp:979)
ERROR: FSR1 is only available when using the Forward+ renderer.
   at: viewport_set_scaling_3d_mode (servers/rendering/renderer_viewport.cpp:979)
ERROR: FSR1 is only available when using the Forward+ renderer.
   at: viewport_set_scaling_3d_mode (servers/rendering/renderer_viewport.cpp:979)
ERROR: FSR1 is only available when using the Forward+ renderer.
   at: viewport_set_scaling_3d_mode (servers/rendering/renderer_viewport.cpp:979)
ERROR: FSR1 is only available when using the Forward+ renderer.
   at: viewport_set_scaling_3d_mode (servers/rendering/renderer_viewport.cpp:979)
ERROR: FSR1 is only available when using the Forward+ renderer.
   at: viewport_set_scaling_3d_mode (servers/rendering/renderer_viewport.cpp:979)
ERROR: FSR1 is only available when using the Forward+ renderer.
   at: viewport_set_scaling_3d_mode (servers/rendering/renderer_viewport.cpp:979)
ERROR: FSR1 is only available when using the Forward+ renderer.
   at: viewport_set_scaling_3d_mode (servers/rendering/renderer_viewport.cpp:979)
ERROR: FSR1 is only available when using the Forward+ renderer.
   at: viewport_set_scaling_3d_mode (servers/rendering/renderer_viewport.cpp:979)
ERROR: FSR1 is only available when using the Forward+ renderer.
   at: viewport_set_scaling_3d_mode (servers/rendering/renderer_viewport.cpp:979)
ERROR: FSR1 is only available when using the Forward+ renderer.
   at: viewport_set_scaling_3d_mode (servers/rendering/renderer_viewport.cpp:979)
ERROR: FSR1 is only available when using the Forward+ renderer.
   at: viewport_set_scaling_3d_mode (servers/rendering/renderer_viewport.cpp:979)
ERROR: FSR1 is only available when using the Forward+ renderer.
   at: viewport_set_scaling_3d_mode (servers/rendering/renderer_viewport.cpp:979)
ERROR: FSR1 is only available when using the Forward+ renderer.
   at: viewport_set_scaling_3d_mode (servers/rendering/renderer_viewport.cpp:979)
ERROR: FSR1 is only available when using the Forward+ renderer.
   at: viewport_set_scaling_3d_mode (servers/rendering/renderer_viewport.cpp:979)
ERROR: FSR1 is only available when using the Forward+ renderer.
   at: viewport_set_scaling_3d_mode (servers/rendering/renderer_viewport.cpp:979)
ERROR: FSR1 is only available when using the Forward+ renderer.
   at: viewport_set_scaling_3d_mode (servers/rendering/renderer_viewport.cpp:979)
ERROR: FSR1 is only available when using the Forward+ renderer.
   at: viewport_set_scaling_3d_mode (servers/rendering/renderer_viewport.cpp:979)
ERROR: FSR1 is only available when using the Forward+ renderer.
   at: viewport_set_scaling_3d_mode (servers/rendering/renderer_viewport.cpp:979)
ERROR: FSR1 is only available when using the Forward+ renderer.
   at: viewport_set_scaling_3d_mode (servers/rendering/renderer_viewport.cpp:979)
ERROR: FSR1 is only available when using the Forward+ renderer.
   at: viewport_set_scaling_3d_mode (servers/rendering/renderer_viewport.cpp:979)
ERROR: FSR1 is only available when using the Forward+ renderer.
   at: viewport_set_scaling_3d_mode (servers/rendering/renderer_viewport.cpp:979)
ERROR: FSR1 is only available when using the Forward+ renderer.
   at: viewport_set_scaling_3d_mode (servers/rendering/renderer_viewport.cpp:979)
ERROR: FSR1 is only available when using the Forward+ renderer.
   at: viewport_set_scaling_3d_mode (servers/rendering/renderer_viewport.cpp:979)
ERROR: FSR1 is only available when using the Forward+ renderer.
   at: viewport_set_scaling_3d_mode (servers/rendering/renderer_viewport.cpp:979)
ERROR: FSR1 is only available when using the Forward+ renderer.
   at: viewport_set_scaling_3d_mode (servers/rendering/renderer_viewport.cpp:979)
ERROR: FSR1 is only available when using the Forward+ renderer.
   at: viewport_set_scaling_3d_mode (servers/rendering/renderer_viewport.cpp:979)
ERROR: FSR1 is only available when using the Forward+ renderer.
   at: viewport_set_scaling_3d_mode (servers/rendering/renderer_viewport.cpp:979)
ERROR: FSR1 is only available when using the Forward+ renderer.
   at: viewport_set_scaling_3d_mode (servers/rendering/renderer_viewport.cpp:979)
ERROR: FSR1 is only available when using the Forward+ renderer.
   at: viewport_set_scaling_3d_mode (servers/rendering/renderer_viewport.cpp:979)
ERROR: FSR1 is only available when using the Forward+ renderer.
   at: viewport_set_scaling_3d_mode (servers/rendering/renderer_viewport.cpp:979)
ERROR: FSR1 is only available when using the Forward+ renderer.
   at: viewport_set_scaling_3d_mode (servers/rendering/renderer_viewport.cpp:979)
ERROR: FSR1 is only available when using the Forward+ renderer.
   at: viewport_set_scaling_3d_mode (servers/rendering/renderer_viewport.cpp:979)
ERROR: FSR1 is only available when using the Forward+ renderer.
   at: viewport_set_scaling_3d_mode (servers/rendering/renderer_viewport.cpp:979)
ERROR: FSR1 is only available when using the Forward+ renderer.
   at: viewport_set_scaling_3d_mode (servers/rendering/renderer_viewport.cpp:979)
ERROR: FSR1 is only available when using the Forward+ renderer.
   at: viewport_set_scaling_3d_mode (servers/rendering/renderer_viewport.cpp:979)
ERROR: FSR1 is only available when using the Forward+ renderer.
   at: viewport_set_scaling_3d_mode (servers/rendering/renderer_viewport.cpp:979)
ERROR: FSR1 is only available when using the Forward+ renderer.
   at: viewport_set_scaling_3d_mode (servers/rendering/renderer_viewport.cpp:979)
ERROR: FSR1 is only available when using the Forward+ renderer.
   at: viewport_set_scaling_3d_mode (servers/rendering/renderer_viewport.cpp:979)
ERROR: FSR1 is only available when using the Forward+ renderer.
   at: viewport_set_scaling_3d_mode (servers/rendering/renderer_viewport.cpp:979)
ERROR: FSR1 is only available when using the Forward+ renderer.
   at: viewport_set_scaling_3d_mode (servers/rendering/renderer_viewport.cpp:979)
ERROR: FSR1 is only available when using the Forward+ renderer.
   at: viewport_set_scaling_3d_mode (servers/rendering/renderer_viewport.cpp:979)
ERROR: FSR1 is only available when using the Forward+ renderer.
   at: viewport_set_scaling_3d_mode (servers/rendering/renderer_viewport.cpp:979)
ERROR: FSR1 is only available when using the Forward+ renderer.
   at: viewport_set_scaling_3d_mode (servers/rendering/renderer_viewport.cpp:979)
ERROR: FSR1 is only available when using the Forward+ renderer.
   at: viewport_set_scaling_3d_mode (servers/rendering/renderer_viewport.cpp:979)
ERROR: FSR1 is only available when using the Forward+ renderer.
   at: viewport_set_scaling_3d_mode (servers/rendering/renderer_viewport.cpp:979)
ERROR: FSR1 is only available when using the Forward+ renderer.
   at: viewport_set_scaling_3d_mode (servers/rendering/renderer_viewport.cpp:979)
ERROR: FSR1 is only available when using the Forward+ renderer.
   at: viewport_set_scaling_3d_mode (servers/rendering/renderer_viewport.cpp:979)
ERROR: FSR1 is only available when using the Forward+ renderer.
   at: viewport_set_scaling_3d_mode (servers/rendering/renderer_viewport.cpp:979)
ERROR: FSR1 is only available when using the Forward+ renderer.
   at: viewport_set_scaling_3d_mode (servers/rendering/renderer_viewport.cpp:979)
ERROR: FSR1 is only available when using the Forward+ renderer.
   at: viewport_set_scaling_3d_mode (servers/rendering/renderer_viewport.cpp:979)
ERROR: FSR1 is only available when using the Forward+ renderer.
   at: viewport_set_scaling_3d_mode (servers/rendering/renderer_viewport.cpp:979)
ERROR: FSR1 is only available when using the Forward+ renderer.
   at: viewport_set_scaling_3d_mode (servers/rendering/renderer_viewport.cpp:979)
ERROR: FSR1 is only available when using the Forward+ renderer.
   at: viewport_set_scaling_3d_mode (servers/rendering/renderer_viewport.cpp:979)
ERROR: FSR1 is only available when using the Forward+ renderer.
   at: viewport_set_scaling_3d_mode (servers/rendering/renderer_viewport.cpp:979)
ERROR: FSR1 is only available when using the Forward+ renderer.
   at: viewport_set_scaling_3d_mode (servers/rendering/renderer_viewport.cpp:979)
ERROR: FSR1 is only available when using the Forward+ renderer.
   at: viewport_set_scaling_3d_mode (servers/rendering/renderer_viewport.cpp:979)
ERROR: FSR1 is only available when using the Forward+ renderer.
   at: viewport_set_scaling_3d_mode (servers/rendering/renderer_viewport.cpp:979)
ERROR: FSR1 is only available when using the Forward+ renderer.
   at: viewport_set_scaling_3d_mode (servers/rendering/renderer_viewport.cpp:979)
ERROR: FSR1 is only available when using the Forward+ renderer.
   at: viewport_set_scaling_3d_mode (servers/rendering/renderer_viewport.cpp:979)
ERROR: FSR1 is only available when using the Forward+ renderer.
   at: viewport_set_scaling_3d_mode (servers/rendering/renderer_viewport.cpp:979)
ERROR: FSR1 is only available when using the Forward+ renderer.
   at: viewport_set_scaling_3d_mode (servers/rendering/renderer_viewport.cpp:979)
ERROR: FSR1 is only available when using the Forward+ renderer.
   at: viewport_set_scaling_3d_mode (servers/rendering/renderer_viewport.cpp:979)
ERROR: FSR1 is only available when using the Forward+ renderer.
   at: viewport_set_scaling_3d_mode (servers/rendering/renderer_viewport.cpp:979)
ERROR: FSR1 is only available when using the Forward+ renderer.
   at: viewport_set_scaling_3d_mode (servers/rendering/renderer_viewport.cpp:979)
ERROR: FSR1 is only available when using the Forward+ renderer.
   at: viewport_set_scaling_3d_mode (servers/rendering/renderer_viewport.cpp:979)
ERROR: FSR1 is only available when using the Forward+ renderer.
   at: viewport_set_scaling_3d_mode (servers/rendering/renderer_viewport.cpp:979)
ERROR: FSR1 is only available when using the Forward+ renderer.
   at: viewport_set_scaling_3d_mode (servers/rendering/renderer_viewport.cpp:979)
ERROR: FSR1 is only available when using the Forward+ renderer.
   at: viewport_set_scaling_3d_mode (servers/rendering/renderer_viewport.cpp:979)
ERROR: FSR1 is only available when using the Forward+ renderer.
   at: viewport_set_scaling_3d_mode (servers/rendering/renderer_viewport.cpp:979)
ERROR: FSR1 is only available when using the Forward+ renderer.
   at: viewport_set_scaling_3d_mode (servers/rendering/renderer_viewport.cpp:979)
ERROR: FSR1 is only available when using the Forward+ renderer.
   at: viewport_set_scaling_3d_mode (servers/rendering/renderer_viewport.cpp:979)
ERROR: FSR1 is only available when using the Forward+ renderer.
   at: viewport_set_scaling_3d_mode (servers/rendering/renderer_viewport.cpp:979)
ERROR: FSR1 is only available when using the Forward+ renderer.
   at: viewport_set_scaling_3d_mode (servers/rendering/renderer_viewport.cpp:979)
ERROR: FSR1 is only available when using the Forward+ renderer.
   at: viewport_set_scaling_3d_mode (servers/rendering/renderer_viewport.cpp:979)
ERROR: FSR1 is only available when using the Forward+ renderer.
   at: viewport_set_scaling_3d_mode (servers/rendering/renderer_viewport.cpp:979)
ERROR: FSR1 is only available when using the Forward+ renderer.
   at: viewport_set_scaling_3d_mode (servers/rendering/renderer_viewport.cpp:979)
ERROR: FSR1 is only available when using the Forward+ renderer.
   at: viewport_set_scaling_3d_mode (servers/rendering/renderer_viewport.cpp:979)
ERROR: FSR1 is only available when using the Forward+ renderer.
   at: viewport_set_scaling_3d_mode (servers/rendering/renderer_viewport.cpp:979)
ERROR: FSR1 is only available when using the Forward+ renderer.
   at: viewport_set_scaling_3d_mode (servers/rendering/renderer_viewport.cpp:979)
ERROR: FSR1 is only available when using the Forward+ renderer.
   at: viewport_set_scaling_3d_mode (servers/rendering/renderer_viewport.cpp:979)
ERROR: FSR1 is only available when using the Forward+ renderer.
   at: viewport_set_scaling_3d_mode (servers/rendering/renderer_viewport.cpp:979)
ERROR: FSR1 is only available when using the Forward+ renderer.
   at: viewport_set_scaling_3d_mode (servers/rendering/renderer_viewport.cpp:979)
ERROR: FSR1 is only available when using the Forward+ renderer.
   at: viewport_set_scaling_3d_mode (servers/rendering/renderer_viewport.cpp:979)
ERROR: FSR1 is only available when using the Forward+ renderer.
   at: viewport_set_scaling_3d_mode (servers/rendering/renderer_viewport.cpp:979)
ERROR: FSR1 is only available when using the Forward+ renderer.
   at: viewport_set_scaling_3d_mode (servers/rendering/renderer_viewport.cpp:979)
ERROR: FSR1 is only available when using the Forward+ renderer.
   at: viewport_set_scaling_3d_mode (servers/rendering/renderer_viewport.cpp:979)
ERROR: FSR1 is only available when using the Forward+ renderer.
   at: viewport_set_scaling_3d_mode (servers/rendering/renderer_viewport.cpp:979)
ERROR: FSR1 is only available when using the Forward+ renderer.
   at: viewport_set_scaling_3d_mode (servers/rendering/renderer_viewport.cpp:979)
ERROR: FSR1 is only available when using the Forward+ renderer.
   at: viewport_set_scaling_3d_mode (servers/rendering/renderer_viewport.cpp:979)
ERROR: FSR1 is only available when using the Forward+ renderer.
   at: viewport_set_scaling_3d_mode (servers/rendering/renderer_viewport.cpp:979)
ERROR: FSR1 is only available when using the Forward+ renderer.
   at: viewport_set_scaling_3d_mode (servers/rendering/renderer_viewport.cpp:979)
ERROR: FSR1 is only available when using the Forward+ renderer.
   at: viewport_set_scaling_3d_mode (servers/rendering/renderer_viewport.cpp:979)
ERROR: FSR1 is only available when using the Forward+ renderer.
   at: viewport_set_scaling_3d_mode (servers/rendering/renderer_viewport.cpp:979)
ERROR: FSR1 is only available when using the Forward+ renderer.
   at: viewport_set_scaling_3d_mode (servers/rendering/renderer_viewport.cpp:979)
ERROR: FSR1 is only available when using the Forward+ renderer.
   at: viewport_set_scaling_3d_mode (servers/rendering/renderer_viewport.cpp:979)
ERROR: FSR1 is only available when using the Forward+ renderer.
   at: viewport_set_scaling_3d_mode (servers/rendering/renderer_viewport.cpp:979)
ERROR: FSR1 is only available when using the Forward+ renderer.
   at: viewport_set_scaling_3d_mode (servers/rendering/renderer_viewport.cpp:979)
ERROR: FSR1 is only available when using the Forward+ renderer.
   at: viewport_set_scaling_3d_mode (servers/rendering/renderer_viewport.cpp:979)
ERROR: FSR1 is only available when using the Forward+ renderer.
   at: viewport_set_scaling_3d_mode (servers/rendering/renderer_viewport.cpp:979)
ERROR: FSR1 is only available when using the Forward+ renderer.
   at: viewport_set_scaling_3d_mode (servers/rendering/renderer_viewport.cpp:979)
ERROR: FSR1 is only available when using the Forward+ renderer.
   at: viewport_set_scaling_3d_mode (servers/rendering/renderer_viewport.cpp:979)
ERROR: FSR1 is only available when using the Forward+ renderer.
   at: viewport_set_scaling_3d_mode (servers/rendering/renderer_viewport.cpp:979)
ERROR: FSR1 is only available when using the Forward+ renderer.
   at: viewport_set_scaling_3d_mode (servers/rendering/renderer_viewport.cpp:979)
ERROR: FSR1 is only available when using the Forward+ renderer.
   at: viewport_set_scaling_3d_mode (servers/rendering/renderer_viewport.cpp:979)
ERROR: FSR1 is only available when using the Forward+ renderer.
   at: viewport_set_scaling_3d_mode (servers/rendering/renderer_viewport.cpp:979)
ERROR: FSR1 is only available when using the Forward+ renderer.
   at: viewport_set_scaling_3d_mode (servers/rendering/renderer_viewport.cpp:979)
ERROR: FSR1 is only available when using the Forward+ renderer.
   at: viewport_set_scaling_3d_mode (servers/rendering/renderer_viewport.cpp:979)
ERROR: FSR1 is only available when using the Forward+ renderer.
   at: viewport_set_scaling_3d_mode (servers/rendering/renderer_viewport.cpp:979)
ERROR: FSR1 is only available when using the Forward+ renderer.
   at: viewport_set_scaling_3d_mode (servers/rendering/renderer_viewport.cpp:979)
ERROR: FSR1 is only available when using the Forward+ renderer.
   at: viewport_set_scaling_3d_mode (servers/rendering/renderer_viewport.cpp:979)
ERROR: FSR1 is only available when using the Forward+ renderer.
   at: viewport_set_scaling_3d_mode (servers/rendering/renderer_viewport.cpp:979)
ERROR: FSR1 is only available when using the Forward+ renderer.
   at: viewport_set_scaling_3d_mode (servers/rendering/renderer_viewport.cpp:979)
ERROR: FSR1 is only available when using the Forward+ renderer.
   at: viewport_set_scaling_3d_mode (servers/rendering/renderer_viewport.cpp:979)
ERROR: FSR1 is only available when using the Forward+ renderer.
   at: viewport_set_scaling_3d_mode (servers/rendering/renderer_viewport.cpp:979)
ERROR: FSR1 is only available when using the Forward+ renderer.
   at: viewport_set_scaling_3d_mode (servers/rendering/renderer_viewport.cpp:979)
ERROR: FSR1 is only available when using the Forward+ renderer.
   at: viewport_set_scaling_3d_mode (servers/rendering/renderer_viewport.cpp:979)
ERROR: FSR1 is only available when using the Forward+ renderer.
   at: viewport_set_scaling_3d_mode (servers/rendering/renderer_viewport.cpp:979)
ERROR: FSR1 is only available when using the Forward+ renderer.
   at: viewport_set_scaling_3d_mode (servers/rendering/renderer_viewport.cpp:979)
ERROR: FSR1 is only available when using the Forward+ renderer.
   at: viewport_set_scaling_3d_mode (servers/rendering/renderer_viewport.cpp:979)
ERROR: FSR1 is only available when using the Forward+ renderer.
   at: viewport_set_scaling_3d_mode (servers/rendering/renderer_viewport.cpp:979)
ERROR: FSR1 is only available when using the Forward+ renderer.
   at: viewport_set_scaling_3d_mode (servers/rendering/renderer_viewport.cpp:979)
ERROR: FSR1 is only available when using the Forward+ renderer.
   at: viewport_set_scaling_3d_mode (servers/rendering/renderer_viewport.cpp:979)
ERROR: FSR1 is only available when using the Forward+ renderer.
   at: viewport_set_scaling_3d_mode (servers/rendering/renderer_viewport.cpp:979)
ERROR: FSR1 is only available when using the Forward+ renderer.
   at: viewport_set_scaling_3d_mode (servers/rendering/renderer_viewport.cpp:979)
ERROR: FSR1 is only available when using the Forward+ renderer.
   at: viewport_set_scaling_3d_mode (servers/rendering/renderer_viewport.cpp:979)
ERROR: FSR1 is only available when using the Forward+ renderer.
   at: viewport_set_scaling_3d_mode (servers/rendering/renderer_viewport.cpp:979)
ERROR: FSR1 is only available when using the Forward+ renderer.
   at: viewport_set_scaling_3d_mode (servers/rendering/renderer_viewport.cpp:979)
ERROR: FSR1 is only available when using the Forward+ renderer.
   at: viewport_set_scaling_3d_mode (servers/rendering/renderer_viewport.cpp:979)
ERROR: FSR1 is only available when using the Forward+ renderer.
   at: viewport_set_scaling_3d_mode (servers/rendering/renderer_viewport.cpp:979)
ERROR: FSR1 is only available when using the Forward+ renderer.
   at: viewport_set_scaling_3d_mode (servers/rendering/renderer_viewport.cpp:979)
ERROR: FSR1 is only available when using the Forward+ renderer.
   at: viewport_set_scaling_3d_mode (servers/rendering/renderer_viewport.cpp:979)
ERROR: FSR1 is only available when using the Forward+ renderer.
   at: viewport_set_scaling_3d_mode (servers/rendering/renderer_viewport.cpp:979)
ERROR: FSR1 is only available when using the Forward+ renderer.
   at: viewport_set_scaling_3d_mode (servers/rendering/renderer_viewport.cpp:979)
ERROR: FSR1 is only available when using the Forward+ renderer.
   at: viewport_set_scaling_3d_mode (servers/rendering/renderer_viewport.cpp:979)
ERROR: FSR1 is only available when using the Forward+ renderer.
   at: viewport_set_scaling_3d_mode (servers/rendering/renderer_viewport.cpp:979)
ERROR: FSR1 is only available when using the Forward+ renderer.
   at: viewport_set_scaling_3d_mode (servers/rendering/renderer_viewport.cpp:979)
ERROR: FSR1 is only available when using the Forward+ renderer.
   at: viewport_set_scaling_3d_mode (servers/rendering/renderer_viewport.cpp:979)
ERROR: FSR1 is only available when using the Forward+ renderer.
   at: viewport_set_scaling_3d_mode (servers/rendering/renderer_viewport.cpp:979)
ERROR: FSR1 is only available when using the Forward+ renderer.
   at: viewport_set_scaling_3d_mode (servers/rendering/renderer_viewport.cpp:979)
ERROR: FSR1 is only available when using the Forward+ renderer.
   at: viewport_set_scaling_3d_mode (servers/rendering/renderer_viewport.cpp:979)
ERROR: FSR1 is only available when using the Forward+ renderer.
   at: viewport_set_scaling_3d_mode (servers/rendering/renderer_viewport.cpp:979)
ERROR: FSR1 is only available when using the Forward+ renderer.
   at: viewport_set_scaling_3d_mode (servers/rendering/renderer_viewport.cpp:979)
ERROR: FSR1 is only available when using the Forward+ renderer.
   at: viewport_set_scaling_3d_mode (servers/rendering/renderer_viewport.cpp:979)
ERROR: FSR1 is only available when using the Forward+ renderer.
   at: viewport_set_scaling_3d_mode (servers/rendering/renderer_viewport.cpp:979)
ERROR: FSR1 is only available when using the Forward+ renderer.
   at: viewport_set_scaling_3d_mode (servers/rendering/renderer_viewport.cpp:979)
ERROR: FSR1 is only available when using the Forward+ renderer.
   at: viewport_set_scaling_3d_mode (servers/rendering/renderer_viewport.cpp:979)
ERROR: FSR1 is only available when using the Forward+ renderer.
   at: viewport_set_scaling_3d_mode (servers/rendering/renderer_viewport.cpp:979)
ERROR: FSR1 is only available when using the Forward+ renderer.
   at: viewport_set_scaling_3d_mode (servers/rendering/renderer_viewport.cpp:979)
ERROR: FSR1 is only available when using the Forward+ renderer.
   at: viewport_set_scaling_3d_mode (servers/rendering/renderer_viewport.cpp:979)
ERROR: FSR1 is only available when using the Forward+ renderer.
   at: viewport_set_scaling_3d_mode (servers/rendering/renderer_viewport.cpp:979)
ERROR: FSR1 is only available when using the Forward+ renderer.
   at: viewport_set_scaling_3d_mode (servers/rendering/renderer_viewport.cpp:979)
ERROR: FSR1 is only available when using the Forward+ renderer.
   at: viewport_set_scaling_3d_mode (servers/rendering/renderer_viewport.cpp:979)
ERROR: FSR1 is only available when using the Forward+ renderer.
   at: viewport_set_scaling_3d_mode (servers/rendering/renderer_viewport.cpp:979)
ERROR: FSR1 is only available when using the Forward+ renderer.
   at: viewport_set_scaling_3d_mode (servers/rendering/renderer_viewport.cpp:979)
ERROR: FSR1 is only available when using the Forward+ renderer.
   at: viewport_set_scaling_3d_mode (servers/rendering/renderer_viewport.cpp:979)
ERROR: FSR1 is only available when using the Forward+ renderer.
   at: viewport_set_scaling_3d_mode (servers/rendering/renderer_viewport.cpp:979)
ERROR: FSR1 is only available when using the Forward+ renderer.
   at: viewport_set_scaling_3d_mode (servers/rendering/renderer_viewport.cpp:979)
ERROR: FSR1 is only available when using the Forward+ renderer.
   at: viewport_set_scaling_3d_mode (servers/rendering/renderer_viewport.cpp:979)
ERROR: FSR1 is only available when using the Forward+ renderer.
   at: viewport_set_scaling_3d_mode (servers/rendering/renderer_viewport.cpp:979)
ERROR: FSR1 is only available when using the Forward+ renderer.
   at: viewport_set_scaling_3d_mode (servers/rendering/renderer_viewport.cpp:979)
ERROR: FSR1 is only available when using the Forward+ renderer.
   at: viewport_set_scaling_3d_mode (servers/rendering/renderer_viewport.cpp:979)
ERROR: FSR1 is only available when using the Forward+ renderer.
   at: viewport_set_scaling_3d_mode (servers/rendering/renderer_viewport.cpp:979)
ERROR: FSR1 is only available when using the Forward+ renderer.
   at: viewport_set_scaling_3d_mode (servers/rendering/renderer_viewport.cpp:979)
ERROR: FSR1 is only available when using the Forward+ renderer.
   at: viewport_set_scaling_3d_mode (servers/rendering/renderer_viewport.cpp:979)
ERROR: FSR1 is only available when using the Forward+ renderer.
   at: viewport_set_scaling_3d_mode (servers/rendering/renderer_viewport.cpp:979)
ERROR: FSR1 is only available when using the Forward+ renderer.
   at: viewport_set_scaling_3d_mode (servers/rendering/renderer_viewport.cpp:979)
ERROR: FSR1 is only available when using the Forward+ renderer.
   at: viewport_set_scaling_3d_mode (servers/rendering/renderer_viewport.cpp:979)
ERROR: FSR1 is only available when using the Forward+ renderer.
   at: viewport_set_scaling_3d_mode (servers/rendering/renderer_viewport.cpp:979)
ERROR: FSR1 is only available when using the Forward+ renderer.
   at: viewport_set_scaling_3d_mode (servers/rendering/renderer_viewport.cpp:979)
ERROR: FSR1 is only available when using the Forward+ renderer.
   at: viewport_set_scaling_3d_mode (servers/rendering/renderer_viewport.cpp:979)
ERROR: FSR1 is only available when using the Forward+ renderer.
   at: viewport_set_scaling_3d_mode (servers/rendering/renderer_viewport.cpp:979)
ERROR: FSR1 is only available when using the Forward+ renderer.
   at: viewport_set_scaling_3d_mode (servers/rendering/renderer_viewport.cpp:979)
ERROR: FSR1 is only available when using the Forward+ renderer.
   at: viewport_set_scaling_3d_mode (servers/rendering/renderer_viewport.cpp:979)
ERROR: FSR1 is only available when using the Forward+ renderer.
   at: viewport_set_scaling_3d_mode (servers/rendering/renderer_viewport.cpp:979)
ERROR: FSR1 is only available when using the Forward+ renderer.
   at: viewport_set_scaling_3d_mode (servers/rendering/renderer_viewport.cpp:979)
ERROR: FSR1 is only available when using the Forward+ renderer.
   at: viewport_set_scaling_3d_mode (servers/rendering/renderer_viewport.cpp:979)
ERROR: FSR1 is only available when using the Forward+ renderer.
   at: viewport_set_scaling_3d_mode (servers/rendering/renderer_viewport.cpp:979)
ERROR: FSR1 is only available when using the Forward+ renderer.
   at: viewport_set_scaling_3d_mode (servers/rendering/renderer_viewport.cpp:979)
ERROR: FSR1 is only available when using the Forward+ renderer.
   at: viewport_set_scaling_3d_mode (servers/rendering/renderer_viewport.cpp:979)
ERROR: FSR1 is only available when using the Forward+ renderer.
   at: viewport_set_scaling_3d_mode (servers/rendering/renderer_viewport.cpp:979)
ERROR: FSR1 is only available when using the Forward+ renderer.
   at: viewport_set_scaling_3d_mode (servers/rendering/renderer_viewport.cpp:979)
ERROR: FSR1 is only available when using the Forward+ renderer.
   at: viewport_set_scaling_3d_mode (servers/rendering/renderer_viewport.cpp:979)
ERROR: FSR1 is only available when using the Forward+ renderer.
   at: viewport_set_scaling_3d_mode (servers/rendering/renderer_viewport.cpp:979)
ERROR: FSR1 is only available when using the Forward+ renderer.
   at: viewport_set_scaling_3d_mode (servers/rendering/renderer_viewport.cpp:979)
ERROR: FSR1 is only available when using the Forward+ renderer.
   at: viewport_set_scaling_3d_mode (servers/rendering/renderer_viewport.cpp:979)
ERROR: FSR1 is only available when using the Forward+ renderer.
   at: viewport_set_scaling_3d_mode (servers/rendering/renderer_viewport.cpp:979)
ERROR: FSR1 is only available when using the Forward+ renderer.
   at: viewport_set_scaling_3d_mode (servers/rendering/renderer_viewport.cpp:979)
ERROR: FSR1 is only available when using the Forward+ renderer.
   at: viewport_set_scaling_3d_mode (servers/rendering/renderer_viewport.cpp:979)
ERROR: FSR1 is only available when using the Forward+ renderer.
   at: viewport_set_scaling_3d_mode (servers/rendering/renderer_viewport.cpp:979)
ERROR: FSR1 is only available when using the Forward+ renderer.
   at: viewport_set_scaling_3d_mode (servers/rendering/renderer_viewport.cpp:979)
ERROR: FSR1 is only available when using the Forward+ renderer.
   at: viewport_set_scaling_3d_mode (servers/rendering/renderer_viewport.cpp:979)
ERROR: FSR1 is only available when using the Forward+ renderer.
   at: viewport_set_scaling_3d_mode (servers/rendering/renderer_viewport.cpp:979)
ERROR: FSR1 is only available when using the Forward+ renderer.
   at: viewport_set_scaling_3d_mode (servers/rendering/renderer_viewport.cpp:979)
ERROR: FSR1 is only available when using the Forward+ renderer.
   at: viewport_set_scaling_3d_mode (servers/rendering/renderer_viewport.cpp:979)
ERROR: FSR1 is only available when using the Forward+ renderer.
   at: viewport_set_scaling_3d_mode (servers/rendering/renderer_viewport.cpp:979)
ERROR: FSR1 is only available when using the Forward+ renderer.
   at: viewport_set_scaling_3d_mode (servers/rendering/renderer_viewport.cpp:979)
ERROR: FSR1 is only available when using the Forward+ renderer.
   at: viewport_set_scaling_3d_mode (servers/rendering/renderer_viewport.cpp:979)
ERROR: FSR1 is only available when using the Forward+ renderer.
   at: viewport_set_scaling_3d_mode (servers/rendering/renderer_viewport.cpp:979)
ERROR: FSR1 is only available when using the Forward+ renderer.
   at: viewport_set_scaling_3d_mode (servers/rendering/renderer_viewport.cpp:979)
ERROR: FSR1 is only available when using the Forward+ renderer.
   at: viewport_set_scaling_3d_mode (servers/rendering/renderer_viewport.cpp:979)
ERROR: FSR1 is only available when using the Forward+ renderer.
   at: viewport_set_scaling_3d_mode (servers/rendering/renderer_viewport.cpp:979)
ERROR: FSR1 is only available when using the Forward+ renderer.
   at: viewport_set_scaling_3d_mode (servers/rendering/renderer_viewport.cpp:979)
ERROR: FSR1 is only available when using the Forward+ renderer.
   at: viewport_set_scaling_3d_mode (servers/rendering/renderer_viewport.cpp:979)
ERROR: FSR1 is only available when using the Forward+ renderer.
   at: viewport_set_scaling_3d_mode (servers/rendering/renderer_viewport.cpp:979)
ERROR: FSR1 is only available when using the Forward+ renderer.
   at: viewport_set_scaling_3d_mode (servers/rendering/renderer_viewport.cpp:979)
ERROR: FSR1 is only available when using the Forward+ renderer.
   at: viewport_set_scaling_3d_mode (servers/rendering/renderer_viewport.cpp:979)
ERROR: FSR1 is only available when using the Forward+ renderer.
   at: viewport_set_scaling_3d_mode (servers/rendering/renderer_viewport.cpp:979)
ERROR: FSR1 is only available when using the Forward+ renderer.
   at: viewport_set_scaling_3d_mode (servers/rendering/renderer_viewport.cpp:979)
ERROR: FSR1 is only available when using the Forward+ renderer.
   at: viewport_set_scaling_3d_mode (servers/rendering/renderer_viewport.cpp:979)
ERROR: FSR1 is only available when using the Forward+ renderer.
   at: viewport_set_scaling_3d_mode (servers/rendering/renderer_viewport.cpp:979)
ERROR: FSR1 is only available when using the Forward+ renderer.
   at: viewport_set_scaling_3d_mode (servers/rendering/renderer_viewport.cpp:979)
ERROR: FSR1 is only available when using the Forward+ renderer.
   at: viewport_set_scaling_3d_mode (servers/rendering/renderer_viewport.cpp:979)
ERROR: FSR1 is only available when using the Forward+ renderer.
   at: viewport_set_scaling_3d_mode (servers/rendering/renderer_viewport.cpp:979)
ERROR: FSR1 is only available when using the Forward+ renderer.
   at: viewport_set_scaling_3d_mode (servers/rendering/renderer_viewport.cpp:979)
ERROR: FSR1 is only available when using the Forward+ renderer.
   at: viewport_set_scaling_3d_mode (servers/rendering/renderer_viewport.cpp:979)
ERROR: FSR1 is only available when using the Forward+ renderer.
   at: viewport_set_scaling_3d_mode (servers/rendering/renderer_viewport.cpp:979)
ERROR: FSR1 is only available when using the Forward+ renderer.
   at: viewport_set_scaling_3d_mode (servers/rendering/renderer_viewport.cpp:979)
ERROR: FSR1 is only available when using the Forward+ renderer.
   at: viewport_set_scaling_3d_mode (servers/rendering/renderer_viewport.cpp:979)
ERROR: FSR1 is only available when using the Forward+ renderer.
   at: viewport_set_scaling_3d_mode (servers/rendering/renderer_viewport.cpp:979)
ERROR: FSR1 is only available when using the Forward+ renderer.
   at: viewport_set_scaling_3d_mode (servers/rendering/renderer_viewport.cpp:979)
ERROR: FSR1 is only available when using the Forward+ renderer.
   at: viewport_set_scaling_3d_mode (servers/rendering/renderer_viewport.cpp:979)
ERROR: FSR1 is only available when using the Forward+ renderer.
   at: viewport_set_scaling_3d_mode (servers/rendering/renderer_viewport.cpp:979)
ERROR: FSR1 is only available when using the Forward+ renderer.
   at: viewport_set_scaling_3d_mode (servers/rendering/renderer_viewport.cpp:979)
ERROR: FSR1 is only available when using the Forward+ renderer.
   at: viewport_set_scaling_3d_mode (servers/rendering/renderer_viewport.cpp:979)
ERROR: FSR1 is only available when using the Forward+ renderer.
   at: viewport_set_scaling_3d_mode (servers/rendering/renderer_viewport.cpp:979)
ERROR: FSR1 is only available when using the Forward+ renderer.
   at: viewport_set_scaling_3d_mode (servers/rendering/renderer_viewport.cpp:979)
ERROR: FSR1 is only available when using the Forward+ renderer.
   at: viewport_set_scaling_3d_mode (servers/rendering/renderer_viewport.cpp:979)
ERROR: FSR1 is only available when using the Forward+ renderer.
   at: viewport_set_scaling_3d_mode (servers/rendering/renderer_viewport.cpp:979)
ERROR: FSR1 is only available when using the Forward+ renderer.
   at: viewport_set_scaling_3d_mode (servers/rendering/renderer_viewport.cpp:979)
ERROR: FSR1 is only available when using the Forward+ renderer.
   at: viewport_set_scaling_3d_mode (servers/rendering/renderer_viewport.cpp:979)
ERROR: FSR1 is only available when using the Forward+ renderer.
   at: viewport_set_scaling_3d_mode (servers/rendering/renderer_viewport.cpp:979)
ERROR: FSR1 is only available when using the Forward+ renderer.
   at: viewport_set_scaling_3d_mode (servers/rendering/renderer_viewport.cpp:979)
ERROR: FSR1 is only available when using the Forward+ renderer.
   at: viewport_set_scaling_3d_mode (servers/rendering/renderer_viewport.cpp:979)
ERROR: FSR1 is only available when using the Forward+ renderer.
   at: viewport_set_scaling_3d_mode (servers/rendering/renderer_viewport.cpp:979)
ERROR: FSR1 is only available when using the Forward+ renderer.
   at: viewport_set_scaling_3d_mode (servers/rendering/renderer_viewport.cpp:979)
ERROR: FSR1 is only available when using the Forward+ renderer.
   at: viewport_set_scaling_3d_mode (servers/rendering/renderer_viewport.cpp:979)
ERROR: FSR1 is only available when using the Forward+ renderer.
   at: viewport_set_scaling_3d_mode (servers/rendering/renderer_viewport.cpp:979)
ERROR: FSR1 is only available when using the Forward+ renderer.
   at: viewport_set_scaling_3d_mode (servers/rendering/renderer_viewport.cpp:979)
ERROR: FSR1 is only available when using the Forward+ renderer.
   at: viewport_set_scaling_3d_mode (servers/rendering/renderer_viewport.cpp:979)
ERROR: FSR1 is only available when using the Forward+ renderer.
   at: viewport_set_scaling_3d_mode (servers/rendering/renderer_viewport.cpp:979)
ERROR: FSR1 is only available when using the Forward+ renderer.
   at: viewport_set_scaling_3d_mode (servers/rendering/renderer_viewport.cpp:979)
ERROR: FSR1 is only available when using the Forward+ renderer.
   at: viewport_set_scaling_3d_mode (servers/rendering/renderer_viewport.cpp:979)
ERROR: FSR1 is only available when using the Forward+ renderer.
   at: viewport_set_scaling_3d_mode (servers/rendering/renderer_viewport.cpp:979)
ERROR: FSR1 is only available when using the Forward+ renderer.
   at: viewport_set_scaling_3d_mode (servers/rendering/renderer_viewport.cpp:979)
ERROR: FSR1 is only available when using the Forward+ renderer.
   at: viewport_set_scaling_3d_mode (servers/rendering/renderer_viewport.cpp:979)
ERROR: FSR1 is only available when using the Forward+ renderer.
   at: viewport_set_scaling_3d_mode (servers/rendering/renderer_viewport.cpp:979)
ERROR: FSR1 is only available when using the Forward+ renderer.
   at: viewport_set_scaling_3d_mode (servers/rendering/renderer_viewport.cpp:979)
ERROR: FSR1 is only available when using the Forward+ renderer.
   at: viewport_set_scaling_3d_mode (servers/rendering/renderer_viewport.cpp:979)
ERROR: FSR1 is only available when using the Forward+ renderer.
   at: viewport_set_scaling_3d_mode (servers/rendering/renderer_viewport.cpp:979)
ERROR: FSR1 is only available when using the Forward+ renderer.
   at: viewport_set_scaling_3d_mode (servers/rendering/renderer_viewport.cpp:979)
ERROR: FSR1 is only available when using the Forward+ renderer.
   at: viewport_set_scaling_3d_mode (servers/rendering/renderer_viewport.cpp:979)
ERROR: FSR1 is only available when using the Forward+ renderer.
   at: viewport_set_scaling_3d_mode (servers/rendering/renderer_viewport.cpp:979)
ERROR: FSR1 is only available when using the Forward+ renderer.
   at: viewport_set_scaling_3d_mode (servers/rendering/renderer_viewport.cpp:979)
ERROR: FSR1 is only available when using the Forward+ renderer.
   at: viewport_set_scaling_3d_mode (servers/rendering/renderer_viewport.cpp:979)
ERROR: FSR1 is only available when using the Forward+ renderer.
   at: viewport_set_scaling_3d_mode (servers/rendering/renderer_viewport.cpp:979)
ERROR: FSR1 is only available when using the Forward+ renderer.
   at: viewport_set_scaling_3d_mode (servers/rendering/renderer_viewport.cpp:979)
ERROR: FSR1 is only available when using the Forward+ renderer.
   at: viewport_set_scaling_3d_mode (servers/rendering/renderer_viewport.cpp:979)
ERROR: FSR1 is only available when using the Forward+ renderer.
   at: viewport_set_scaling_3d_mode (servers/rendering/renderer_viewport.cpp:979)
ERROR: FSR1 is only available when using the Forward+ renderer.
   at: viewport_set_scaling_3d_mode (servers/rendering/renderer_viewport.cpp:979)
ERROR: FSR1 is only available when using the Forward+ renderer.
   at: viewport_set_scaling_3d_mode (servers/rendering/renderer_viewport.cpp:979)
ERROR: FSR1 is only available when using the Forward+ renderer.
   at: viewport_set_scaling_3d_mode (servers/rendering/renderer_viewport.cpp:979)
ERROR: FSR1 is only available when using the Forward+ renderer.
   at: viewport_set_scaling_3d_mode (servers/rendering/renderer_viewport.cpp:979)
ERROR: FSR1 is only available when using the Forward+ renderer.
   at: viewport_set_scaling_3d_mode (servers/rendering/renderer_viewport.cpp:979)
ERROR: FSR1 is only available when using the Forward+ renderer.
   at: viewport_set_scaling_3d_mode (servers/rendering/renderer_viewport.cpp:979)
ERROR: FSR1 is only available when using the Forward+ renderer.
   at: viewport_set_scaling_3d_mode (servers/rendering/renderer_viewport.cpp:979)
ERROR: FSR1 is only available when using the Forward+ renderer.
   at: viewport_set_scaling_3d_mode (servers/rendering/renderer_viewport.cpp:979)
ERROR: FSR1 is only available when using the Forward+ renderer.
   at: viewport_set_scaling_3d_mode (servers/rendering/renderer_viewport.cpp:979)
ERROR: FSR1 is only available when using the Forward+ renderer.
   at: viewport_set_scaling_3d_mode (servers/rendering/renderer_viewport.cpp:979)
ERROR: FSR1 is only available when using the Forward+ renderer.
   at: viewport_set_scaling_3d_mode (servers/rendering/renderer_viewport.cpp:979)
ERROR: FSR1 is only available when using the Forward+ renderer.
   at: viewport_set_scaling_3d_mode (servers/rendering/renderer_viewport.cpp:979)
ERROR: FSR1 is only available when using the Forward+ renderer.
   at: viewport_set_scaling_3d_mode (servers/rendering/renderer_viewport.cpp:979)
ERROR: FSR1 is only available when using the Forward+ renderer.
   at: viewport_set_scaling_3d_mode (servers/rendering/renderer_viewport.cpp:979)
ERROR: FSR1 is only available when using the Forward+ renderer.
   at: viewport_set_scaling_3d_mode (servers/rendering/renderer_viewport.cpp:979)
ERROR: FSR1 is only available when using the Forward+ renderer.
   at: viewport_set_scaling_3d_mode (servers/rendering/renderer_viewport.cpp:979)
ERROR: FSR1 is only available when using the Forward+ renderer.
   at: viewport_set_scaling_3d_mode (servers/rendering/renderer_viewport.cpp:979)
ERROR: FSR1 is only available when using the Forward+ renderer.
   at: viewport_set_scaling_3d_mode (servers/rendering/renderer_viewport.cpp:979)
ERROR: FSR1 is only available when using the Forward+ renderer.
   at: viewport_set_scaling_3d_mode (servers/rendering/renderer_viewport.cpp:979)
ERROR: FSR1 is only available when using the Forward+ renderer.
   at: viewport_set_scaling_3d_mode (servers/rendering/renderer_viewport.cpp:979)
ERROR: FSR1 is only available when using the Forward+ renderer.
   at: viewport_set_scaling_3d_mode (servers/rendering/renderer_viewport.cpp:979)
ERROR: FSR1 is only available when using the Forward+ renderer.
   at: viewport_set_scaling_3d_mode (servers/rendering/renderer_viewport.cpp:979)
ERROR: FSR1 is only available when using the Forward+ renderer.
   at: viewport_set_scaling_3d_mode (servers/rendering/renderer_viewport.cpp:979)
ERROR: FSR1 is only available when using the Forward+ renderer.
   at: viewport_set_scaling_3d_mode (servers/rendering/renderer_viewport.cpp:979)
ERROR: FSR1 is only available when using the Forward+ renderer.
   at: viewport_set_scaling_3d_mode (servers/rendering/renderer_viewport.cpp:979)
ERROR: FSR1 is only available when using the Forward+ renderer.
   at: viewport_set_scaling_3d_mode (servers/rendering/renderer_viewport.cpp:979)
ERROR: FSR1 is only available when using the Forward+ renderer.
   at: viewport_set_scaling_3d_mode (servers/rendering/renderer_viewport.cpp:979)
ERROR: FSR1 is only available when using the Forward+ renderer.
   at: viewport_set_scaling_3d_mode (servers/rendering/renderer_viewport.cpp:979)
ERROR: FSR1 is only available when using the Forward+ renderer.
   at: viewport_set_scaling_3d_mode (servers/rendering/renderer_viewport.cpp:979)
ERROR: FSR1 is only available when using the Forward+ renderer.
   at: viewport_set_scaling_3d_mode (servers/rendering/renderer_viewport.cpp:979)
ERROR: FSR1 is only available when using the Forward+ renderer.
   at: viewport_set_scaling_3d_mode (servers/rendering/renderer_viewport.cpp:979)
ERROR: FSR1 is only available when using the Forward+ renderer.
   at: viewport_set_scaling_3d_mode (servers/rendering/renderer_viewport.cpp:979)
ERROR: FSR1 is only available when using the Forward+ renderer.
   at: viewport_set_scaling_3d_mode (servers/rendering/renderer_viewport.cpp:979)
ERROR: FSR1 is only available when using the Forward+ renderer.
   at: viewport_set_scaling_3d_mode (servers/rendering/renderer_viewport.cpp:979)
ERROR: FSR1 is only available when using the Forward+ renderer.
   at: viewport_set_scaling_3d_mode (servers/rendering/renderer_viewport.cpp:979)
ERROR: FSR1 is only available when using the Forward+ renderer.
   at: viewport_set_scaling_3d_mode (servers/rendering/renderer_viewport.cpp:979)
ERROR: FSR1 is only available when using the Forward+ renderer.
   at: viewport_set_scaling_3d_mode (servers/rendering/renderer_viewport.cpp:979)
ERROR: FSR1 is only available when using the Forward+ renderer.
   at: viewport_set_scaling_3d_mode (servers/rendering/renderer_viewport.cpp:979)
ERROR: FSR1 is only available when using the Forward+ renderer.
   at: viewport_set_scaling_3d_mode (servers/rendering/renderer_viewport.cpp:979)
ERROR: FSR1 is only available when using the Forward+ renderer.
   at: viewport_set_scaling_3d_mode (servers/rendering/renderer_viewport.cpp:979)
ERROR: FSR1 is only available when using the Forward+ renderer.
   at: viewport_set_scaling_3d_mode (servers/rendering/renderer_viewport.cpp:979)
ERROR: FSR1 is only available when using the Forward+ renderer.
   at: viewport_set_scaling_3d_mode (servers/rendering/renderer_viewport.cpp:979)
ERROR: FSR1 is only available when using the Forward+ renderer.
   at: viewport_set_scaling_3d_mode (servers/rendering/renderer_viewport.cpp:979)
ERROR: FSR1 is only available when using the Forward+ renderer.
   at: viewport_set_scaling_3d_mode (servers/rendering/renderer_viewport.cpp:979)
ERROR: FSR1 is only available when using the Forward+ renderer.
   at: viewport_set_scaling_3d_mode (servers/rendering/renderer_viewport.cpp:979)
ERROR: FSR1 is only available when using the Forward+ renderer.
   at: viewport_set_scaling_3d_mode (servers/rendering/renderer_viewport.cpp:979)
ERROR: FSR1 is only available when using the Forward+ renderer.
   at: viewport_set_scaling_3d_mode (servers/rendering/renderer_viewport.cpp:979)
ERROR: FSR1 is only available when using the Forward+ renderer.
   at: viewport_set_scaling_3d_mode (servers/rendering/renderer_viewport.cpp:979)
ERROR: FSR1 is only available when using the Forward+ renderer.
   at: viewport_set_scaling_3d_mode (servers/rendering/renderer_viewport.cpp:979)
ERROR: FSR1 is only available when using the Forward+ renderer.
   at: viewport_set_scaling_3d_mode (servers/rendering/renderer_viewport.cpp:979)
ERROR: FSR1 is only available when using the Forward+ renderer.
   at: viewport_set_scaling_3d_mode (servers/rendering/renderer_viewport.cpp:979)
ERROR: FSR1 is only available when using the Forward+ renderer.
   at: viewport_set_scaling_3d_mode (servers/rendering/renderer_viewport.cpp:979)
ERROR: FSR1 is only available when using the Forward+ renderer.
   at: viewport_set_scaling_3d_mode (servers/rendering/renderer_viewport.cpp:979)
ERROR: FSR1 is only available when using the Forward+ renderer.
   at: viewport_set_scaling_3d_mode (servers/rendering/renderer_viewport.cpp:979)
ERROR: FSR1 is only available when using the Forward+ renderer.
   at: viewport_set_scaling_3d_mode (servers/rendering/renderer_viewport.cpp:979)
ERROR: FSR1 is only available when using the Forward+ renderer.
   at: viewport_set_scaling_3d_mode (servers/rendering/renderer_viewport.cpp:979)
ERROR: FSR1 is only available when using the Forward+ renderer.
   at: viewport_set_scaling_3d_mode (servers/rendering/renderer_viewport.cpp:979)
ERROR: FSR1 is only available when using the Forward+ renderer.
   at: viewport_set_scaling_3d_mode (servers/rendering/renderer_viewport.cpp:979)
ERROR: FSR1 is only available when using the Forward+ renderer.
   at: viewport_set_scaling_3d_mode (servers/rendering/renderer_viewport.cpp:979)
ERROR: FSR1 is only available when using the Forward+ renderer.
   at: viewport_set_scaling_3d_mode (servers/rendering/renderer_viewport.cpp:979)
ERROR: FSR1 is only available when using the Forward+ renderer.
   at: viewport_set_scaling_3d_mode (servers/rendering/renderer_viewport.cpp:979)
ERROR: FSR1 is only available when using the Forward+ renderer.
   at: viewport_set_scaling_3d_mode (servers/rendering/renderer_viewport.cpp:979)
ERROR: FSR1 is only available when using the Forward+ renderer.
   at: viewport_set_scaling_3d_mode (servers/rendering/renderer_viewport.cpp:979)
ERROR: FSR1 is only available when using the Forward+ renderer.
   at: viewport_set_scaling_3d_mode (servers/rendering/renderer_viewport.cpp:979)
ERROR: FSR1 is only available when using the Forward+ renderer.
   at: viewport_set_scaling_3d_mode (servers/rendering/renderer_viewport.cpp:979)
ERROR: FSR1 is only available when using the Forward+ renderer.
   at: viewport_set_scaling_3d_mode (servers/rendering/renderer_viewport.cpp:979)
ERROR: FSR1 is only available when using the Forward+ renderer.
   at: viewport_set_scaling_3d_mode (servers/rendering/renderer_viewport.cpp:979)
ERROR: FSR1 is only available when using the Forward+ renderer.
   at: viewport_set_scaling_3d_mode (servers/rendering/renderer_viewport.cpp:979)
ERROR: FSR1 is only available when using the Forward+ renderer.
   at: viewport_set_scaling_3d_mode (servers/rendering/renderer_viewport.cpp:979)
ERROR: FSR1 is only available when using the Forward+ renderer.
   at: viewport_set_scaling_3d_mode (servers/rendering/renderer_viewport.cpp:979)
ERROR: FSR1 is only available when using the Forward+ renderer.
   at: viewport_set_scaling_3d_mode (servers/rendering/renderer_viewport.cpp:979)
ERROR: FSR1 is only available when using the Forward+ renderer.
   at: viewport_set_scaling_3d_mode (servers/rendering/renderer_viewport.cpp:979)
ERROR: FSR1 is only available when using the Forward+ renderer.
   at: viewport_set_scaling_3d_mode (servers/rendering/renderer_viewport.cpp:979)
ERROR: FSR1 is only available when using the Forward+ renderer.
   at: viewport_set_scaling_3d_mode (servers/rendering/renderer_viewport.cpp:979)
ERROR: FSR1 is only available when using the Forward+ renderer.
   at: viewport_set_scaling_3d_mode (servers/rendering/renderer_viewport.cpp:979)
ERROR: FSR1 is only available when using the Forward+ renderer.
   at: viewport_set_scaling_3d_mode (servers/rendering/renderer_viewport.cpp:979)
ERROR: FSR1 is only available when using the Forward+ renderer.
   at: viewport_set_scaling_3d_mode (servers/rendering/renderer_viewport.cpp:979)
ERROR: FSR1 is only available when using the Forward+ renderer.
   at: viewport_set_scaling_3d_mode (servers/rendering/renderer_viewport.cpp:979)
ERROR: FSR1 is only available when using the Forward+ renderer.
   at: viewport_set_scaling_3d_mode (servers/rendering/renderer_viewport.cpp:979)
ERROR: FSR1 is only available when using the Forward+ renderer.
   at: viewport_set_scaling_3d_mode (servers/rendering/renderer_viewport.cpp:979)
ERROR: FSR1 is only available when using the Forward+ renderer.
   at: viewport_set_scaling_3d_mode (servers/rendering/renderer_viewport.cpp:979)
ERROR: FSR1 is only available when using the Forward+ renderer.
   at: viewport_set_scaling_3d_mode (servers/rendering/renderer_viewport.cpp:979)
ERROR: FSR1 is only available when using the Forward+ renderer.
   at: viewport_set_scaling_3d_mode (servers/rendering/renderer_viewport.cpp:979)
ERROR: FSR1 is only available when using the Forward+ renderer.
   at: viewport_set_scaling_3d_mode (servers/rendering/renderer_viewport.cpp:979)
ERROR: FSR1 is only available when using the Forward+ renderer.
   at: viewport_set_scaling_3d_mode (servers/rendering/renderer_viewport.cpp:979)
ERROR: FSR1 is only available when using the Forward+ renderer.
   at: viewport_set_scaling_3d_mode (servers/rendering/renderer_viewport.cpp:979)
ERROR: FSR1 is only available when using the Forward+ renderer.
   at: viewport_set_scaling_3d_mode (servers/rendering/renderer_viewport.cpp:979)
ERROR: FSR1 is only available when using the Forward+ renderer.
   at: viewport_set_scaling_3d_mode (servers/rendering/renderer_viewport.cpp:979)
ERROR: FSR1 is only available when using the Forward+ renderer.
   at: viewport_set_scaling_3d_mode (servers/rendering/renderer_viewport.cpp:979)
ERROR: FSR1 is only available when using the Forward+ renderer.
   at: viewport_set_scaling_3d_mode (servers/rendering/renderer_viewport.cpp:979)
ERROR: FSR1 is only available when using the Forward+ renderer.
   at: viewport_set_scaling_3d_mode (servers/rendering/renderer_viewport.cpp:979)
ERROR: FSR1 is only available when using the Forward+ renderer.
   at: viewport_set_scaling_3d_mode (servers/rendering/renderer_viewport.cpp:979)
ERROR: FSR1 is only available when using the Forward+ renderer.
   at: viewport_set_scaling_3d_mode (servers/rendering/renderer_viewport.cpp:979)
ERROR: FSR1 is only available when using the Forward+ renderer.
   at: viewport_set_scaling_3d_mode (servers/rendering/renderer_viewport.cpp:979)
ERROR: FSR1 is only available when using the Forward+ renderer.
   at: viewport_set_scaling_3d_mode (servers/rendering/renderer_viewport.cpp:979)
ERROR: FSR1 is only available when using the Forward+ renderer.
   at: viewport_set_scaling_3d_mode (servers/rendering/renderer_viewport.cpp:979)
ERROR: FSR1 is only available when using the Forward+ renderer.
   at: viewport_set_scaling_3d_mode (servers/rendering/renderer_viewport.cpp:979)
ERROR: FSR1 is only available when using the Forward+ renderer.
   at: viewport_set_scaling_3d_mode (servers/rendering/renderer_viewport.cpp:979)
ERROR: FSR1 is only available when using the Forward+ renderer.
   at: viewport_set_scaling_3d_mode (servers/rendering/renderer_viewport.cpp:979)
ERROR: FSR1 is only available when using the Forward+ renderer.
   at: viewport_set_scaling_3d_mode (servers/rendering/renderer_viewport.cpp:979)
ERROR: FSR1 is only available when using the Forward+ renderer.
   at: viewport_set_scaling_3d_mode (servers/rendering/renderer_viewport.cpp:979)
ERROR: FSR1 is only available when using the Forward+ renderer.
   at: viewport_set_scaling_3d_mode (servers/rendering/renderer_viewport.cpp:979)
ERROR: FSR1 is only available when using the Forward+ renderer.
   at: viewport_set_scaling_3d_mode (servers/rendering/renderer_viewport.cpp:979)
ERROR: FSR1 is only available when using the Forward+ renderer.
   at: viewport_set_scaling_3d_mode (servers/rendering/renderer_viewport.cpp:979)
ERROR: FSR1 is only available when using the Forward+ renderer.
   at: viewport_set_scaling_3d_mode (servers/rendering/renderer_viewport.cpp:979)
ERROR: FSR1 is only available when using the Forward+ renderer.
   at: viewport_set_scaling_3d_mode (servers/rendering/renderer_viewport.cpp:979)
ERROR: FSR1 is only available when using the Forward+ renderer.
   at: viewport_set_scaling_3d_mode (servers/rendering/renderer_viewport.cpp:979)
ERROR: FSR1 is only available when using the Forward+ renderer.
   at: viewport_set_scaling_3d_mode (servers/rendering/renderer_viewport.cpp:979)
ERROR: FSR1 is only available when using the Forward+ renderer.
   at: viewport_set_scaling_3d_mode (servers/rendering/renderer_viewport.cpp:979)
ERROR: FSR1 is only available when using the Forward+ renderer.
   at: viewport_set_scaling_3d_mode (servers/rendering/renderer_viewport.cpp:979)
ERROR: FSR1 is only available when using the Forward+ renderer.
   at: viewport_set_scaling_3d_mode (servers/rendering/renderer_viewport.cpp:979)
ERROR: FSR1 is only available when using the Forward+ renderer.
   at: viewport_set_scaling_3d_mode (servers/rendering/renderer_viewport.cpp:979)
ERROR: FSR1 is only available when using the Forward+ renderer.
   at: viewport_set_scaling_3d_mode (servers/rendering/renderer_viewport.cpp:979)
ERROR: FSR1 is only available when using the Forward+ renderer.
   at: viewport_set_scaling_3d_mode (servers/rendering/renderer_viewport.cpp:979)
ERROR: FSR1 is only available when using the Forward+ renderer.
   at: viewport_set_scaling_3d_mode (servers/rendering/renderer_viewport.cpp:979)
ERROR: FSR1 is only available when using the Forward+ renderer.
   at: viewport_set_scaling_3d_mode (servers/rendering/renderer_viewport.cpp:979)
ERROR: FSR1 is only available when using the Forward+ renderer.
   at: viewport_set_scaling_3d_mode (servers/rendering/renderer_viewport.cpp:979)
ERROR: FSR1 is only available when using the Forward+ renderer.
   at: viewport_set_scaling_3d_mode (servers/rendering/renderer_viewport.cpp:979)
ERROR: FSR1 is only available when using the Forward+ renderer.
   at: viewport_set_scaling_3d_mode (servers/rendering/renderer_viewport.cpp:979)
ERROR: FSR1 is only available when using the Forward+ renderer.
   at: viewport_set_scaling_3d_mode (servers/rendering/renderer_viewport.cpp:979)
ERROR: FSR1 is only available when using the Forward+ renderer.
   at: viewport_set_scaling_3d_mode (servers/rendering/renderer_viewport.cpp:979)
ERROR: FSR1 is only available when using the Forward+ renderer.
   at: viewport_set_scaling_3d_mode (servers/rendering/renderer_viewport.cpp:979)
ERROR: FSR1 is only available when using the Forward+ renderer.
   at: viewport_set_scaling_3d_mode (servers/rendering/renderer_viewport.cpp:979)
ERROR: FSR1 is only available when using the Forward+ renderer.
   at: viewport_set_scaling_3d_mode (servers/rendering/renderer_viewport.cpp:979)
ERROR: FSR1 is only available when using the Forward+ renderer.
   at: viewport_set_scaling_3d_mode (servers/rendering/renderer_viewport.cpp:979)
ERROR: FSR1 is only available when using the Forward+ renderer.
   at: viewport_set_scaling_3d_mode (servers/rendering/renderer_viewport.cpp:979)
ERROR: FSR1 is only available when using the Forward+ renderer.
   at: viewport_set_scaling_3d_mode (servers/rendering/renderer_viewport.cpp:979)
ERROR: FSR1 is only available when using the Forward+ renderer.
   at: viewport_set_scaling_3d_mode (servers/rendering/renderer_viewport.cpp:979)
ERROR: FSR1 is only available when using the Forward+ renderer.
   at: viewport_set_scaling_3d_mode (servers/rendering/renderer_viewport.cpp:979)
ERROR: FSR1 is only available when using the Forward+ renderer.
   at: viewport_set_scaling_3d_mode (servers/rendering/renderer_viewport.cpp:979)
ERROR: FSR1 is only available when using the Forward+ renderer.
   at: viewport_set_scaling_3d_mode (servers/rendering/renderer_viewport.cpp:979)
ERROR: FSR1 is only available when using the Forward+ renderer.
   at: viewport_set_scaling_3d_mode (servers/rendering/renderer_viewport.cpp:979)
ERROR: FSR1 is only available when using the Forward+ renderer.
   at: viewport_set_scaling_3d_mode (servers/rendering/renderer_viewport.cpp:979)
ERROR: FSR1 is only available when using the Forward+ renderer.
   at: viewport_set_scaling_3d_mode (servers/rendering/renderer_viewport.cpp:979)
ERROR: FSR1 is only available when using the Forward+ renderer.
   at: viewport_set_scaling_3d_mode (servers/rendering/renderer_viewport.cpp:979)
ERROR: FSR1 is only available when using the Forward+ renderer.
   at: viewport_set_scaling_3d_mode (servers/rendering/renderer_viewport.cpp:979)
ERROR: FSR1 is only available when using the Forward+ renderer.
   at: viewport_set_scaling_3d_mode (servers/rendering/renderer_viewport.cpp:979)
ERROR: FSR1 is only available when using the Forward+ renderer.
   at: viewport_set_scaling_3d_mode (servers/rendering/renderer_viewport.cpp:979)
ERROR: FSR1 is only available when using the Forward+ renderer.
   at: viewport_set_scaling_3d_mode (servers/rendering/renderer_viewport.cpp:979)
ERROR: FSR1 is only available when using the Forward+ renderer.
   at: viewport_set_scaling_3d_mode (servers/rendering/renderer_viewport.cpp:979)
ERROR: FSR1 is only available when using the Forward+ renderer.
   at: viewport_set_scaling_3d_mode (servers/rendering/renderer_viewport.cpp:979)
ERROR: FSR1 is only available when using the Forward+ renderer.
   at: viewport_set_scaling_3d_mode (servers/rendering/renderer_viewport.cpp:979)
ERROR: FSR1 is only available when using the Forward+ renderer.
   at: viewport_set_scaling_3d_mode (servers/rendering/renderer_viewport.cpp:979)
ERROR: FSR1 is only available when using the Forward+ renderer.
   at: viewport_set_scaling_3d_mode (servers/rendering/renderer_viewport.cpp:979)
ERROR: FSR1 is only available when using the Forward+ renderer.
   at: viewport_set_scaling_3d_mode (servers/rendering/renderer_viewport.cpp:979)
ERROR: FSR1 is only available when using the Forward+ renderer.
   at: viewport_set_scaling_3d_mode (servers/rendering/renderer_viewport.cpp:979)
ERROR: FSR1 is only available when using the Forward+ renderer.
   at: viewport_set_scaling_3d_mode (servers/rendering/renderer_viewport.cpp:979)
ERROR: FSR1 is only available when using the Forward+ renderer.
   at: viewport_set_scaling_3d_mode (servers/rendering/renderer_viewport.cpp:979)
ERROR: FSR1 is only available when using the Forward+ renderer.
   at: viewport_set_scaling_3d_mode (servers/rendering/renderer_viewport.cpp:979)
ERROR: FSR1 is only available when using the Forward+ renderer.
   at: viewport_set_scaling_3d_mode (servers/rendering/renderer_viewport.cpp:979)
ERROR: FSR1 is only available when using the Forward+ renderer.
   at: viewport_set_scaling_3d_mode (servers/rendering/renderer_viewport.cpp:979)
ERROR: FSR1 is only available when using the Forward+ renderer.
   at: viewport_set_scaling_3d_mode (servers/rendering/renderer_viewport.cpp:979)
ERROR: FSR1 is only available when using the Forward+ renderer.
   at: viewport_set_scaling_3d_mode (servers/rendering/renderer_viewport.cpp:979)
ERROR: FSR1 is only available when using the Forward+ renderer.
   at: viewport_set_scaling_3d_mode (servers/rendering/renderer_viewport.cpp:979)
ERROR: FSR1 is only available when using the Forward+ renderer.
   at: viewport_set_scaling_3d_mode (servers/rendering/renderer_viewport.cpp:979)
ERROR: FSR1 is only available when using the Forward+ renderer.
   at: viewport_set_scaling_3d_mode (servers/rendering/renderer_viewport.cpp:979)
ERROR: FSR1 is only available when using the Forward+ renderer.
   at: viewport_set_scaling_3d_mode (servers/rendering/renderer_viewport.cpp:979)
ERROR: FSR1 is only available when using the Forward+ renderer.
   at: viewport_set_scaling_3d_mode (servers/rendering/renderer_viewport.cpp:979)
ERROR: FSR1 is only available when using the Forward+ renderer.
   at: viewport_set_scaling_3d_mode (servers/rendering/renderer_viewport.cpp:979)
ERROR: FSR1 is only available when using the Forward+ renderer.
   at: viewport_set_scaling_3d_mode (servers/rendering/renderer_viewport.cpp:979)
ERROR: FSR1 is only available when using the Forward+ renderer.
   at: viewport_set_scaling_3d_mode (servers/rendering/renderer_viewport.cpp:979)
ERROR: FSR1 is only available when using the Forward+ renderer.
   at: viewport_set_scaling_3d_mode (servers/rendering/renderer_viewport.cpp:979)
ERROR: FSR1 is only available when using the Forward+ renderer.
   at: viewport_set_scaling_3d_mode (servers/rendering/renderer_viewport.cpp:979)
ERROR: FSR1 is only available when using the Forward+ renderer.
   at: viewport_set_scaling_3d_mode (servers/rendering/renderer_viewport.cpp:979)
ERROR: FSR1 is only available when using the Forward+ renderer.
   at: viewport_set_scaling_3d_mode (servers/rendering/renderer_viewport.cpp:979)
ERROR: FSR1 is only available when using the Forward+ renderer.
   at: viewport_set_scaling_3d_mode (servers/rendering/renderer_viewport.cpp:979)
ERROR: FSR1 is only available when using the Forward+ renderer.
   at: viewport_set_scaling_3d_mode (servers/rendering/renderer_viewport.cpp:979)
ERROR: FSR1 is only available when using the Forward+ renderer.
   at: viewport_set_scaling_3d_mode (servers/rendering/renderer_viewport.cpp:979)
ERROR: FSR1 is only available when using the Forward+ renderer.
   at: viewport_set_scaling_3d_mode (servers/rendering/renderer_viewport.cpp:979)
ERROR: FSR1 is only available when using the Forward+ renderer.
   at: viewport_set_scaling_3d_mode (servers/rendering/renderer_viewport.cpp:979)
ERROR: FSR1 is only available when using the Forward+ renderer.
   at: viewport_set_scaling_3d_mode (servers/rendering/renderer_viewport.cpp:979)
ERROR: FSR1 is only available when using the Forward+ renderer.
   at: viewport_set_scaling_3d_mode (servers/rendering/renderer_viewport.cpp:979)
ERROR: FSR1 is only available when using the Forward+ renderer.
   at: viewport_set_scaling_3d_mode (servers/rendering/renderer_viewport.cpp:979)
ERROR: FSR1 is only available when using the Forward+ renderer.
   at: viewport_set_scaling_3d_mode (servers/rendering/renderer_viewport.cpp:979)
ERROR: FSR1 is only available when using the Forward+ renderer.
   at: viewport_set_scaling_3d_mode (servers/rendering/renderer_viewport.cpp:979)
ERROR: FSR1 is only available when using the Forward+ renderer.
   at: viewport_set_scaling_3d_mode (servers/rendering/renderer_viewport.cpp:979)
ERROR: FSR1 is only available when using the Forward+ renderer.
   at: viewport_set_scaling_3d_mode (servers/rendering/renderer_viewport.cpp:979)
ERROR: FSR1 is only available when using the Forward+ renderer.
   at: viewport_set_scaling_3d_mode (servers/rendering/renderer_viewport.cpp:979)
ERROR: FSR1 is only available when using the Forward+ renderer.
   at: viewport_set_scaling_3d_mode (servers/rendering/renderer_viewport.cpp:979)
ERROR: FSR1 is only available when using the Forward+ renderer.
   at: viewport_set_scaling_3d_mode (servers/rendering/renderer_viewport.cpp:979)
ERROR: FSR1 is only available when using the Forward+ renderer.
   at: viewport_set_scaling_3d_mode (servers/rendering/renderer_viewport.cpp:979)
ERROR: FSR1 is only available when using the Forward+ renderer.
   at: viewport_set_scaling_3d_mode (servers/rendering/renderer_viewport.cpp:979)
ERROR: FSR1 is only available when using the Forward+ renderer.
   at: viewport_set_scaling_3d_mode (servers/rendering/renderer_viewport.cpp:979)
ERROR: FSR1 is only available when using the Forward+ renderer.
   at: viewport_set_scaling_3d_mode (servers/rendering/renderer_viewport.cpp:979)
ERROR: FSR1 is only available when using the Forward+ renderer.
   at: viewport_set_scaling_3d_mode (servers/rendering/renderer_viewport.cpp:979)
ERROR: FSR1 is only available when using the Forward+ renderer.
   at: viewport_set_scaling_3d_mode (servers/rendering/renderer_viewport.cpp:979)
ERROR: FSR1 is only available when using the Forward+ renderer.
   at: viewport_set_scaling_3d_mode (servers/rendering/renderer_viewport.cpp:979)
ERROR: FSR1 is only available when using the Forward+ renderer.
   at: viewport_set_scaling_3d_mode (servers/rendering/renderer_viewport.cpp:979)
ERROR: FSR1 is only available when using the Forward+ renderer.
   at: viewport_set_scaling_3d_mode (servers/rendering/renderer_viewport.cpp:979)
ERROR: FSR1 is only available when using the Forward+ renderer.
   at: viewport_set_scaling_3d_mode (servers/rendering/renderer_viewport.cpp:979)
ERROR: FSR1 is only available when using the Forward+ renderer.
   at: viewport_set_scaling_3d_mode (servers/rendering/renderer_viewport.cpp:979)
ERROR: FSR1 is only available when using the Forward+ renderer.
   at: viewport_set_scaling_3d_mode (servers/rendering/renderer_viewport.cpp:979)
ERROR: FSR1 is only available when using the Forward+ renderer.
   at: viewport_set_scaling_3d_mode (servers/rendering/renderer_viewport.cpp:979)
ERROR: FSR1 is only available when using the Forward+ renderer.
   at: viewport_set_scaling_3d_mode (servers/rendering/renderer_viewport.cpp:979)
ERROR: FSR1 is only available when using the Forward+ renderer.
   at: viewport_set_scaling_3d_mode (servers/rendering/renderer_viewport.cpp:979)
ERROR: FSR1 is only available when using the Forward+ renderer.
   at: viewport_set_scaling_3d_mode (servers/rendering/renderer_viewport.cpp:979)
ERROR: FSR1 is only available when using the Forward+ renderer.
   at: viewport_set_scaling_3d_mode (servers/rendering/renderer_viewport.cpp:979)
ERROR: FSR1 is only available when using the Forward+ renderer.
   at: viewport_set_scaling_3d_mode (servers/rendering/renderer_viewport.cpp:979)
ERROR: FSR1 is only available when using the Forward+ renderer.
   at: viewport_set_scaling_3d_mode (servers/rendering/renderer_viewport.cpp:979)
ERROR: FSR1 is only available when using the Forward+ renderer.
   at: viewport_set_scaling_3d_mode (servers/rendering/renderer_viewport.cpp:979)
ERROR: FSR1 is only available when using the Forward+ renderer.
   at: viewport_set_scaling_3d_mode (servers/rendering/renderer_viewport.cpp:979)
ERROR: FSR1 is only available when using the Forward+ renderer.
   at: viewport_set_scaling_3d_mode (servers/rendering/renderer_viewport.cpp:979)
ERROR: FSR1 is only available when using the Forward+ renderer.
   at: viewport_set_scaling_3d_mode (servers/rendering/renderer_viewport.cpp:979)
ERROR: FSR1 is only available when using the Forward+ renderer.
   at: viewport_set_scaling_3d_mode (servers/rendering/renderer_viewport.cpp:979)
ERROR: FSR1 is only available when using the Forward+ renderer.
   at: viewport_set_scaling_3d_mode (servers/rendering/renderer_viewport.cpp:979)
ERROR: FSR1 is only available when using the Forward+ renderer.
   at: viewport_set_scaling_3d_mode (servers/rendering/renderer_viewport.cpp:979)
ERROR: FSR1 is only available when using the Forward+ renderer.
   at: viewport_set_scaling_3d_mode (servers/rendering/renderer_viewport.cpp:979)
ERROR: FSR1 is only available when using the Forward+ renderer.
   at: viewport_set_scaling_3d_mode (servers/rendering/renderer_viewport.cpp:979)
ERROR: FSR1 is only available when using the Forward+ renderer.
   at: viewport_set_scaling_3d_mode (servers/rendering/renderer_viewport.cpp:979)
ERROR: FSR1 is only available when using the Forward+ renderer.
   at: viewport_set_scaling_3d_mode (servers/rendering/renderer_viewport.cpp:979)
ERROR: FSR1 is only available when using the Forward+ renderer.
   at: viewport_set_scaling_3d_mode (servers/rendering/renderer_viewport.cpp:979)
ERROR: FSR1 is only available when using the Forward+ renderer.
   at: viewport_set_scaling_3d_mode (servers/rendering/renderer_viewport.cpp:979)
ERROR: FSR1 is only available when using the Forward+ renderer.
   at: viewport_set_scaling_3d_mode (servers/rendering/renderer_viewport.cpp:979)
ERROR: FSR1 is only available when using the Forward+ renderer.
   at: viewport_set_scaling_3d_mode (servers/rendering/renderer_viewport.cpp:979)
ERROR: FSR1 is only available when using the Forward+ renderer.
   at: viewport_set_scaling_3d_mode (servers/rendering/renderer_viewport.cpp:979)
ERROR: FSR1 is only available when using the Forward+ renderer.
   at: viewport_set_scaling_3d_mode (servers/rendering/renderer_viewport.cpp:979)
ERROR: FSR1 is only available when using the Forward+ renderer.
   at: viewport_set_scaling_3d_mode (servers/rendering/renderer_viewport.cpp:979)
ERROR: FSR1 is only available when using the Forward+ renderer.
   at: viewport_set_scaling_3d_mode (servers/rendering/renderer_viewport.cpp:979)
ERROR: FSR1 is only available when using the Forward+ renderer.
   at: viewport_set_scaling_3d_mode (servers/rendering/renderer_viewport.cpp:979)
ERROR: FSR1 is only available when using the Forward+ renderer.
   at: viewport_set_scaling_3d_mode (servers/rendering/renderer_viewport.cpp:979)
ERROR: FSR1 is only available when using the Forward+ renderer.
   at: viewport_set_scaling_3d_mode (servers/rendering/renderer_viewport.cpp:979)
ERROR: FSR1 is only available when using the Forward+ renderer.
   at: viewport_set_scaling_3d_mode (servers/rendering/renderer_viewport.cpp:979)
ERROR: FSR1 is only available when using the Forward+ renderer.
   at: viewport_set_scaling_3d_mode (servers/rendering/renderer_viewport.cpp:979)
ERROR: FSR1 is only available when using the Forward+ renderer.
   at: viewport_set_scaling_3d_mode (servers/rendering/renderer_viewport.cpp:979)
ERROR: FSR1 is only available when using the Forward+ renderer.
   at: viewport_set_scaling_3d_mode (servers/rendering/renderer_viewport.cpp:979)
ERROR: FSR1 is only available when using the Forward+ renderer.
   at: viewport_set_scaling_3d_mode (servers/rendering/renderer_viewport.cpp:979)
ERROR: FSR1 is only available when using the Forward+ renderer.
   at: viewport_set_scaling_3d_mode (servers/rendering/renderer_viewport.cpp:979)
ERROR: FSR1 is only available when using the Forward+ renderer.
   at: viewport_set_scaling_3d_mode (servers/rendering/renderer_viewport.cpp:979)
ERROR: FSR1 is only available when using the Forward+ renderer.
   at: viewport_set_scaling_3d_mode (servers/rendering/renderer_viewport.cpp:979)
ERROR: FSR1 is only available when using the Forward+ renderer.
   at: viewport_set_scaling_3d_mode (servers/rendering/renderer_viewport.cpp:979)
ERROR: FSR1 is only available when using the Forward+ renderer.
   at: viewport_set_scaling_3d_mode (servers/rendering/renderer_viewport.cpp:979)
ERROR: FSR1 is only available when using the Forward+ renderer.
   at: viewport_set_scaling_3d_mode (servers/rendering/renderer_viewport.cpp:979)
ERROR: FSR1 is only available when using the Forward+ renderer.
   at: viewport_set_scaling_3d_mode (servers/rendering/renderer_viewport.cpp:979)
ERROR: FSR1 is only available when using the Forward+ renderer.
   at: viewport_set_scaling_3d_mode (servers/rendering/renderer_viewport.cpp:979)
ERROR: FSR1 is only available when using the Forward+ renderer.
   at: viewport_set_scaling_3d_mode (servers/rendering/renderer_viewport.cpp:979)
ERROR: FSR1 is only available when using the Forward+ renderer.
   at: viewport_set_scaling_3d_mode (servers/rendering/renderer_viewport.cpp:979)
ERROR: FSR1 is only available when using the Forward+ renderer.
   at: viewport_set_scaling_3d_mode (servers/rendering/renderer_viewport.cpp:979)
ERROR: FSR1 is only available when using the Forward+ renderer.
   at: viewport_set_scaling_3d_mode (servers/rendering/renderer_viewport.cpp:979)
ERROR: FSR1 is only available when using the Forward+ renderer.
   at: viewport_set_scaling_3d_mode (servers/rendering/renderer_viewport.cpp:979)
ERROR: FSR1 is only available when using the Forward+ renderer.
   at: viewport_set_scaling_3d_mode (servers/rendering/renderer_viewport.cpp:979)
ERROR: FSR1 is only available when using the Forward+ renderer.
   at: viewport_set_scaling_3d_mode (servers/rendering/renderer_viewport.cpp:979)
ERROR: FSR1 is only available when using the Forward+ renderer.
   at: viewport_set_scaling_3d_mode (servers/rendering/renderer_viewport.cpp:979)
ERROR: FSR1 is only available when using the Forward+ renderer.
   at: viewport_set_scaling_3d_mode (servers/rendering/renderer_viewport.cpp:979)
ERROR: FSR1 is only available when using the Forward+ renderer.
   at: viewport_set_scaling_3d_mode (servers/rendering/renderer_viewport.cpp:979)
ERROR: FSR1 is only available when using the Forward+ renderer.
   at: viewport_set_scaling_3d_mode (servers/rendering/renderer_viewport.cpp:979)
ERROR: FSR1 is only available when using the Forward+ renderer.
   at: viewport_set_scaling_3d_mode (servers/rendering/renderer_viewport.cpp:979)
ERROR: FSR1 is only available when using the Forward+ renderer.
   at: viewport_set_scaling_3d_mode (servers/rendering/renderer_viewport.cpp:979)
ERROR: FSR1 is only available when using the Forward+ renderer.
   at: viewport_set_scaling_3d_mode (servers/rendering/renderer_viewport.cpp:979)
ERROR: FSR1 is only available when using the Forward+ renderer.
   at: viewport_set_scaling_3d_mode (servers/rendering/renderer_viewport.cpp:979)
ERROR: FSR1 is only available when using the Forward+ renderer.
   at: viewport_set_scaling_3d_mode (servers/rendering/renderer_viewport.cpp:979)
ERROR: FSR1 is only available when using the Forward+ renderer.
   at: viewport_set_scaling_3d_mode (servers/rendering/renderer_viewport.cpp:979)
ERROR: FSR1 is only available when using the Forward+ renderer.
   at: viewport_set_scaling_3d_mode (servers/rendering/renderer_viewport.cpp:979)
ERROR: FSR1 is only available when using the Forward+ renderer.
   at: viewport_set_scaling_3d_mode (servers/rendering/renderer_viewport.cpp:979)
ERROR: FSR1 is only available when using the Forward+ renderer.
   at: viewport_set_scaling_3d_mode (servers/rendering/renderer_viewport.cpp:979)
ERROR: FSR1 is only available when using the Forward+ renderer.
   at: viewport_set_scaling_3d_mode (servers/rendering/renderer_viewport.cpp:979)
ERROR: FSR1 is only available when using the Forward+ renderer.
   at: viewport_set_scaling_3d_mode (servers/rendering/renderer_viewport.cpp:979)
ERROR: FSR1 is only available when using the Forward+ renderer.
   at: viewport_set_scaling_3d_mode (servers/rendering/renderer_viewport.cpp:979)
ERROR: FSR1 is only available when using the Forward+ renderer.
   at: viewport_set_scaling_3d_mode (servers/rendering/renderer_viewport.cpp:979)
ERROR: FSR1 is only available when using the Forward+ renderer.
   at: viewport_set_scaling_3d_mode (servers/rendering/renderer_viewport.cpp:979)
ERROR: FSR1 is only available when using the Forward+ renderer.
   at: viewport_set_scaling_3d_mode (servers/rendering/renderer_viewport.cpp:979)
ERROR: FSR1 is only available when using the Forward+ renderer.
   at: viewport_set_scaling_3d_mode (servers/rendering/renderer_viewport.cpp:979)
ERROR: FSR1 is only available when using the Forward+ renderer.
   at: viewport_set_scaling_3d_mode (servers/rendering/renderer_viewport.cpp:979)
ERROR: FSR1 is only available when using the Forward+ renderer.
   at: viewport_set_scaling_3d_mode (servers/rendering/renderer_viewport.cpp:979)
ERROR: FSR1 is only available when using the Forward+ renderer.
   at: viewport_set_scaling_3d_mode (servers/rendering/renderer_viewport.cpp:979)
ERROR: FSR1 is only available when using the Forward+ renderer.
   at: viewport_set_scaling_3d_mode (servers/rendering/renderer_viewport.cpp:979)
ERROR: FSR1 is only available when using the Forward+ renderer.
   at: viewport_set_scaling_3d_mode (servers/rendering/renderer_viewport.cpp:979)
ERROR: FSR1 is only available when using the Forward+ renderer.
   at: viewport_set_scaling_3d_mode (servers/rendering/renderer_viewport.cpp:979)
ERROR: FSR1 is only available when using the Forward+ renderer.
   at: viewport_set_scaling_3d_mode (servers/rendering/renderer_viewport.cpp:979)
ERROR: FSR1 is only available when using the Forward+ renderer.
   at: viewport_set_scaling_3d_mode (servers/rendering/renderer_viewport.cpp:979)
ERROR: FSR1 is only available when using the Forward+ renderer.
   at: viewport_set_scaling_3d_mode (servers/rendering/renderer_viewport.cpp:979)
ERROR: FSR1 is only available when using the Forward+ renderer.
   at: viewport_set_scaling_3d_mode (servers/rendering/renderer_viewport.cpp:979)
ERROR: FSR1 is only available when using the Forward+ renderer.
   at: viewport_set_scaling_3d_mode (servers/rendering/renderer_viewport.cpp:979)
ERROR: FSR1 is only available when using the Forward+ renderer.
   at: viewport_set_scaling_3d_mode (servers/rendering/renderer_viewport.cpp:979)
ERROR: FSR1 is only available when using the Forward+ renderer.
   at: viewport_set_scaling_3d_mode (servers/rendering/renderer_viewport.cpp:979)
ERROR: FSR1 is only available when using the Forward+ renderer.
   at: viewport_set_scaling_3d_mode (servers/rendering/renderer_viewport.cpp:979)
ERROR: FSR1 is only available when using the Forward+ renderer.
   at: viewport_set_scaling_3d_mode (servers/rendering/renderer_viewport.cpp:979)
ERROR: FSR1 is only available when using the Forward+ renderer.
   at: viewport_set_scaling_3d_mode (servers/rendering/renderer_viewport.cpp:979)
ERROR: FSR1 is only available when using the Forward+ renderer.
   at: viewport_set_scaling_3d_mode (servers/rendering/renderer_viewport.cpp:979)
ERROR: FSR1 is only available when using the Forward+ renderer.
   at: viewport_set_scaling_3d_mode (servers/rendering/renderer_viewport.cpp:979)
ERROR: FSR1 is only available when using the Forward+ renderer.
   at: viewport_set_scaling_3d_mode (servers/rendering/renderer_viewport.cpp:979)
ERROR: FSR1 is only available when using the Forward+ renderer.
   at: viewport_set_scaling_3d_mode (servers/rendering/renderer_viewport.cpp:979)
ERROR: FSR1 is only available when using the Forward+ renderer.
   at: viewport_set_scaling_3d_mode (servers/rendering/renderer_viewport.cpp:979)
ERROR: FSR1 is only available when using the Forward+ renderer.
   at: viewport_set_scaling_3d_mode (servers/rendering/renderer_viewport.cpp:979)
ERROR: FSR1 is only available when using the Forward+ renderer.
   at: viewport_set_scaling_3d_mode (servers/rendering/renderer_viewport.cpp:979)
ERROR: FSR1 is only available when using the Forward+ renderer.
   at: viewport_set_scaling_3d_mode (servers/rendering/renderer_viewport.cpp:979)
ERROR: FSR1 is only available when using the Forward+ renderer.
   at: viewport_set_scaling_3d_mode (servers/rendering/renderer_viewport.cpp:979)
ERROR: FSR1 is only available when using the Forward+ renderer.
   at: viewport_set_scaling_3d_mode (servers/rendering/renderer_viewport.cpp:979)
ERROR: FSR1 is only available when using the Forward+ renderer.
   at: viewport_set_scaling_3d_mode (servers/rendering/renderer_viewport.cpp:979)
ERROR: FSR1 is only available when using the Forward+ renderer.
   at: viewport_set_scaling_3d_mode (servers/rendering/renderer_viewport.cpp:979)
ERROR: FSR1 is only available when using the Forward+ renderer.
   at: viewport_set_scaling_3d_mode (servers/rendering/renderer_viewport.cpp:979)
ERROR: FSR1 is only available when using the Forward+ renderer.
   at: viewport_set_scaling_3d_mode (servers/rendering/renderer_viewport.cpp:979)
ERROR: FSR1 is only available when using the Forward+ renderer.
   at: viewport_set_scaling_3d_mode (servers/rendering/renderer_viewport.cpp:979)
ERROR: FSR1 is only available when using the Forward+ renderer.
   at: viewport_set_scaling_3d_mode (servers/rendering/renderer_viewport.cpp:979)
ERROR: FSR1 is only available when using the Forward+ renderer.
   at: viewport_set_scaling_3d_mode (servers/rendering/renderer_viewport.cpp:979)
ERROR: FSR1 is only available when using the Forward+ renderer.
   at: viewport_set_scaling_3d_mode (servers/rendering/renderer_viewport.cpp:979)
ERROR: FSR1 is only available when using the Forward+ renderer.
   at: viewport_set_scaling_3d_mode (servers/rendering/renderer_viewport.cpp:979)
ERROR: FSR1 is only available when using the Forward+ renderer.
   at: viewport_set_scaling_3d_mode (servers/rendering/renderer_viewport.cpp:979)
ERROR: FSR1 is only available when using the Forward+ renderer.
   at: viewport_set_scaling_3d_mode (servers/rendering/renderer_viewport.cpp:979)
ERROR: FSR1 is only available when using the Forward+ renderer.
   at: viewport_set_scaling_3d_mode (servers/rendering/renderer_viewport.cpp:979)
ERROR: FSR1 is only available when using the Forward+ renderer.
   at: viewport_set_scaling_3d_mode (servers/rendering/renderer_viewport.cpp:979)
ERROR: FSR1 is only available when using the Forward+ renderer.
   at: viewport_set_scaling_3d_mode (servers/rendering/renderer_viewport.cpp:979)
ERROR: FSR1 is only available when using the Forward+ renderer.
   at: viewport_set_scaling_3d_mode (servers/rendering/renderer_viewport.cpp:979)
ERROR: FSR1 is only available when using the Forward+ renderer.
   at: viewport_set_scaling_3d_mode (servers/rendering/renderer_viewport.cpp:979)
ERROR: FSR1 is only available when using the Forward+ renderer.
   at: viewport_set_scaling_3d_mode (servers/rendering/renderer_viewport.cpp:979)
ERROR: FSR1 is only available when using the Forward+ renderer.
   at: viewport_set_scaling_3d_mode (servers/rendering/renderer_viewport.cpp:979)
ERROR: FSR1 is only available when using the Forward+ renderer.
   at: viewport_set_scaling_3d_mode (servers/rendering/renderer_viewport.cpp:979)
ERROR: FSR1 is only available when using the Forward+ renderer.
   at: viewport_set_scaling_3d_mode (servers/rendering/renderer_viewport.cpp:979)
ERROR: FSR1 is only available when using the Forward+ renderer.
   at: viewport_set_scaling_3d_mode (servers/rendering/renderer_viewport.cpp:979)
ERROR: FSR1 is only available when using the Forward+ renderer.
   at: viewport_set_scaling_3d_mode (servers/rendering/renderer_viewport.cpp:979)
ERROR: FSR1 is only available when using the Forward+ renderer.
   at: viewport_set_scaling_3d_mode (servers/rendering/renderer_viewport.cpp:979)
ERROR: FSR1 is only available when using the Forward+ renderer.
   at: viewport_set_scaling_3d_mode (servers/rendering/renderer_viewport.cpp:979)
ERROR: FSR1 is only available when using the Forward+ renderer.
   at: viewport_set_scaling_3d_mode (servers/rendering/renderer_viewport.cpp:979)
ERROR: FSR1 is only available when using the Forward+ renderer.
   at: viewport_set_scaling_3d_mode (servers/rendering/renderer_viewport.cpp:979)
ERROR: FSR1 is only available when using the Forward+ renderer.
   at: viewport_set_scaling_3d_mode (servers/rendering/renderer_viewport.cpp:979)
ERROR: FSR1 is only available when using the Forward+ renderer.
   at: viewport_set_scaling_3d_mode (servers/rendering/renderer_viewport.cpp:979)
ERROR: FSR1 is only available when using the Forward+ renderer.
   at: viewport_set_scaling_3d_mode (servers/rendering/renderer_viewport.cpp:979)
ERROR: FSR1 is only available when using the Forward+ renderer.
   at: viewport_set_scaling_3d_mode (servers/rendering/renderer_viewport.cpp:979)
ERROR: FSR1 is only available when using the Forward+ renderer.
   at: viewport_set_scaling_3d_mode (servers/rendering/renderer_viewport.cpp:979)
ERROR: FSR1 is only available when using the Forward+ renderer.
   at: viewport_set_scaling_3d_mode (servers/rendering/renderer_viewport.cpp:979)
ERROR: FSR1 is only available when using the Forward+ renderer.
   at: viewport_set_scaling_3d_mode (servers/rendering/renderer_viewport.cpp:979)
ERROR: FSR1 is only available when using the Forward+ renderer.
   at: viewport_set_scaling_3d_mode (servers/rendering/renderer_viewport.cpp:979)
ERROR: FSR1 is only available when using the Forward+ renderer.
   at: viewport_set_scaling_3d_mode (servers/rendering/renderer_viewport.cpp:979)
ERROR: FSR1 is only available when using the Forward+ renderer.
   at: viewport_set_scaling_3d_mode (servers/rendering/renderer_viewport.cpp:979)
ERROR: FSR1 is only available when using the Forward+ renderer.
   at: viewport_set_scaling_3d_mode (servers/rendering/renderer_viewport.cpp:979)
ERROR: FSR1 is only available when using the Forward+ renderer.
   at: viewport_set_scaling_3d_mode (servers/rendering/renderer_viewport.cpp:979)
ERROR: FSR1 is only available when using the Forward+ renderer.
   at: viewport_set_scaling_3d_mode (servers/rendering/renderer_viewport.cpp:979)
ERROR: FSR1 is only available when using the Forward+ renderer.
   at: viewport_set_scaling_3d_mode (servers/rendering/renderer_viewport.cpp:979)
ERROR: FSR1 is only available when using the Forward+ renderer.
   at: viewport_set_scaling_3d_mode (servers/rendering/renderer_viewport.cpp:979)
ERROR: FSR1 is only available when using the Forward+ renderer.
   at: viewport_set_scaling_3d_mode (servers/rendering/renderer_viewport.cpp:979)
ERROR: FSR1 is only available when using the Forward+ renderer.
   at: viewport_set_scaling_3d_mode (servers/rendering/renderer_viewport.cpp:979)
ERROR: FSR1 is only available when using the Forward+ renderer.
   at: viewport_set_scaling_3d_mode (servers/rendering/renderer_viewport.cpp:979)
ERROR: FSR1 is only available when using the Forward+ renderer.
   at: viewport_set_scaling_3d_mode (servers/rendering/renderer_viewport.cpp:979)
ERROR: FSR1 is only available when using the Forward+ renderer.
   at: viewport_set_scaling_3d_mode (servers/rendering/renderer_viewport.cpp:979)
ERROR: FSR1 is only available when using the Forward+ renderer.
   at: viewport_set_scaling_3d_mode (servers/rendering/renderer_viewport.cpp:979)
ERROR: FSR1 is only available when using the Forward+ renderer.
   at: viewport_set_scaling_3d_mode (servers/rendering/renderer_viewport.cpp:979)
ERROR: FSR1 is only available when using the Forward+ renderer.
   at: viewport_set_scaling_3d_mode (servers/rendering/renderer_viewport.cpp:979)
ERROR: FSR1 is only available when using the Forward+ renderer.
   at: viewport_set_scaling_3d_mode (servers/rendering/renderer_viewport.cpp:979)
ERROR: FSR1 is only available when using the Forward+ renderer.
   at: viewport_set_scaling_3d_mode (servers/rendering/renderer_viewport.cpp:979)
ERROR: FSR1 is only available when using the Forward+ renderer.
   at: viewport_set_scaling_3d_mode (servers/rendering/renderer_viewport.cpp:979)
ERROR: FSR1 is only available when using the Forward+ renderer.
   at: viewport_set_scaling_3d_mode (servers/rendering/renderer_viewport.cpp:979)
ERROR: FSR1 is only available when using the Forward+ renderer.
   at: viewport_set_scaling_3d_mode (servers/rendering/renderer_viewport.cpp:979)
ERROR: FSR1 is only available when using the Forward+ renderer.
   at: viewport_set_scaling_3d_mode (servers/rendering/renderer_viewport.cpp:979)
ERROR: FSR1 is only available when using the Forward+ renderer.
   at: viewport_set_scaling_3d_mode (servers/rendering/renderer_viewport.cpp:979)
ERROR: FSR1 is only available when using the Forward+ renderer.
   at: viewport_set_scaling_3d_mode (servers/rendering/renderer_viewport.cpp:979)
ERROR: FSR1 is only available when using the Forward+ renderer.
   at: viewport_set_scaling_3d_mode (servers/rendering/renderer_viewport.cpp:979)
ERROR: FSR1 is only available when using the Forward+ renderer.
   at: viewport_set_scaling_3d_mode (servers/rendering/renderer_viewport.cpp:979)
ERROR: FSR1 is only available when using the Forward+ renderer.
   at: viewport_set_scaling_3d_mode (servers/rendering/renderer_viewport.cpp:979)
ERROR: FSR1 is only available when using the Forward+ renderer.
   at: viewport_set_scaling_3d_mode (servers/rendering/renderer_viewport.cpp:979)
ERROR: FSR1 is only available when using the Forward+ renderer.
   at: viewport_set_scaling_3d_mode (servers/rendering/renderer_viewport.cpp:979)
ERROR: FSR1 is only available when using the Forward+ renderer.
   at: viewport_set_scaling_3d_mode (servers/rendering/renderer_viewport.cpp:979)
ERROR: FSR1 is only available when using the Forward+ renderer.
   at: viewport_set_scaling_3d_mode (servers/rendering/renderer_viewport.cpp:979)
ERROR: FSR1 is only available when using the Forward+ renderer.
   at: viewport_set_scaling_3d_mode (servers/rendering/renderer_viewport.cpp:979)
ERROR: FSR1 is only available when using the Forward+ renderer.
   at: viewport_set_scaling_3d_mode (servers/rendering/renderer_viewport.cpp:979)
ERROR: FSR1 is only available when using the Forward+ renderer.
   at: viewport_set_scaling_3d_mode (servers/rendering/renderer_viewport.cpp:979)
ERROR: FSR1 is only available when using the Forward+ renderer.
   at: viewport_set_scaling_3d_mode (servers/rendering/renderer_viewport.cpp:979)
ERROR: FSR1 is only available when using the Forward+ renderer.
   at: viewport_set_scaling_3d_mode (servers/rendering/renderer_viewport.cpp:979)
ERROR: FSR1 is only available when using the Forward+ renderer.
   at: viewport_set_scaling_3d_mode (servers/rendering/renderer_viewport.cpp:979)
ERROR: FSR1 is only available when using the Forward+ renderer.
   at: viewport_set_scaling_3d_mode (servers/rendering/renderer_viewport.cpp:979)
ERROR: FSR1 is only available when using the Forward+ renderer.
   at: viewport_set_scaling_3d_mode (servers/rendering/renderer_viewport.cpp:979)
ERROR: FSR1 is only available when using the Forward+ renderer.
   at: viewport_set_scaling_3d_mode (servers/rendering/renderer_viewport.cpp:979)
ERROR: FSR1 is only available when using the Forward+ renderer.
   at: viewport_set_scaling_3d_mode (servers/rendering/renderer_viewport.cpp:979)
ERROR: FSR1 is only available when using the Forward+ renderer.
   at: viewport_set_scaling_3d_mode (servers/rendering/renderer_viewport.cpp:979)
ERROR: FSR1 is only available when using the Forward+ renderer.
   at: viewport_set_scaling_3d_mode (servers/rendering/renderer_viewport.cpp:979)
ERROR: FSR1 is only available when using the Forward+ renderer.
   at: viewport_set_scaling_3d_mode (servers/rendering/renderer_viewport.cpp:979)
ERROR: FSR1 is only available when using the Forward+ renderer.
   at: viewport_set_scaling_3d_mode (servers/rendering/renderer_viewport.cpp:979)
ERROR: FSR1 is only available when using the Forward+ renderer.
   at: viewport_set_scaling_3d_mode (servers/rendering/renderer_viewport.cpp:979)
ERROR: FSR1 is only available when using the Forward+ renderer.
   at: viewport_set_scaling_3d_mode (servers/rendering/renderer_viewport.cpp:979)
ERROR: FSR1 is only available when using the Forward+ renderer.
   at: viewport_set_scaling_3d_mode (servers/rendering/renderer_viewport.cpp:979)
ERROR: FSR1 is only available when using the Forward+ renderer.
   at: viewport_set_scaling_3d_mode (servers/rendering/renderer_viewport.cpp:979)
ERROR: FSR1 is only available when using the Forward+ renderer.
   at: viewport_set_scaling_3d_mode (servers/rendering/renderer_viewport.cpp:979)
ERROR: FSR1 is only available when using the Forward+ renderer.
   at: viewport_set_scaling_3d_mode (servers/rendering/renderer_viewport.cpp:979)
ERROR: FSR1 is only available when using the Forward+ renderer.
   at: viewport_set_scaling_3d_mode (servers/rendering/renderer_viewport.cpp:979)
ERROR: FSR1 is only available when using the Forward+ renderer.
   at: viewport_set_scaling_3d_mode (servers/rendering/renderer_viewport.cpp:979)
ERROR: FSR1 is only available when using the Forward+ renderer.
   at: viewport_set_scaling_3d_mode (servers/rendering/renderer_viewport.cpp:979)
ERROR: FSR1 is only available when using the Forward+ renderer.
   at: viewport_set_scaling_3d_mode (servers/rendering/renderer_viewport.cpp:979)
ERROR: FSR1 is only available when using the Forward+ renderer.
   at: viewport_set_scaling_3d_mode (servers/rendering/renderer_viewport.cpp:979)
ERROR: FSR1 is only available when using the Forward+ renderer.
   at: viewport_set_scaling_3d_mode (servers/rendering/renderer_viewport.cpp:979)
ERROR: FSR1 is only available when using the Forward+ renderer.
   at: viewport_set_scaling_3d_mode (servers/rendering/renderer_viewport.cpp:979)
ERROR: FSR1 is only available when using the Forward+ renderer.
   at: viewport_set_scaling_3d_mode (servers/rendering/renderer_viewport.cpp:979)
ERROR: FSR1 is only available when using the Forward+ renderer.
   at: viewport_set_scaling_3d_mode (servers/rendering/renderer_viewport.cpp:979)
ERROR: FSR1 is only available when using the Forward+ renderer.
   at: viewport_set_scaling_3d_mode (servers/rendering/renderer_viewport.cpp:979)
ERROR: FSR1 is only available when using the Forward+ renderer.
   at: viewport_set_scaling_3d_mode (servers/rendering/renderer_viewport.cpp:979)
ERROR: FSR1 is only available when using the Forward+ renderer.
   at: viewport_set_scaling_3d_mode (servers/rendering/renderer_viewport.cpp:979)
ERROR: FSR1 is only available when using the Forward+ renderer.
   at: viewport_set_scaling_3d_mode (servers/rendering/renderer_viewport.cpp:979)
ERROR: FSR1 is only available when using the Forward+ renderer.
   at: viewport_set_scaling_3d_mode (servers/rendering/renderer_viewport.cpp:979)
ERROR: FSR1 is only available when using the Forward+ renderer.
   at: viewport_set_scaling_3d_mode (servers/rendering/renderer_viewport.cpp:979)
ERROR: FSR1 is only available when using the Forward+ renderer.
   at: viewport_set_scaling_3d_mode (servers/rendering/renderer_viewport.cpp:979)
ERROR: FSR1 is only available when using the Forward+ renderer.
   at: viewport_set_scaling_3d_mode (servers/rendering/renderer_viewport.cpp:979)
ERROR: FSR1 is only available when using the Forward+ renderer.
   at: viewport_set_scaling_3d_mode (servers/rendering/renderer_viewport.cpp:979)
ERROR: FSR1 is only available when using the Forward+ renderer.
   at: viewport_set_scaling_3d_mode (servers/rendering/renderer_viewport.cpp:979)
ERROR: FSR1 is only available when using the Forward+ renderer.
   at: viewport_set_scaling_3d_mode (servers/rendering/renderer_viewport.cpp:979)
ERROR: FSR1 is only available when using the Forward+ renderer.
   at: viewport_set_scaling_3d_mode (servers/rendering/renderer_viewport.cpp:979)
ERROR: FSR1 is only available when using the Forward+ renderer.
   at: viewport_set_scaling_3d_mode (servers/rendering/renderer_viewport.cpp:979)
ERROR: FSR1 is only available when using the Forward+ renderer.
   at: viewport_set_scaling_3d_mode (servers/rendering/renderer_viewport.cpp:979)
ERROR: FSR1 is only available when using the Forward+ renderer.
   at: viewport_set_scaling_3d_mode (servers/rendering/renderer_viewport.cpp:979)
ERROR: FSR1 is only available when using the Forward+ renderer.
   at: viewport_set_scaling_3d_mode (servers/rendering/renderer_viewport.cpp:979)
ERROR: FSR1 is only available when using the Forward+ renderer.
   at: viewport_set_scaling_3d_mode (servers/rendering/renderer_viewport.cpp:979)
ERROR: FSR1 is only available when using the Forward+ renderer.
   at: viewport_set_scaling_3d_mode (servers/rendering/renderer_viewport.cpp:979)
ERROR: FSR1 is only available when using the Forward+ renderer.
   at: viewport_set_scaling_3d_mode (servers/rendering/renderer_viewport.cpp:979)
ERROR: FSR1 is only available when using the Forward+ renderer.
   at: viewport_set_scaling_3d_mode (servers/rendering/renderer_viewport.cpp:979)
ERROR: FSR1 is only available when using the Forward+ renderer.
   at: viewport_set_scaling_3d_mode (servers/rendering/renderer_viewport.cpp:979)
ERROR: FSR1 is only available when using the Forward+ renderer.
   at: viewport_set_scaling_3d_mode (servers/rendering/renderer_viewport.cpp:979)
ERROR: FSR1 is only available when using the Forward+ renderer.
   at: viewport_set_scaling_3d_mode (servers/rendering/renderer_viewport.cpp:979)
ERROR: FSR1 is only available when using the Forward+ renderer.
   at: viewport_set_scaling_3d_mode (servers/rendering/renderer_viewport.cpp:979)
ERROR: FSR1 is only available when using the Forward+ renderer.
   at: viewport_set_scaling_3d_mode (servers/rendering/renderer_viewport.cpp:979)
ERROR: FSR1 is only available when using the Forward+ renderer.
   at: viewport_set_scaling_3d_mode (servers/rendering/renderer_viewport.cpp:979)
ERROR: FSR1 is only available when using the Forward+ renderer.
   at: viewport_set_scaling_3d_mode (servers/rendering/renderer_viewport.cpp:979)
ERROR: FSR1 is only available when using the Forward+ renderer.
   at: viewport_set_scaling_3d_mode (servers/rendering/renderer_viewport.cpp:979)
ERROR: FSR1 is only available when using the Forward+ renderer.
   at: viewport_set_scaling_3d_mode (servers/rendering/renderer_viewport.cpp:979)
ERROR: FSR1 is only available when using the Forward+ renderer.
   at: viewport_set_scaling_3d_mode (servers/rendering/renderer_viewport.cpp:979)
ERROR: FSR1 is only available when using the Forward+ renderer.
   at: viewport_set_scaling_3d_mode (servers/rendering/renderer_viewport.cpp:979)
ERROR: FSR1 is only available when using the Forward+ renderer.
   at: viewport_set_scaling_3d_mode (servers/rendering/renderer_viewport.cpp:979)
ERROR: FSR1 is only available when using the Forward+ renderer.
   at: viewport_set_scaling_3d_mode (servers/rendering/renderer_viewport.cpp:979)
ERROR: FSR1 is only available when using the Forward+ renderer.
   at: viewport_set_scaling_3d_mode (servers/rendering/renderer_viewport.cpp:979)
ERROR: FSR1 is only available when using the Forward+ renderer.
   at: viewport_set_scaling_3d_mode (servers/rendering/renderer_viewport.cpp:979)
ERROR: FSR1 is only available when using the Forward+ renderer.
   at: viewport_set_scaling_3d_mode (servers/rendering/renderer_viewport.cpp:979)
ERROR: FSR1 is only available when using the Forward+ renderer.
   at: viewport_set_scaling_3d_mode (servers/rendering/renderer_viewport.cpp:979)
ERROR: FSR1 is only available when using the Forward+ renderer.
   at: viewport_set_scaling_3d_mode (servers/rendering/renderer_viewport.cpp:979)
ERROR: FSR1 is only available when using the Forward+ renderer.
   at: viewport_set_scaling_3d_mode (servers/rendering/renderer_viewport.cpp:979)
ERROR: FSR1 is only available when using the Forward+ renderer.
   at: viewport_set_scaling_3d_mode (servers/rendering/renderer_viewport.cpp:979)
ERROR: FSR1 is only available when using the Forward+ renderer.
   at: viewport_set_scaling_3d_mode (servers/rendering/renderer_viewport.cpp:979)
ERROR: FSR1 is only available when using the Forward+ renderer.
   at: viewport_set_scaling_3d_mode (servers/rendering/renderer_viewport.cpp:979)
ERROR: FSR1 is only available when using the Forward+ renderer.
   at: viewport_set_scaling_3d_mode (servers/rendering/renderer_viewport.cpp:979)
ERROR: FSR1 is only available when using the Forward+ renderer.
   at: viewport_set_scaling_3d_mode (servers/rendering/renderer_viewport.cpp:979)
ERROR: FSR1 is only available when using the Forward+ renderer.
   at: viewport_set_scaling_3d_mode (servers/rendering/renderer_viewport.cpp:979)
ERROR: FSR1 is only available when using the Forward+ renderer.
   at: viewport_set_scaling_3d_mode (servers/rendering/renderer_viewport.cpp:979)
ERROR: FSR1 is only available when using the Forward+ renderer.
   at: viewport_set_scaling_3d_mode (servers/rendering/renderer_viewport.cpp:979)
ERROR: FSR1 is only available when using the Forward+ renderer.
   at: viewport_set_scaling_3d_mode (servers/rendering/renderer_viewport.cpp:979)
ERROR: FSR1 is only available when using the Forward+ renderer.
   at: viewport_set_scaling_3d_mode (servers/rendering/renderer_viewport.cpp:979)
ERROR: FSR1 is only available when using the Forward+ renderer.
   at: viewport_set_scaling_3d_mode (servers/rendering/renderer_viewport.cpp:979)
ERROR: FSR1 is only available when using the Forward+ renderer.
   at: viewport_set_scaling_3d_mode (servers/rendering/renderer_viewport.cpp:979)
ERROR: FSR1 is only available when using the Forward+ renderer.
   at: viewport_set_scaling_3d_mode (servers/rendering/renderer_viewport.cpp:979)
ERROR: FSR1 is only available when using the Forward+ renderer.
   at: viewport_set_scaling_3d_mode (servers/rendering/renderer_viewport.cpp:979)
ERROR: FSR1 is only available when using the Forward+ renderer.
   at: viewport_set_scaling_3d_mode (servers/rendering/renderer_viewport.cpp:979)
ERROR: FSR1 is only available when using the Forward+ renderer.
   at: viewport_set_scaling_3d_mode (servers/rendering/renderer_viewport.cpp:979)
ERROR: FSR1 is only available when using the Forward+ renderer.
   at: viewport_set_scaling_3d_mode (servers/rendering/renderer_viewport.cpp:979)
ERROR: FSR1 is only available when using the Forward+ renderer.
   at: viewport_set_scaling_3d_mode (servers/rendering/renderer_viewport.cpp:979)
ERROR: FSR1 is only available when using the Forward+ renderer.
   at: viewport_set_scaling_3d_mode (servers/rendering/renderer_viewport.cpp:979)
ERROR: FSR1 is only available when using the Forward+ renderer.
   at: viewport_set_scaling_3d_mode (servers/rendering/renderer_viewport.cpp:979)
ERROR: FSR1 is only available when using the Forward+ renderer.
   at: viewport_set_scaling_3d_mode (servers/rendering/renderer_viewport.cpp:979)
ERROR: FSR1 is only available when using the Forward+ renderer.
   at: viewport_set_scaling_3d_mode (servers/rendering/renderer_viewport.cpp:979)
ERROR: FSR1 is only available when using the Forward+ renderer.
   at: viewport_set_scaling_3d_mode (servers/rendering/renderer_viewport.cpp:979)
ERROR: FSR1 is only available when using the Forward+ renderer.
   at: viewport_set_scaling_3d_mode (servers/rendering/renderer_viewport.cpp:979)
ERROR: FSR1 is only available when using the Forward+ renderer.
   at: viewport_set_scaling_3d_mode (servers/rendering/renderer_viewport.cpp:979)
ERROR: FSR1 is only available when using the Forward+ renderer.
   at: viewport_set_scaling_3d_mode (servers/rendering/renderer_viewport.cpp:979)
ERROR: FSR1 is only available when using the Forward+ renderer.
   at: viewport_set_scaling_3d_mode (servers/rendering/renderer_viewport.cpp:979)
ERROR: FSR1 is only available when using the Forward+ renderer.
   at: viewport_set_scaling_3d_mode (servers/rendering/renderer_viewport.cpp:979)
ERROR: FSR1 is only available when using the Forward+ renderer.
   at: viewport_set_scaling_3d_mode (servers/rendering/renderer_viewport.cpp:979)
ERROR: FSR1 is only available when using the Forward+ renderer.
   at: viewport_set_scaling_3d_mode (servers/rendering/renderer_viewport.cpp:979)
ERROR: FSR1 is only available when using the Forward+ renderer.
   at: viewport_set_scaling_3d_mode (servers/rendering/renderer_viewport.cpp:979)
ERROR: FSR1 is only available when using the Forward+ renderer.
   at: viewport_set_scaling_3d_mode (servers/rendering/renderer_viewport.cpp:979)
ERROR: FSR1 is only available when using the Forward+ renderer.
   at: viewport_set_scaling_3d_mode (servers/rendering/renderer_viewport.cpp:979)
ERROR: FSR1 is only available when using the Forward+ renderer.
   at: viewport_set_scaling_3d_mode (servers/rendering/renderer_viewport.cpp:979)
ERROR: FSR1 is only available when using the Forward+ renderer.
   at: viewport_set_scaling_3d_mode (servers/rendering/renderer_viewport.cpp:979)
ERROR: FSR1 is only available when using the Forward+ renderer.
   at: viewport_set_scaling_3d_mode (servers/rendering/renderer_viewport.cpp:979)
ERROR: FSR1 is only available when using the Forward+ renderer.
   at: viewport_set_scaling_3d_mode (servers/rendering/renderer_viewport.cpp:979)
ERROR: FSR1 is only available when using the Forward+ renderer.
   at: viewport_set_scaling_3d_mode (servers/rendering/renderer_viewport.cpp:979)
ERROR: FSR1 is only available when using the Forward+ renderer.
   at: viewport_set_scaling_3d_mode (servers/rendering/renderer_viewport.cpp:979)
ERROR: FSR1 is only available when using the Forward+ renderer.
   at: viewport_set_scaling_3d_mode (servers/rendering/renderer_viewport.cpp:979)
ERROR: FSR1 is only available when using the Forward+ renderer.
   at: viewport_set_scaling_3d_mode (servers/rendering/renderer_viewport.cpp:979)
ERROR: FSR1 is only available when using the Forward+ renderer.
   at: viewport_set_scaling_3d_mode (servers/rendering/renderer_viewport.cpp:979)
ERROR: FSR1 is only available when using the Forward+ renderer.
   at: viewport_set_scaling_3d_mode (servers/rendering/renderer_viewport.cpp:979)
ERROR: FSR1 is only available when using the Forward+ renderer.
   at: viewport_set_scaling_3d_mode (servers/rendering/renderer_viewport.cpp:979)
ERROR: FSR1 is only available when using the Forward+ renderer.
   at: viewport_set_scaling_3d_mode (servers/rendering/renderer_viewport.cpp:979)
ERROR: FSR1 is only available when using the Forward+ renderer.
   at: viewport_set_scaling_3d_mode (servers/rendering/renderer_viewport.cpp:979)
ERROR: FSR1 is only available when using the Forward+ renderer.
   at: viewport_set_scaling_3d_mode (servers/rendering/renderer_viewport.cpp:979)
ERROR: FSR1 is only available when using the Forward+ renderer.
   at: viewport_set_scaling_3d_mode (servers/rendering/renderer_viewport.cpp:979)
ERROR: FSR1 is only available when using the Forward+ renderer.
   at: viewport_set_scaling_3d_mode (servers/rendering/renderer_viewport.cpp:979)
ERROR: FSR1 is only available when using the Forward+ renderer.
   at: viewport_set_scaling_3d_mode (servers/rendering/renderer_viewport.cpp:979)
ERROR: FSR1 is only available when using the Forward+ renderer.
   at: viewport_set_scaling_3d_mode (servers/rendering/renderer_viewport.cpp:979)
ERROR: FSR1 is only available when using the Forward+ renderer.
   at: viewport_set_scaling_3d_mode (servers/rendering/renderer_viewport.cpp:979)
ERROR: FSR1 is only available when using the Forward+ renderer.
   at: viewport_set_scaling_3d_mode (servers/rendering/renderer_viewport.cpp:979)
ERROR: FSR1 is only available when using the Forward+ renderer.
   at: viewport_set_scaling_3d_mode (servers/rendering/renderer_viewport.cpp:979)
ERROR: FSR1 is only available when using the Forward+ renderer.
   at: viewport_set_scaling_3d_mode (servers/rendering/renderer_viewport.cpp:979)
ERROR: FSR1 is only available when using the Forward+ renderer.
   at: viewport_set_scaling_3d_mode (servers/rendering/renderer_viewport.cpp:979)
ERROR: FSR1 is only available when using the Forward+ renderer.
   at: viewport_set_scaling_3d_mode (servers/rendering/renderer_viewport.cpp:979)
ERROR: FSR1 is only available when using the Forward+ renderer.
   at: viewport_set_scaling_3d_mode (servers/rendering/renderer_viewport.cpp:979)
ERROR: FSR1 is only available when using the Forward+ renderer.
   at: viewport_set_scaling_3d_mode (servers/rendering/renderer_viewport.cpp:979)
ERROR: FSR1 is only available when using the Forward+ renderer.
   at: viewport_set_scaling_3d_mode (servers/rendering/renderer_viewport.cpp:979)
ERROR: FSR1 is only available when using the Forward+ renderer.
   at: viewport_set_scaling_3d_mode (servers/rendering/renderer_viewport.cpp:979)
ERROR: FSR1 is only available when using the Forward+ renderer.
   at: viewport_set_scaling_3d_mode (servers/rendering/renderer_viewport.cpp:979)
ERROR: FSR1 is only available when using the Forward+ renderer.
   at: viewport_set_scaling_3d_mode (servers/rendering/renderer_viewport.cpp:979)
ERROR: FSR1 is only available when using the Forward+ renderer.
   at: viewport_set_scaling_3d_mode (servers/rendering/renderer_viewport.cpp:979)
ERROR: FSR1 is only available when using the Forward+ renderer.
   at: viewport_set_scaling_3d_mode (servers/rendering/renderer_viewport.cpp:979)
ERROR: FSR1 is only available when using the Forward+ renderer.
   at: viewport_set_scaling_3d_mode (servers/rendering/renderer_viewport.cpp:979)
ERROR: FSR1 is only available when using the Forward+ renderer.
   at: viewport_set_scaling_3d_mode (servers/rendering/renderer_viewport.cpp:979)
ERROR: FSR1 is only available when using the Forward+ renderer.
   at: viewport_set_scaling_3d_mode (servers/rendering/renderer_viewport.cpp:979)
ERROR: FSR1 is only available when using the Forward+ renderer.
   at: viewport_set_scaling_3d_mode (servers/rendering/renderer_viewport.cpp:979)
ERROR: FSR1 is only available when using the Forward+ renderer.
   at: viewport_set_scaling_3d_mode (servers/rendering/renderer_viewport.cpp:979)
ERROR: FSR1 is only available when using the Forward+ renderer.
   at: viewport_set_scaling_3d_mode (servers/rendering/renderer_viewport.cpp:979)
ERROR: FSR1 is only available when using the Forward+ renderer.
   at: viewport_set_scaling_3d_mode (servers/rendering/renderer_viewport.cpp:979)
ERROR: FSR1 is only available when using the Forward+ renderer.
   at: viewport_set_scaling_3d_mode (servers/rendering/renderer_viewport.cpp:979)
ERROR: FSR1 is only available when using the Forward+ renderer.
   at: viewport_set_scaling_3d_mode (servers/rendering/renderer_viewport.cpp:979)
ERROR: FSR1 is only available when using the Forward+ renderer.
   at: viewport_set_scaling_3d_mode (servers/rendering/renderer_viewport.cpp:979)
ERROR: FSR1 is only available when using the Forward+ renderer.
   at: viewport_set_scaling_3d_mode (servers/rendering/renderer_viewport.cpp:979)
ERROR: FSR1 is only available when using the Forward+ renderer.
   at: viewport_set_scaling_3d_mode (servers/rendering/renderer_viewport.cpp:979)
ERROR: FSR1 is only available when using the Forward+ renderer.
   at: viewport_set_scaling_3d_mode (servers/rendering/renderer_viewport.cpp:979)
ERROR: FSR1 is only available when using the Forward+ renderer.
   at: viewport_set_scaling_3d_mode (servers/rendering/renderer_viewport.cpp:979)
ERROR: FSR1 is only available when using the Forward+ renderer.
   at: viewport_set_scaling_3d_mode (servers/rendering/renderer_viewport.cpp:979)
ERROR: FSR1 is only available when using the Forward+ renderer.
   at: viewport_set_scaling_3d_mode (servers/rendering/renderer_viewport.cpp:979)
ERROR: FSR1 is only available when using the Forward+ renderer.
   at: viewport_set_scaling_3d_mode (servers/rendering/renderer_viewport.cpp:979)
ERROR: FSR1 is only available when using the Forward+ renderer.
   at: viewport_set_scaling_3d_mode (servers/rendering/renderer_viewport.cpp:979)
ERROR: FSR1 is only available when using the Forward+ renderer.
   at: viewport_set_scaling_3d_mode (servers/rendering/renderer_viewport.cpp:979)
ERROR: FSR1 is only available when using the Forward+ renderer.
   at: viewport_set_scaling_3d_mode (servers/rendering/renderer_viewport.cpp:979)
ERROR: FSR1 is only available when using the Forward+ renderer.
   at: viewport_set_scaling_3d_mode (servers/rendering/renderer_viewport.cpp:979)
ERROR: FSR1 is only available when using the Forward+ renderer.
   at: viewport_set_scaling_3d_mode (servers/rendering/renderer_viewport.cpp:979)
ERROR: FSR1 is only available when using the Forward+ renderer.
   at: viewport_set_scaling_3d_mode (servers/rendering/renderer_viewport.cpp:979)
ERROR: FSR1 is only available when using the Forward+ renderer.
   at: viewport_set_scaling_3d_mode (servers/rendering/renderer_viewport.cpp:979)
ERROR: FSR1 is only available when using the Forward+ renderer.
   at: viewport_set_scaling_3d_mode (servers/rendering/renderer_viewport.cpp:979)
ERROR: FSR1 is only available when using the Forward+ renderer.
   at: viewport_set_scaling_3d_mode (servers/rendering/renderer_viewport.cpp:979)
ERROR: FSR1 is only available when using the Forward+ renderer.
   at: viewport_set_scaling_3d_mode (servers/rendering/renderer_viewport.cpp:979)
ERROR: FSR1 is only available when using the Forward+ renderer.
   at: viewport_set_scaling_3d_mode (servers/rendering/renderer_viewport.cpp:979)
ERROR: FSR1 is only available when using the Forward+ renderer.
   at: viewport_set_scaling_3d_mode (servers/rendering/renderer_viewport.cpp:979)
ERROR: FSR1 is only available when using the Forward+ renderer.
   at: viewport_set_scaling_3d_mode (servers/rendering/renderer_viewport.cpp:979)
ERROR: FSR1 is only available when using the Forward+ renderer.
   at: viewport_set_scaling_3d_mode (servers/rendering/renderer_viewport.cpp:979)
ERROR: FSR1 is only available when using the Forward+ renderer.
   at: viewport_set_scaling_3d_mode (servers/rendering/renderer_viewport.cpp:979)
ERROR: FSR1 is only available when using the Forward+ renderer.
   at: viewport_set_scaling_3d_mode (servers/rendering/renderer_viewport.cpp:979)
ERROR: FSR1 is only available when using the Forward+ renderer.
   at: viewport_set_scaling_3d_mode (servers/rendering/renderer_viewport.cpp:979)
ERROR: FSR1 is only available when using the Forward+ renderer.
   at: viewport_set_scaling_3d_mode (servers/rendering/renderer_viewport.cpp:979)
ERROR: FSR1 is only available when using the Forward+ renderer.
   at: viewport_set_scaling_3d_mode (servers/rendering/renderer_viewport.cpp:979)
ERROR: FSR1 is only available when using the Forward+ renderer.
   at: viewport_set_scaling_3d_mode (servers/rendering/renderer_viewport.cpp:979)
ERROR: FSR1 is only available when using the Forward+ renderer.
   at: viewport_set_scaling_3d_mode (servers/rendering/renderer_viewport.cpp:979)
ERROR: FSR1 is only available when using the Forward+ renderer.
   at: viewport_set_scaling_3d_mode (servers/rendering/renderer_viewport.cpp:979)
ERROR: FSR1 is only available when using the Forward+ renderer.
   at: viewport_set_scaling_3d_mode (servers/rendering/renderer_viewport.cpp:979)
ERROR: FSR1 is only available when using the Forward+ renderer.
   at: viewport_set_scaling_3d_mode (servers/rendering/renderer_viewport.cpp:979)
ERROR: FSR1 is only available when using the Forward+ renderer.
   at: viewport_set_scaling_3d_mode (servers/rendering/renderer_viewport.cpp:979)
ERROR: FSR1 is only available when using the Forward+ renderer.
   at: viewport_set_scaling_3d_mode (servers/rendering/renderer_viewport.cpp:979)
ERROR: FSR1 is only available when using the Forward+ renderer.
   at: viewport_set_scaling_3d_mode (servers/rendering/renderer_viewport.cpp:979)
ERROR: FSR1 is only available when using the Forward+ renderer.
   at: viewport_set_scaling_3d_mode (servers/rendering/renderer_viewport.cpp:979)
ERROR: FSR1 is only available when using the Forward+ renderer.
   at: viewport_set_scaling_3d_mode (servers/rendering/renderer_viewport.cpp:979)
ERROR: FSR1 is only available when using the Forward+ renderer.
   at: viewport_set_scaling_3d_mode (servers/rendering/renderer_viewport.cpp:979)
ERROR: FSR1 is only available when using the Forward+ renderer.
   at: viewport_set_scaling_3d_mode (servers/rendering/renderer_viewport.cpp:979)
ERROR: FSR1 is only available when using the Forward+ renderer.
   at: viewport_set_scaling_3d_mode (servers/rendering/renderer_viewport.cpp:979)
ERROR: FSR1 is only available when using the Forward+ renderer.
   at: viewport_set_scaling_3d_mode (servers/rendering/renderer_viewport.cpp:979)
ERROR: FSR1 is only available when using the Forward+ renderer.
   at: viewport_set_scaling_3d_mode (servers/rendering/renderer_viewport.cpp:979)
ERROR: FSR1 is only available when using the Forward+ renderer.
   at: viewport_set_scaling_3d_mode (servers/rendering/renderer_viewport.cpp:979)
ERROR: FSR1 is only available when using the Forward+ renderer.
   at: viewport_set_scaling_3d_mode (servers/rendering/renderer_viewport.cpp:979)
ERROR: FSR1 is only available when using the Forward+ renderer.
   at: viewport_set_scaling_3d_mode (servers/rendering/renderer_viewport.cpp:979)
ERROR: FSR1 is only available when using the Forward+ renderer.
   at: viewport_set_scaling_3d_mode (servers/rendering/renderer_viewport.cpp:979)
ERROR: FSR1 is only available when using the Forward+ renderer.
   at: viewport_set_scaling_3d_mode (servers/rendering/renderer_viewport.cpp:979)
ERROR: FSR1 is only available when using the Forward+ renderer.
   at: viewport_set_scaling_3d_mode (servers/rendering/renderer_viewport.cpp:979)
ERROR: FSR1 is only available when using the Forward+ renderer.
   at: viewport_set_scaling_3d_mode (servers/rendering/renderer_viewport.cpp:979)
ERROR: FSR1 is only available when using the Forward+ renderer.
   at: viewport_set_scaling_3d_mode (servers/rendering/renderer_viewport.cpp:979)
ERROR: FSR1 is only available when using the Forward+ renderer.
   at: viewport_set_scaling_3d_mode (servers/rendering/renderer_viewport.cpp:979)
ERROR: FSR1 is only available when using the Forward+ renderer.
   at: viewport_set_scaling_3d_mode (servers/rendering/renderer_viewport.cpp:979)
ERROR: FSR1 is only available when using the Forward+ renderer.
   at: viewport_set_scaling_3d_mode (servers/rendering/renderer_viewport.cpp:979)
ERROR: FSR1 is only available when using the Forward+ renderer.
   at: viewport_set_scaling_3d_mode (servers/rendering/renderer_viewport.cpp:979)
ERROR: FSR1 is only available when using the Forward+ renderer.
   at: viewport_set_scaling_3d_mode (servers/rendering/renderer_viewport.cpp:979)
ERROR: FSR1 is only available when using the Forward+ renderer.
   at: viewport_set_scaling_3d_mode (servers/rendering/renderer_viewport.cpp:979)
ERROR: FSR1 is only available when using the Forward+ renderer.
   at: viewport_set_scaling_3d_mode (servers/rendering/renderer_viewport.cpp:979)
ERROR: FSR1 is only available when using the Forward+ renderer.
   at: viewport_set_scaling_3d_mode (servers/rendering/renderer_viewport.cpp:979)
ERROR: FSR1 is only available when using the Forward+ renderer.
   at: viewport_set_scaling_3d_mode (servers/rendering/renderer_viewport.cpp:979)
ERROR: FSR1 is only available when using the Forward+ renderer.
   at: viewport_set_scaling_3d_mode (servers/rendering/renderer_viewport.cpp:979)
ERROR: FSR1 is only available when using the Forward+ renderer.
   at: viewport_set_scaling_3d_mode (servers/rendering/renderer_viewport.cpp:979)
ERROR: FSR1 is only available when using the Forward+ renderer.
   at: viewport_set_scaling_3d_mode (servers/rendering/renderer_viewport.cpp:979)
ERROR: FSR1 is only available when using the Forward+ renderer.
   at: viewport_set_scaling_3d_mode (servers/rendering/renderer_viewport.cpp:979)
ERROR: FSR1 is only available when using the Forward+ renderer.
   at: viewport_set_scaling_3d_mode (servers/rendering/renderer_viewport.cpp:979)
ERROR: FSR1 is only available when using the Forward+ renderer.
   at: viewport_set_scaling_3d_mode (servers/rendering/renderer_viewport.cpp:979)
ERROR: FSR1 is only available when using the Forward+ renderer.
   at: viewport_set_scaling_3d_mode (servers/rendering/renderer_viewport.cpp:979)
ERROR: FSR1 is only available when using the Forward+ renderer.
   at: viewport_set_scaling_3d_mode (servers/rendering/renderer_viewport.cpp:979)
ERROR: FSR1 is only available when using the Forward+ renderer.
   at: viewport_set_scaling_3d_mode (servers/rendering/renderer_viewport.cpp:979)
ERROR: FSR1 is only available when using the Forward+ renderer.
   at: viewport_set_scaling_3d_mode (servers/rendering/renderer_viewport.cpp:979)
ERROR: FSR1 is only available when using the Forward+ renderer.
   at: viewport_set_scaling_3d_mode (servers/rendering/renderer_viewport.cpp:979)
ERROR: FSR1 is only available when using the Forward+ renderer.
   at: viewport_set_scaling_3d_mode (servers/rendering/renderer_viewport.cpp:979)
ERROR: FSR1 is only available when using the Forward+ renderer.
   at: viewport_set_scaling_3d_mode (servers/rendering/renderer_viewport.cpp:979)
ERROR: FSR1 is only available when using the Forward+ renderer.
   at: viewport_set_scaling_3d_mode (servers/rendering/renderer_viewport.cpp:979)
ERROR: FSR1 is only available when using the Forward+ renderer.
   at: viewport_set_scaling_3d_mode (servers/rendering/renderer_viewport.cpp:979)
ERROR: FSR1 is only available when using the Forward+ renderer.
   at: viewport_set_scaling_3d_mode (servers/rendering/renderer_viewport.cpp:979)
ERROR: FSR1 is only available when using the Forward+ renderer.
   at: viewport_set_scaling_3d_mode (servers/rendering/renderer_viewport.cpp:979)
ERROR: FSR1 is only available when using the Forward+ renderer.
   at: viewport_set_scaling_3d_mode (servers/rendering/renderer_viewport.cpp:979)
ERROR: FSR1 is only available when using the Forward+ renderer.
   at: viewport_set_scaling_3d_mode (servers/rendering/renderer_viewport.cpp:979)
ERROR: FSR1 is only available when using the Forward+ renderer.
   at: viewport_set_scaling_3d_mode (servers/rendering/renderer_viewport.cpp:979)
ERROR: FSR1 is only available when using the Forward+ renderer.
   at: viewport_set_scaling_3d_mode (servers/rendering/renderer_viewport.cpp:979)
ERROR: FSR1 is only available when using the Forward+ renderer.
   at: viewport_set_scaling_3d_mode (servers/rendering/renderer_viewport.cpp:979)
ERROR: FSR1 is only available when using the Forward+ renderer.
   at: viewport_set_scaling_3d_mode (servers/rendering/renderer_viewport.cpp:979)
ERROR: FSR1 is only available when using the Forward+ renderer.
   at: viewport_set_scaling_3d_mode (servers/rendering/renderer_viewport.cpp:979)
ERROR: FSR1 is only available when using the Forward+ renderer.
   at: viewport_set_scaling_3d_mode (servers/rendering/renderer_viewport.cpp:979)
ERROR: FSR1 is only available when using the Forward+ renderer.
   at: viewport_set_scaling_3d_mode (servers/rendering/renderer_viewport.cpp:979)
ERROR: FSR1 is only available when using the Forward+ renderer.
   at: viewport_set_scaling_3d_mode (servers/rendering/renderer_viewport.cpp:979)
ERROR: FSR1 is only available when using the Forward+ renderer.
   at: viewport_set_scaling_3d_mode (servers/rendering/renderer_viewport.cpp:979)
ERROR: FSR1 is only available when using the Forward+ renderer.
   at: viewport_set_scaling_3d_mode (servers/rendering/renderer_viewport.cpp:979)
ERROR: FSR1 is only available when using the Forward+ renderer.
   at: viewport_set_scaling_3d_mode (servers/rendering/renderer_viewport.cpp:979)
ERROR: FSR1 is only available when using the Forward+ renderer.
   at: viewport_set_scaling_3d_mode (servers/rendering/renderer_viewport.cpp:979)
ERROR: FSR1 is only available when using the Forward+ renderer.
   at: viewport_set_scaling_3d_mode (servers/rendering/renderer_viewport.cpp:979)
ERROR: FSR1 is only available when using the Forward+ renderer.
   at: viewport_set_scaling_3d_mode (servers/rendering/renderer_viewport.cpp:979)
ERROR: FSR1 is only available when using the Forward+ renderer.
   at: viewport_set_scaling_3d_mode (servers/rendering/renderer_viewport.cpp:979)
ERROR: FSR1 is only available when using the Forward+ renderer.
   at: viewport_set_scaling_3d_mode (servers/rendering/renderer_viewport.cpp:979)
ERROR: FSR1 is only available when using the Forward+ renderer.
   at: viewport_set_scaling_3d_mode (servers/rendering/renderer_viewport.cpp:979)
ERROR: FSR1 is only available when using the Forward+ renderer.
   at: viewport_set_scaling_3d_mode (servers/rendering/renderer_viewport.cpp:979)
ERROR: FSR1 is only available when using the Forward+ renderer.
   at: viewport_set_scaling_3d_mode (servers/rendering/renderer_viewport.cpp:979)
ERROR: FSR1 is only available when using the Forward+ renderer.
   at: viewport_set_scaling_3d_mode (servers/rendering/renderer_viewport.cpp:979)
ERROR: FSR1 is only available when using the Forward+ renderer.
   at: viewport_set_scaling_3d_mode (servers/rendering/renderer_viewport.cpp:979)
ERROR: FSR1 is only available when using the Forward+ renderer.
   at: viewport_set_scaling_3d_mode (servers/rendering/renderer_viewport.cpp:979)
ERROR: FSR1 is only available when using the Forward+ renderer.
   at: viewport_set_scaling_3d_mode (servers/rendering/renderer_viewport.cpp:979)
ERROR: FSR1 is only available when using the Forward+ renderer.
   at: viewport_set_scaling_3d_mode (servers/rendering/renderer_viewport.cpp:979)
ERROR: FSR1 is only available when using the Forward+ renderer.
   at: viewport_set_scaling_3d_mode (servers/rendering/renderer_viewport.cpp:979)
ERROR: FSR1 is only available when using the Forward+ renderer.
   at: viewport_set_scaling_3d_mode (servers/rendering/renderer_viewport.cpp:979)
ERROR: FSR1 is only available when using the Forward+ renderer.
   at: viewport_set_scaling_3d_mode (servers/rendering/renderer_viewport.cpp:979)
ERROR: FSR1 is only available when using the Forward+ renderer.
   at: viewport_set_scaling_3d_mode (servers/rendering/renderer_viewport.cpp:979)
ERROR: FSR1 is only available when using the Forward+ renderer.
   at: viewport_set_scaling_3d_mode (servers/rendering/renderer_viewport.cpp:979)
ERROR: FSR1 is only available when using the Forward+ renderer.
   at: viewport_set_scaling_3d_mode (servers/rendering/renderer_viewport.cpp:979)
ERROR: FSR1 is only available when using the Forward+ renderer.
   at: viewport_set_scaling_3d_mode (servers/rendering/renderer_viewport.cpp:979)
ERROR: FSR1 is only available when using the Forward+ renderer.
   at: viewport_set_scaling_3d_mode (servers/rendering/renderer_viewport.cpp:979)
ERROR: FSR1 is only available when using the Forward+ renderer.
   at: viewport_set_scaling_3d_mode (servers/rendering/renderer_viewport.cpp:979)
ERROR: FSR1 is only available when using the Forward+ renderer.
   at: viewport_set_scaling_3d_mode (servers/rendering/renderer_viewport.cpp:979)
ERROR: FSR1 is only available when using the Forward+ renderer.
   at: viewport_set_scaling_3d_mode (servers/rendering/renderer_viewport.cpp:979)
ERROR: FSR1 is only available when using the Forward+ renderer.
   at: viewport_set_scaling_3d_mode (servers/rendering/renderer_viewport.cpp:979)
ERROR: FSR1 is only available when using the Forward+ renderer.
   at: viewport_set_scaling_3d_mode (servers/rendering/renderer_viewport.cpp:979)
ERROR: FSR1 is only available when using the Forward+ renderer.
   at: viewport_set_scaling_3d_mode (servers/rendering/renderer_viewport.cpp:979)
ERROR: FSR1 is only available when using the Forward+ renderer.
   at: viewport_set_scaling_3d_mode (servers/rendering/renderer_viewport.cpp:979)
ERROR: FSR1 is only available when using the Forward+ renderer.
   at: viewport_set_scaling_3d_mode (servers/rendering/renderer_viewport.cpp:979)
ERROR: FSR1 is only available when using the Forward+ renderer.
   at: viewport_set_scaling_3d_mode (servers/rendering/renderer_viewport.cpp:979)
ERROR: FSR1 is only available when using the Forward+ renderer.
   at: viewport_set_scaling_3d_mode (servers/rendering/renderer_viewport.cpp:979)
ERROR: FSR1 is only available when using the Forward+ renderer.
   at: viewport_set_scaling_3d_mode (servers/rendering/renderer_viewport.cpp:979)
ERROR: FSR1 is only available when using the Forward+ renderer.
   at: viewport_set_scaling_3d_mode (servers/rendering/renderer_viewport.cpp:979)
ERROR: FSR1 is only available when using the Forward+ renderer.
   at: viewport_set_scaling_3d_mode (servers/rendering/renderer_viewport.cpp:979)
ERROR: FSR1 is only available when using the Forward+ renderer.
   at: viewport_set_scaling_3d_mode (servers/rendering/renderer_viewport.cpp:979)
ERROR: FSR1 is only available when using the Forward+ renderer.
   at: viewport_set_scaling_3d_mode (servers/rendering/renderer_viewport.cpp:979)
ERROR: FSR1 is only available when using the Forward+ renderer.
   at: viewport_set_scaling_3d_mode (servers/rendering/renderer_viewport.cpp:979)
ERROR: FSR1 is only available when using the Forward+ renderer.
   at: viewport_set_scaling_3d_mode (servers/rendering/renderer_viewport.cpp:979)
ERROR: FSR1 is only available when using the Forward+ renderer.
   at: viewport_set_scaling_3d_mode (servers/rendering/renderer_viewport.cpp:979)
ERROR: FSR1 is only available when using the Forward+ renderer.
   at: viewport_set_scaling_3d_mode (servers/rendering/renderer_viewport.cpp:979)
ERROR: FSR1 is only available when using the Forward+ renderer.
   at: viewport_set_scaling_3d_mode (servers/rendering/renderer_viewport.cpp:979)
ERROR: FSR1 is only available when using the Forward+ renderer.
   at: viewport_set_scaling_3d_mode (servers/rendering/renderer_viewport.cpp:979)
ERROR: FSR1 is only available when using the Forward+ renderer.
   at: viewport_set_scaling_3d_mode (servers/rendering/renderer_viewport.cpp:979)
ERROR: FSR1 is only available when using the Forward+ renderer.
   at: viewport_set_scaling_3d_mode (servers/rendering/renderer_viewport.cpp:979)
ERROR: FSR1 is only available when using the Forward+ renderer.
   at: viewport_set_scaling_3d_mode (servers/rendering/renderer_viewport.cpp:979)
ERROR: FSR1 is only available when using the Forward+ renderer.
   at: viewport_set_scaling_3d_mode (servers/rendering/renderer_viewport.cpp:979)
ERROR: FSR1 is only available when using the Forward+ renderer.
   at: viewport_set_scaling_3d_mode (servers/rendering/renderer_viewport.cpp:979)
ERROR: FSR1 is only available when using the Forward+ renderer.
   at: viewport_set_scaling_3d_mode (servers/rendering/renderer_viewport.cpp:979)
ERROR: FSR1 is only available when using the Forward+ renderer.
   at: viewport_set_scaling_3d_mode (servers/rendering/renderer_viewport.cpp:979)
ERROR: FSR1 is only available when using the Forward+ renderer.
   at: viewport_set_scaling_3d_mode (servers/rendering/renderer_viewport.cpp:979)
ERROR: FSR1 is only available when using the Forward+ renderer.
   at: viewport_set_scaling_3d_mode (servers/rendering/renderer_viewport.cpp:979)
ERROR: FSR1 is only available when using the Forward+ renderer.
   at: viewport_set_scaling_3d_mode (servers/rendering/renderer_viewport.cpp:979)
ERROR: FSR1 is only available when using the Forward+ renderer.
   at: viewport_set_scaling_3d_mode (servers/rendering/renderer_viewport.cpp:979)
ERROR: FSR1 is only available when using the Forward+ renderer.
   at: viewport_set_scaling_3d_mode (servers/rendering/renderer_viewport.cpp:979)
ERROR: FSR1 is only available when using the Forward+ renderer.
   at: viewport_set_scaling_3d_mode (servers/rendering/renderer_viewport.cpp:979)
ERROR: FSR1 is only available when using the Forward+ renderer.
   at: viewport_set_scaling_3d_mode (servers/rendering/renderer_viewport.cpp:979)
ERROR: FSR1 is only available when using the Forward+ renderer.
   at: viewport_set_scaling_3d_mode (servers/rendering/renderer_viewport.cpp:979)
ERROR: FSR1 is only available when using the Forward+ renderer.
   at: viewport_set_scaling_3d_mode (servers/rendering/renderer_viewport.cpp:979)
ERROR: FSR1 is only available when using the Forward+ renderer.
   at: viewport_set_scaling_3d_mode (servers/rendering/renderer_viewport.cpp:979)
ERROR: FSR1 is only available when using the Forward+ renderer.
   at: viewport_set_scaling_3d_mode (servers/rendering/renderer_viewport.cpp:979)
ERROR: FSR1 is only available when using the Forward+ renderer.
   at: viewport_set_scaling_3d_mode (servers/rendering/renderer_viewport.cpp:979)
ERROR: FSR1 is only available when using the Forward+ renderer.
   at: viewport_set_scaling_3d_mode (servers/rendering/renderer_viewport.cpp:979)
ERROR: FSR1 is only available when using the Forward+ renderer.
   at: viewport_set_scaling_3d_mode (servers/rendering/renderer_viewport.cpp:979)
ERROR: FSR1 is only available when using the Forward+ renderer.
   at: viewport_set_scaling_3d_mode (servers/rendering/renderer_viewport.cpp:979)
ERROR: FSR1 is only available when using the Forward+ renderer.
   at: viewport_set_scaling_3d_mode (servers/rendering/renderer_viewport.cpp:979)
ERROR: FSR1 is only available when using the Forward+ renderer.
   at: viewport_set_scaling_3d_mode (servers/rendering/renderer_viewport.cpp:979)
ERROR: FSR1 is only available when using the Forward+ renderer.
   at: viewport_set_scaling_3d_mode (servers/rendering/renderer_viewport.cpp:979)
ERROR: FSR1 is only available when using the Forward+ renderer.
   at: viewport_set_scaling_3d_mode (servers/rendering/renderer_viewport.cpp:979)
ERROR: FSR1 is only available when using the Forward+ renderer.
   at: viewport_set_scaling_3d_mode (servers/rendering/renderer_viewport.cpp:979)
ERROR: FSR1 is only available when using the Forward+ renderer.
   at: viewport_set_scaling_3d_mode (servers/rendering/renderer_viewport.cpp:979)
ERROR: FSR1 is only available when using the Forward+ renderer.
   at: viewport_set_scaling_3d_mode (servers/rendering/renderer_viewport.cpp:979)
ERROR: FSR1 is only available when using the Forward+ renderer.
   at: viewport_set_scaling_3d_mode (servers/rendering/renderer_viewport.cpp:979)
ERROR: FSR1 is only available when using the Forward+ renderer.
   at: viewport_set_scaling_3d_mode (servers/rendering/renderer_viewport.cpp:979)
ERROR: FSR1 is only available when using the Forward+ renderer.
   at: viewport_set_scaling_3d_mode (servers/rendering/renderer_viewport.cpp:979)
ERROR: FSR1 is only available when using the Forward+ renderer.
   at: viewport_set_scaling_3d_mode (servers/rendering/renderer_viewport.cpp:979)
ERROR: FSR1 is only available when using the Forward+ renderer.
   at: viewport_set_scaling_3d_mode (servers/rendering/renderer_viewport.cpp:979)
ERROR: FSR1 is only available when using the Forward+ renderer.
   at: viewport_set_scaling_3d_mode (servers/rendering/renderer_viewport.cpp:979)
ERROR: FSR1 is only available when using the Forward+ renderer.
   at: viewport_set_scaling_3d_mode (servers/rendering/renderer_viewport.cpp:979)
ERROR: FSR1 is only available when using the Forward+ renderer.
   at: viewport_set_scaling_3d_mode (servers/rendering/renderer_viewport.cpp:979)
ERROR: FSR1 is only available when using the Forward+ renderer.
   at: viewport_set_scaling_3d_mode (servers/rendering/renderer_viewport.cpp:979)
ERROR: FSR1 is only available when using the Forward+ renderer.
   at: viewport_set_scaling_3d_mode (servers/rendering/renderer_viewport.cpp:979)
ERROR: FSR1 is only available when using the Forward+ renderer.
   at: viewport_set_scaling_3d_mode (servers/rendering/renderer_viewport.cpp:979)
ERROR: FSR1 is only available when using the Forward+ renderer.
   at: viewport_set_scaling_3d_mode (servers/rendering/renderer_viewport.cpp:979)
ERROR: FSR1 is only available when using the Forward+ renderer.
   at: viewport_set_scaling_3d_mode (servers/rendering/renderer_viewport.cpp:979)
ERROR: FSR1 is only available when using the Forward+ renderer.
   at: viewport_set_scaling_3d_mode (servers/rendering/renderer_viewport.cpp:979)
ERROR: FSR1 is only available when using the Forward+ renderer.
   at: viewport_set_scaling_3d_mode (servers/rendering/renderer_viewport.cpp:979)
ERROR: FSR1 is only available when using the Forward+ renderer.
   at: viewport_set_scaling_3d_mode (servers/rendering/renderer_viewport.cpp:979)
ERROR: FSR1 is only available when using the Forward+ renderer.
   at: viewport_set_scaling_3d_mode (servers/rendering/renderer_viewport.cpp:979)
ERROR: FSR1 is only available when using the Forward+ renderer.
   at: viewport_set_scaling_3d_mode (servers/rendering/renderer_viewport.cpp:979)
ERROR: FSR1 is only available when using the Forward+ renderer.
   at: viewport_set_scaling_3d_mode (servers/rendering/renderer_viewport.cpp:979)
ERROR: FSR1 is only available when using the Forward+ renderer.
   at: viewport_set_scaling_3d_mode (servers/rendering/renderer_viewport.cpp:979)
ERROR: FSR1 is only available when using the Forward+ renderer.
   at: viewport_set_scaling_3d_mode (servers/rendering/renderer_viewport.cpp:979)
ERROR: FSR1 is only available when using the Forward+ renderer.
   at: viewport_set_scaling_3d_mode (servers/rendering/renderer_viewport.cpp:979)
ERROR: FSR1 is only available when using the Forward+ renderer.
   at: viewport_set_scaling_3d_mode (servers/rendering/renderer_viewport.cpp:979)
ERROR: FSR1 is only available when using the Forward+ renderer.
   at: viewport_set_scaling_3d_mode (servers/rendering/renderer_viewport.cpp:979)
ERROR: FSR1 is only available when using the Forward+ renderer.
   at: viewport_set_scaling_3d_mode (servers/rendering/renderer_viewport.cpp:979)
ERROR: FSR1 is only available when using the Forward+ renderer.
   at: viewport_set_scaling_3d_mode (servers/rendering/renderer_viewport.cpp:979)
ERROR: FSR1 is only available when using the Forward+ renderer.
   at: viewport_set_scaling_3d_mode (servers/rendering/renderer_viewport.cpp:979)
ERROR: FSR1 is only available when using the Forward+ renderer.
   at: viewport_set_scaling_3d_mode (servers/rendering/renderer_viewport.cpp:979)
ERROR: FSR1 is only available when using the Forward+ renderer.
   at: viewport_set_scaling_3d_mode (servers/rendering/renderer_viewport.cpp:979)
ERROR: FSR1 is only available when using the Forward+ renderer.
   at: viewport_set_scaling_3d_mode (servers/rendering/renderer_viewport.cpp:979)
ERROR: FSR1 is only available when using the Forward+ renderer.
   at: viewport_set_scaling_3d_mode (servers/rendering/renderer_viewport.cpp:979)
ERROR: FSR1 is only available when using the Forward+ renderer.
   at: viewport_set_scaling_3d_mode (servers/rendering/renderer_viewport.cpp:979)
ERROR: FSR1 is only available when using the Forward+ renderer.
   at: viewport_set_scaling_3d_mode (servers/rendering/renderer_viewport.cpp:979)
ERROR: FSR1 is only available when using the Forward+ renderer.
   at: viewport_set_scaling_3d_mode (servers/rendering/renderer_viewport.cpp:979)
ERROR: FSR1 is only available when using the Forward+ renderer.
   at: viewport_set_scaling_3d_mode (servers/rendering/renderer_viewport.cpp:979)
ERROR: FSR1 is only available when using the Forward+ renderer.
   at: viewport_set_scaling_3d_mode (servers/rendering/renderer_viewport.cpp:979)
ERROR: FSR1 is only available when using the Forward+ renderer.
   at: viewport_set_scaling_3d_mode (servers/rendering/renderer_viewport.cpp:979)
ERROR: FSR1 is only available when using the Forward+ renderer.
   at: viewport_set_scaling_3d_mode (servers/rendering/renderer_viewport.cpp:979)
ERROR: FSR1 is only available when using the Forward+ renderer.
   at: viewport_set_scaling_3d_mode (servers/rendering/renderer_viewport.cpp:979)
ERROR: FSR1 is only available when using the Forward+ renderer.
   at: viewport_set_scaling_3d_mode (servers/rendering/renderer_viewport.cpp:979)
ERROR: FSR1 is only available when using the Forward+ renderer.
   at: viewport_set_scaling_3d_mode (servers/rendering/renderer_viewport.cpp:979)
ERROR: FSR1 is only available when using the Forward+ renderer.
   at: viewport_set_scaling_3d_mode (servers/rendering/renderer_viewport.cpp:979)
ERROR: FSR1 is only available when using the Forward+ renderer.
   at: viewport_set_scaling_3d_mode (servers/rendering/renderer_viewport.cpp:979)
ERROR: FSR1 is only available when using the Forward+ renderer.
   at: viewport_set_scaling_3d_mode (servers/rendering/renderer_viewport.cpp:979)
ERROR: FSR1 is only available when using the Forward+ renderer.
   at: viewport_set_scaling_3d_mode (servers/rendering/renderer_viewport.cpp:979)
ERROR: FSR1 is only available when using the Forward+ renderer.
   at: viewport_set_scaling_3d_mode (servers/rendering/renderer_viewport.cpp:979)
ERROR: FSR1 is only available when using the Forward+ renderer.
   at: viewport_set_scaling_3d_mode (servers/rendering/renderer_viewport.cpp:979)
ERROR: FSR1 is only available when using the Forward+ renderer.
   at: viewport_set_scaling_3d_mode (servers/rendering/renderer_viewport.cpp:979)
ERROR: FSR1 is only available when using the Forward+ renderer.
   at: viewport_set_scaling_3d_mode (servers/rendering/renderer_viewport.cpp:979)
ERROR: FSR1 is only available when using the Forward+ renderer.
   at: viewport_set_scaling_3d_mode (servers/rendering/renderer_viewport.cpp:979)
ERROR: FSR1 is only available when using the Forward+ renderer.
   at: viewport_set_scaling_3d_mode (servers/rendering/renderer_viewport.cpp:979)
ERROR: FSR1 is only available when using the Forward+ renderer.
   at: viewport_set_scaling_3d_mode (servers/rendering/renderer_viewport.cpp:979)
ERROR: FSR1 is only available when using the Forward+ renderer.
   at: viewport_set_scaling_3d_mode (servers/rendering/renderer_viewport.cpp:979)
ERROR: FSR1 is only available when using the Forward+ renderer.
   at: viewport_set_scaling_3d_mode (servers/rendering/renderer_viewport.cpp:979)
ERROR: FSR1 is only available when using the Forward+ renderer.
   at: viewport_set_scaling_3d_mode (servers/rendering/renderer_viewport.cpp:979)
ERROR: FSR1 is only available when using the Forward+ renderer.
   at: viewport_set_scaling_3d_mode (servers/rendering/renderer_viewport.cpp:979)
ERROR: FSR1 is only available when using the Forward+ renderer.
   at: viewport_set_scaling_3d_mode (servers/rendering/renderer_viewport.cpp:979)
ERROR: FSR1 is only available when using the Forward+ renderer.
   at: viewport_set_scaling_3d_mode (servers/rendering/renderer_viewport.cpp:979)
ERROR: FSR1 is only available when using the Forward+ renderer.
   at: viewport_set_scaling_3d_mode (servers/rendering/renderer_viewport.cpp:979)
ERROR: FSR1 is only available when using the Forward+ renderer.
   at: viewport_set_scaling_3d_mode (servers/rendering/renderer_viewport.cpp:979)
ERROR: FSR1 is only available when using the Forward+ renderer.
   at: viewport_set_scaling_3d_mode (servers/rendering/renderer_viewport.cpp:979)
ERROR: FSR1 is only available when using the Forward+ renderer.
   at: viewport_set_scaling_3d_mode (servers/rendering/renderer_viewport.cpp:979)
ERROR: FSR1 is only available when using the Forward+ renderer.
   at: viewport_set_scaling_3d_mode (servers/rendering/renderer_viewport.cpp:979)
ERROR: FSR1 is only available when using the Forward+ renderer.
   at: viewport_set_scaling_3d_mode (servers/rendering/renderer_viewport.cpp:979)
ERROR: FSR1 is only available when using the Forward+ renderer.
   at: viewport_set_scaling_3d_mode (servers/rendering/renderer_viewport.cpp:979)
ERROR: FSR1 is only available when using the Forward+ renderer.
   at: viewport_set_scaling_3d_mode (servers/rendering/renderer_viewport.cpp:979)
ERROR: FSR1 is only available when using the Forward+ renderer.
   at: viewport_set_scaling_3d_mode (servers/rendering/renderer_viewport.cpp:979)
ERROR: FSR1 is only available when using the Forward+ renderer.
   at: viewport_set_scaling_3d_mode (servers/rendering/renderer_viewport.cpp:979)
ERROR: FSR1 is only available when using the Forward+ renderer.
   at: viewport_set_scaling_3d_mode (servers/rendering/renderer_viewport.cpp:979)
ERROR: FSR1 is only available when using the Forward+ renderer.
   at: viewport_set_scaling_3d_mode (servers/rendering/renderer_viewport.cpp:979)
ERROR: FSR1 is only available when using the Forward+ renderer.
   at: viewport_set_scaling_3d_mode (servers/rendering/renderer_viewport.cpp:979)
ERROR: FSR1 is only available when using the Forward+ renderer.
   at: viewport_set_scaling_3d_mode (servers/rendering/renderer_viewport.cpp:979)
ERROR: FSR1 is only available when using the Forward+ renderer.
   at: viewport_set_scaling_3d_mode (servers/rendering/renderer_viewport.cpp:979)
ERROR: FSR1 is only available when using the Forward+ renderer.
   at: viewport_set_scaling_3d_mode (servers/rendering/renderer_viewport.cpp:979)
ERROR: FSR1 is only available when using the Forward+ renderer.
   at: viewport_set_scaling_3d_mode (servers/rendering/renderer_viewport.cpp:979)
ERROR: FSR1 is only available when using the Forward+ renderer.
   at: viewport_set_scaling_3d_mode (servers/rendering/renderer_viewport.cpp:979)
ERROR: FSR1 is only available when using the Forward+ renderer.
   at: viewport_set_scaling_3d_mode (servers/rendering/renderer_viewport.cpp:979)
ERROR: FSR1 is only available when using the Forward+ renderer.
   at: viewport_set_scaling_3d_mode (servers/rendering/renderer_viewport.cpp:979)
ERROR: FSR1 is only available when using the Forward+ renderer.
   at: viewport_set_scaling_3d_mode (servers/rendering/renderer_viewport.cpp:979)
ERROR: FSR1 is only available when using the Forward+ renderer.
   at: viewport_set_scaling_3d_mode (servers/rendering/renderer_viewport.cpp:979)
ERROR: FSR1 is only available when using the Forward+ renderer.
   at: viewport_set_scaling_3d_mode (servers/rendering/renderer_viewport.cpp:979)
ERROR: FSR1 is only available when using the Forward+ renderer.
   at: viewport_set_scaling_3d_mode (servers/rendering/renderer_viewport.cpp:979)
ERROR: FSR1 is only available when using the Forward+ renderer.
   at: viewport_set_scaling_3d_mode (servers/rendering/renderer_viewport.cpp:979)
ERROR: FSR1 is only available when using the Forward+ renderer.
   at: viewport_set_scaling_3d_mode (servers/rendering/renderer_viewport.cpp:979)
ERROR: FSR1 is only available when using the Forward+ renderer.
   at: viewport_set_scaling_3d_mode (servers/rendering/renderer_viewport.cpp:979)
ERROR: FSR1 is only available when using the Forward+ renderer.
   at: viewport_set_scaling_3d_mode (servers/rendering/renderer_viewport.cpp:979)
ERROR: FSR1 is only available when using the Forward+ renderer.
   at: viewport_set_scaling_3d_mode (servers/rendering/renderer_viewport.cpp:979)
ERROR: FSR1 is only available when using the Forward+ renderer.
   at: viewport_set_scaling_3d_mode (servers/rendering/renderer_viewport.cpp:979)
ERROR: FSR1 is only available when using the Forward+ renderer.
   at: viewport_set_scaling_3d_mode (servers/rendering/renderer_viewport.cpp:979)
ERROR: FSR1 is only available when using the Forward+ renderer.
   at: viewport_set_scaling_3d_mode (servers/rendering/renderer_viewport.cpp:979)
ERROR: FSR1 is only available when using the Forward+ renderer.
   at: viewport_set_scaling_3d_mode (servers/rendering/renderer_viewport.cpp:979)
ERROR: FSR1 is only available when using the Forward+ renderer.
   at: viewport_set_scaling_3d_mode (servers/rendering/renderer_viewport.cpp:979)
ERROR: FSR1 is only available when using the Forward+ renderer.
   at: viewport_set_scaling_3d_mode (servers/rendering/renderer_viewport.cpp:979)
ERROR: FSR1 is only available when using the Forward+ renderer.
   at: viewport_set_scaling_3d_mode (servers/rendering/renderer_viewport.cpp:979)
ERROR: FSR1 is only available when using the Forward+ renderer.
   at: viewport_set_scaling_3d_mode (servers/rendering/renderer_viewport.cpp:979)
ERROR: FSR1 is only available when using the Forward+ renderer.
   at: viewport_set_scaling_3d_mode (servers/rendering/renderer_viewport.cpp:979)
ERROR: FSR1 is only available when using the Forward+ renderer.
   at: viewport_set_scaling_3d_mode (servers/rendering/renderer_viewport.cpp:979)
ERROR: FSR1 is only available when using the Forward+ renderer.
   at: viewport_set_scaling_3d_mode (servers/rendering/renderer_viewport.cpp:979)
ERROR: FSR1 is only available when using the Forward+ renderer.
   at: viewport_set_scaling_3d_mode (servers/rendering/renderer_viewport.cpp:979)
ERROR: FSR1 is only available when using the Forward+ renderer.
   at: viewport_set_scaling_3d_mode (servers/rendering/renderer_viewport.cpp:979)
ERROR: FSR1 is only available when using the Forward+ renderer.
   at: viewport_set_scaling_3d_mode (servers/rendering/renderer_viewport.cpp:979)
ERROR: FSR1 is only available when using the Forward+ renderer.
   at: viewport_set_scaling_3d_mode (servers/rendering/renderer_viewport.cpp:979)
ERROR: FSR1 is only available when using the Forward+ renderer.
   at: viewport_set_scaling_3d_mode (servers/rendering/renderer_viewport.cpp:979)
ERROR: FSR1 is only available when using the Forward+ renderer.
   at: viewport_set_scaling_3d_mode (servers/rendering/renderer_viewport.cpp:979)
ERROR: FSR1 is only available when using the Forward+ renderer.
   at: viewport_set_scaling_3d_mode (servers/rendering/renderer_viewport.cpp:979)
ERROR: FSR1 is only available when using the Forward+ renderer.
   at: viewport_set_scaling_3d_mode (servers/rendering/renderer_viewport.cpp:979)
ERROR: FSR1 is only available when using the Forward+ renderer.
   at: viewport_set_scaling_3d_mode (servers/rendering/renderer_viewport.cpp:979)
ERROR: FSR1 is only available when using the Forward+ renderer.
   at: viewport_set_scaling_3d_mode (servers/rendering/renderer_viewport.cpp:979)
ERROR: FSR1 is only available when using the Forward+ renderer.
   at: viewport_set_scaling_3d_mode (servers/rendering/renderer_viewport.cpp:979)
ERROR: FSR1 is only available when using the Forward+ renderer.
   at: viewport_set_scaling_3d_mode (servers/rendering/renderer_viewport.cpp:979)
ERROR: FSR1 is only available when using the Forward+ renderer.
   at: viewport_set_scaling_3d_mode (servers/rendering/renderer_viewport.cpp:979)
ERROR: FSR1 is only available when using the Forward+ renderer.
   at: viewport_set_scaling_3d_mode (servers/rendering/renderer_viewport.cpp:979)
ERROR: FSR1 is only available when using the Forward+ renderer.
   at: viewport_set_scaling_3d_mode (servers/rendering/renderer_viewport.cpp:979)
ERROR: FSR1 is only available when using the Forward+ renderer.
   at: viewport_set_scaling_3d_mode (servers/rendering/renderer_viewport.cpp:979)
ERROR: FSR1 is only available when using the Forward+ renderer.
   at: viewport_set_scaling_3d_mode (servers/rendering/renderer_viewport.cpp:979)
ERROR: FSR1 is only available when using the Forward+ renderer.
   at: viewport_set_scaling_3d_mode (servers/rendering/renderer_viewport.cpp:979)
ERROR: FSR1 is only available when using the Forward+ renderer.
   at: viewport_set_scaling_3d_mode (servers/rendering/renderer_viewport.cpp:979)
ERROR: FSR1 is only available when using the Forward+ renderer.
   at: viewport_set_scaling_3d_mode (servers/rendering/renderer_viewport.cpp:979)
ERROR: FSR1 is only available when using the Forward+ renderer.
   at: viewport_set_scaling_3d_mode (servers/rendering/renderer_viewport.cpp:979)
ERROR: FSR1 is only available when using the Forward+ renderer.
   at: viewport_set_scaling_3d_mode (servers/rendering/renderer_viewport.cpp:979)
ERROR: FSR1 is only available when using the Forward+ renderer.
   at: viewport_set_scaling_3d_mode (servers/rendering/renderer_viewport.cpp:979)
ERROR: FSR1 is only available when using the Forward+ renderer.
   at: viewport_set_scaling_3d_mode (servers/rendering/renderer_viewport.cpp:979)
ERROR: FSR1 is only available when using the Forward+ renderer.
   at: viewport_set_scaling_3d_mode (servers/rendering/renderer_viewport.cpp:979)
ERROR: FSR1 is only available when using the Forward+ renderer.
   at: viewport_set_scaling_3d_mode (servers/rendering/renderer_viewport.cpp:979)
ERROR: FSR1 is only available when using the Forward+ renderer.
   at: viewport_set_scaling_3d_mode (servers/rendering/renderer_viewport.cpp:979)
ERROR: FSR1 is only available when using the Forward+ renderer.
   at: viewport_set_scaling_3d_mode (servers/rendering/renderer_viewport.cpp:979)
ERROR: FSR1 is only available when using the Forward+ renderer.
   at: viewport_set_scaling_3d_mode (servers/rendering/renderer_viewport.cpp:979)
ERROR: FSR1 is only available when using the Forward+ renderer.
   at: viewport_set_scaling_3d_mode (servers/rendering/renderer_viewport.cpp:979)
ERROR: FSR1 is only available when using the Forward+ renderer.
   at: viewport_set_scaling_3d_mode (servers/rendering/renderer_viewport.cpp:979)
ERROR: FSR1 is only available when using the Forward+ renderer.
   at: viewport_set_scaling_3d_mode (servers/rendering/renderer_viewport.cpp:979)
ERROR: FSR1 is only available when using the Forward+ renderer.
   at: viewport_set_scaling_3d_mode (servers/rendering/renderer_viewport.cpp:979)
ERROR: FSR1 is only available when using the Forward+ renderer.
   at: viewport_set_scaling_3d_mode (servers/rendering/renderer_viewport.cpp:979)
ERROR: FSR1 is only available when using the Forward+ renderer.
   at: viewport_set_scaling_3d_mode (servers/rendering/renderer_viewport.cpp:979)
ERROR: FSR1 is only available when using the Forward+ renderer.
   at: viewport_set_scaling_3d_mode (servers/rendering/renderer_viewport.cpp:979)
ERROR: FSR1 is only available when using the Forward+ renderer.
   at: viewport_set_scaling_3d_mode (servers/rendering/renderer_viewport.cpp:979)
ERROR: FSR1 is only available when using the Forward+ renderer.
   at: viewport_set_scaling_3d_mode (servers/rendering/renderer_viewport.cpp:979)
ERROR: FSR1 is only available when using the Forward+ renderer.
   at: viewport_set_scaling_3d_mode (servers/rendering/renderer_viewport.cpp:979)
ERROR: FSR1 is only available when using the Forward+ renderer.
   at: viewport_set_scaling_3d_mode (servers/rendering/renderer_viewport.cpp:979)
ERROR: FSR1 is only available when using the Forward+ renderer.
   at: viewport_set_scaling_3d_mode (servers/rendering/renderer_viewport.cpp:979)
ERROR: FSR1 is only available when using the Forward+ renderer.
   at: viewport_set_scaling_3d_mode (servers/rendering/renderer_viewport.cpp:979)
ERROR: FSR1 is only available when using the Forward+ renderer.
   at: viewport_set_scaling_3d_mode (servers/rendering/renderer_viewport.cpp:979)
ERROR: FSR1 is only available when using the Forward+ renderer.
   at: viewport_set_scaling_3d_mode (servers/rendering/renderer_viewport.cpp:979)
ERROR: FSR1 is only available when using the Forward+ renderer.
   at: viewport_set_scaling_3d_mode (servers/rendering/renderer_viewport.cpp:979)
ERROR: FSR1 is only available when using the Forward+ renderer.
   at: viewport_set_scaling_3d_mode (servers/rendering/renderer_viewport.cpp:979)
ERROR: FSR1 is only available when using the Forward+ renderer.
   at: viewport_set_scaling_3d_mode (servers/rendering/renderer_viewport.cpp:979)
ERROR: FSR1 is only available when using the Forward+ renderer.
   at: viewport_set_scaling_3d_mode (servers/rendering/renderer_viewport.cpp:979)
ERROR: FSR1 is only available when using the Forward+ renderer.
   at: viewport_set_scaling_3d_mode (servers/rendering/renderer_viewport.cpp:979)
ERROR: FSR1 is only available when using the Forward+ renderer.
   at: viewport_set_scaling_3d_mode (servers/rendering/renderer_viewport.cpp:979)
ERROR: FSR1 is only available when using the Forward+ renderer.
   at: viewport_set_scaling_3d_mode (servers/rendering/renderer_viewport.cpp:979)
ERROR: FSR1 is only available when using the Forward+ renderer.
   at: viewport_set_scaling_3d_mode (servers/rendering/renderer_viewport.cpp:979)
ERROR: FSR1 is only available when using the Forward+ renderer.
   at: viewport_set_scaling_3d_mode (servers/rendering/renderer_viewport.cpp:979)
ERROR: FSR1 is only available when using the Forward+ renderer.
   at: viewport_set_scaling_3d_mode (servers/rendering/renderer_viewport.cpp:979)
ERROR: FSR1 is only available when using the Forward+ renderer.
   at: viewport_set_scaling_3d_mode (servers/rendering/renderer_viewport.cpp:979)
ERROR: FSR1 is only available when using the Forward+ renderer.
   at: viewport_set_scaling_3d_mode (servers/rendering/renderer_viewport.cpp:979)
ERROR: FSR1 is only available when using the Forward+ renderer.
   at: viewport_set_scaling_3d_mode (servers/rendering/renderer_viewport.cpp:979)
ERROR: FSR1 is only available when using the Forward+ renderer.
   at: viewport_set_scaling_3d_mode (servers/rendering/renderer_viewport.cpp:979)
ERROR: FSR1 is only available when using the Forward+ renderer.
   at: viewport_set_scaling_3d_mode (servers/rendering/renderer_viewport.cpp:979)
ERROR: FSR1 is only available when using the Forward+ renderer.
   at: viewport_set_scaling_3d_mode (servers/rendering/renderer_viewport.cpp:979)
ERROR: FSR1 is only available when using the Forward+ renderer.
   at: viewport_set_scaling_3d_mode (servers/rendering/renderer_viewport.cpp:979)
ERROR: FSR1 is only available when using the Forward+ renderer.
   at: viewport_set_scaling_3d_mode (servers/rendering/renderer_viewport.cpp:979)
ERROR: FSR1 is only available when using the Forward+ renderer.
   at: viewport_set_scaling_3d_mode (servers/rendering/renderer_viewport.cpp:979)
ERROR: FSR1 is only available when using the Forward+ renderer.
   at: viewport_set_scaling_3d_mode (servers/rendering/renderer_viewport.cpp:979)
ERROR: FSR1 is only available when using the Forward+ renderer.
   at: viewport_set_scaling_3d_mode (servers/rendering/renderer_viewport.cpp:979)
ERROR: FSR1 is only available when using the Forward+ renderer.
   at: viewport_set_scaling_3d_mode (servers/rendering/renderer_viewport.cpp:979)
ERROR: FSR1 is only available when using the Forward+ renderer.
   at: viewport_set_scaling_3d_mode (servers/rendering/renderer_viewport.cpp:979)
ERROR: FSR1 is only available when using the Forward+ renderer.
   at: viewport_set_scaling_3d_mode (servers/rendering/renderer_viewport.cpp:979)
ERROR: FSR1 is only available when using the Forward+ renderer.
   at: viewport_set_scaling_3d_mode (servers/rendering/renderer_viewport.cpp:979)
ERROR: FSR1 is only available when using the Forward+ renderer.
   at: viewport_set_scaling_3d_mode (servers/rendering/renderer_viewport.cpp:979)
ERROR: FSR1 is only available when using the Forward+ renderer.
   at: viewport_set_scaling_3d_mode (servers/rendering/renderer_viewport.cpp:979)
ERROR: FSR1 is only available when using the Forward+ renderer.
   at: viewport_set_scaling_3d_mode (servers/rendering/renderer_viewport.cpp:979)
ERROR: FSR1 is only available when using the Forward+ renderer.
   at: viewport_set_scaling_3d_mode (servers/rendering/renderer_viewport.cpp:979)
ERROR: FSR1 is only available when using the Forward+ renderer.
   at: viewport_set_scaling_3d_mode (servers/rendering/renderer_viewport.cpp:979)
ERROR: FSR1 is only available when using the Forward+ renderer.
   at: viewport_set_scaling_3d_mode (servers/rendering/renderer_viewport.cpp:979)
ERROR: FSR1 is only available when using the Forward+ renderer.
   at: viewport_set_scaling_3d_mode (servers/rendering/renderer_viewport.cpp:979)
ERROR: FSR1 is only available when using the Forward+ renderer.
   at: viewport_set_scaling_3d_mode (servers/rendering/renderer_viewport.cpp:979)
ERROR: FSR1 is only available when using the Forward+ renderer.
   at: viewport_set_scaling_3d_mode (servers/rendering/renderer_viewport.cpp:979)
ERROR: FSR1 is only available when using the Forward+ renderer.
   at: viewport_set_scaling_3d_mode (servers/rendering/renderer_viewport.cpp:979)
ERROR: FSR1 is only available when using the Forward+ renderer.
   at: viewport_set_scaling_3d_mode (servers/rendering/renderer_viewport.cpp:979)
ERROR: FSR1 is only available when using the Forward+ renderer.
   at: viewport_set_scaling_3d_mode (servers/rendering/renderer_viewport.cpp:979)
ERROR: FSR1 is only available when using the Forward+ renderer.
   at: viewport_set_scaling_3d_mode (servers/rendering/renderer_viewport.cpp:979)
ERROR: FSR1 is only available when using the Forward+ renderer.
   at: viewport_set_scaling_3d_mode (servers/rendering/renderer_viewport.cpp:979)
ERROR: FSR1 is only available when using the Forward+ renderer.
   at: viewport_set_scaling_3d_mode (servers/rendering/renderer_viewport.cpp:979)
ERROR: FSR1 is only available when using the Forward+ renderer.
   at: viewport_set_scaling_3d_mode (servers/rendering/renderer_viewport.cpp:979)
ERROR: FSR1 is only available when using the Forward+ renderer.
   at: viewport_set_scaling_3d_mode (servers/rendering/renderer_viewport.cpp:979)
ERROR: FSR1 is only available when using the Forward+ renderer.
   at: viewport_set_scaling_3d_mode (servers/rendering/renderer_viewport.cpp:979)
ERROR: FSR1 is only available when using the Forward+ renderer.
   at: viewport_set_scaling_3d_mode (servers/rendering/renderer_viewport.cpp:979)
ERROR: FSR1 is only available when using the Forward+ renderer.
   at: viewport_set_scaling_3d_mode (servers/rendering/renderer_viewport.cpp:979)
ERROR: FSR1 is only available when using the Forward+ renderer.
   at: viewport_set_scaling_3d_mode (servers/rendering/renderer_viewport.cpp:979)
ERROR: FSR1 is only available when using the Forward+ renderer.
   at: viewport_set_scaling_3d_mode (servers/rendering/renderer_viewport.cpp:979)
ERROR: FSR1 is only available when using the Forward+ renderer.
   at: viewport_set_scaling_3d_mode (servers/rendering/renderer_viewport.cpp:979)
ERROR: FSR1 is only available when using the Forward+ renderer.
   at: viewport_set_scaling_3d_mode (servers/rendering/renderer_viewport.cpp:979)
ERROR: FSR1 is only available when using the Forward+ renderer.
   at: viewport_set_scaling_3d_mode (servers/rendering/renderer_viewport.cpp:979)
ERROR: FSR1 is only available when using the Forward+ renderer.
   at: viewport_set_scaling_3d_mode (servers/rendering/renderer_viewport.cpp:979)
ERROR: FSR1 is only available when using the Forward+ renderer.
   at: viewport_set_scaling_3d_mode (servers/rendering/renderer_viewport.cpp:979)
ERROR: FSR1 is only available when using the Forward+ renderer.
   at: viewport_set_scaling_3d_mode (servers/rendering/renderer_viewport.cpp:979)
ERROR: FSR1 is only available when using the Forward+ renderer.
   at: viewport_set_scaling_3d_mode (servers/rendering/renderer_viewport.cpp:979)
ERROR: FSR1 is only available when using the Forward+ renderer.
   at: viewport_set_scaling_3d_mode (servers/rendering/renderer_viewport.cpp:979)
[   0% ] [90m[1mfirst_scan_filesystem[22m | Started Project initialization (5 steps)[39m[0m
[   0% ] [90m[1mfirst_scan_filesystem[22m | Scanning file structure...[39m[0m
[  16% ] [90m[1mfirst_scan_filesystem[22m | Loading global class names...[39m[0m
[  33% ] [90m[1mfirst_scan_filesystem[22m | Verifying GDExtensions...[39m[0m
[  50% ] [90m[1mfirst_scan_filesystem[22m | Creating autoload scripts...[39m[0m
[  66% ] [90m[1mfirst_scan_filesystem[22m | Initializing plugins...[39m[0m
[  83% ] [90m[1mfirst_scan_filesystem[22m | Starting file scan...[39m[0m
[92m[ DONE ][39m [1mfirst_scan_filesystem[22m
[0m
[   0% ] [90m[1mloading_editor_layout[22m | Started Loading editor (5 steps)[39m[0m
[   0% ] [90m[1mloading_editor_layout[22m | Loading editor layout...[39m[0m
[  16% ] [90m[1mloading_editor_layout[22m | Loading docks...[39m[0m
[  33% ] [90m[1mloading_editor_layout[22m | Reopening scenes...[39m[0m
ERROR: FSR1 is only available when using the Forward+ renderer.
   at: viewport_set_scaling_3d_mode (servers/rendering/renderer_viewport.cpp:979)
ERROR: FSR1 is only available when using the Forward+ renderer.
   at: viewport_set_scaling_3d_mode (servers/rendering/renderer_viewport.cpp:979)
ERROR: FSR1 is only available when using the Forward+ renderer.
   at: viewport_set_scaling_3d_mode (servers/rendering/renderer_viewport.cpp:979)
ERROR: FSR1 is only available when using the Forward+ renderer.
   at: viewport_set_scaling_3d_mode (servers/rendering/renderer_viewport.cpp:979)
ERROR: FSR1 is only available when using the Forward+ renderer.
   at: viewport_set_scaling_3d_mode (servers/rendering/renderer_viewport.cpp:979)
ERROR: FSR1 is only available when using the Forward+ renderer.
   at: viewport_set_scaling_3d_mode (servers/rendering/renderer_viewport.cpp:979)
ERROR: FSR1 is only available when using the Forward+ renderer.
   at: viewport_set_scaling_3d_mode (servers/rendering/renderer_viewport.cpp:979)
[  50% ] [90m[1mloading_editor_layout[22m | Loading central editor layout...[39m[0m
[  66% ] [90m[1mloading_editor_layout[22m | Loading plugin window layout...[39m[0m
[  83% ] [90m[1mloading_editor_layout[22m | Editor layout ready.[39m[0m
[92m[ DONE ][39m [1mloading_editor_layout[22m
[0m
PARSER_EXIT=0
PRE_DECISION_INTEGRITY_AUDIT=passed
NEW_GUIDANCE=none_detected
OWNER_APPROVAL=absent
PROMOTION_AUTOMATIC=false
PROMOTION_ALLOWED=false
PRODUCTION_MODULES_CHANGED=false
REVIEW_STATUS=pending
ROLLBACK=available_by_commit
DEV3_VISUAL_HANDOFF=ready
DEV4_QA_HANDOFF=ready
DEV6_ENVIRONMENT_HANDOFF=ready
