LOCAL_HEAD=dca8696
REMOTE_HEAD=dca8696
AHEAD_BEHIND=0	0
REMOTE=dca8696 chore(dev5): open gamma monitored state retention cp d5 741
REMOTE=aa5295f test(dev5): monitor gamma owner approval cp d5 740
REMOTE=7d7c8f8 chore(dev5): open gamma owner approval monitoring cp d5 740
REMOTE=1fbab04 test(dev5): retain gamma approval ready package cp d5 739
REMOTE=ec03733 chore(dev5): open gamma approval ready package retention cp d5 739
REMOTE=c172c5c test(dev5): retain gamma promotion gate cp d5 738
REMOTE=613192d chore(dev5): open gamma promotion gate preservation cp d5 738
REMOTE=720022c test(dev5): retain gamma conditional decision cp d5 737
REMOTE=10146bb chore(dev5): open gamma conditional decision retention cp d5 737
REMOTE=a216dde test(dev5): verify gamma package pre decision cp d5 736
PRESENT=diretor_orientacoes/CP_D5_740_RELATORIO_MONITORIZACAO_OWNERS.md
PRESENT=diretor_orientacoes/CP-D5-740_OWNER_APPROVAL.log
PRESENT=diretor_orientacoes/CP-D5-740_SHA256SUMS.txt
PRESENT=diretor_orientacoes/CP_D5_739_RELATORIO_PACOTE_PRONTO_OWNERS.md
PRESENT=diretor_orientacoes/CP-D5-739_SHA256SUMS.txt
PRESENT=levels/dev5/GammaR4R5R6MirrorPreview.tscn
PRESENT=levels/dev5/GammaR5PropGroundingPreview.tscn
PRESENT=levels/dev5/GammaR5R6TransitionPreview.tscn
UNTRACKED_TOTAL=98
STAGED_COUNT=0
MODIFIED_COUNT=0
DIFF_CHECK=passed
MONITORED_STATE=retained
PROMOTION_BOUNDARY=preserved
UNTRACKED_PROMOTION=false
CONDITIONAL_CHANGES_PROMOTED=false
Godot Engine v4.5.1.stable.official.f62fdbde1 - https://godotengine.org
WARNING: Started the engine as `root`/superuser. This is a security risk, and subsystems like audio may not work correctly.
Set the environment variable `GODOT_SILENCE_ROOT_WARNING` to 1 to silence this warning.
     at: setup2 (main/main.cpp:3421)

ERROR: FSR1 is only available when using the Forward+ renderer.
   at: viewport_set_scaling_3d_mode (servers/rendering/renderer_viewport.cpp:979)
ERROR: FSR1 is only available when using the Forward+ renderer.
   at: viewport_set_scaling_3d_mode (servers/rendering/renderer_viewport.cpp:979)
ERROR: FSR1 is only available when using the Forward+ renderer.
   at: viewport_set_scaling_3d_mode (servers/rendering/renderer_viewport.cpp:979)
ERROR: FSR1 is only available when using the Forward+ renderer.
   at: viewport_set_scaling_3d_mode (servers/rendering/renderer_viewport.cpp:979)
ERROR: FSR1 is only available when using the Forward+ renderer.
   at: viewport_set_scaling_3d_mode (servers/rendering/renderer_viewport.cpp:979)
ERROR: FSR1 is only available when using the Forward+ renderer.
   at: viewport_set_scaling_3d_mode (servers/rendering/renderer_viewport.cpp:979)
ERROR: FSR1 is only available when using the Forward+ renderer.
   at: viewport_set_scaling_3d_mode (servers/rendering/renderer_viewport.cpp:979)
ERROR: FSR1 is only available when using the Forward+ renderer.
   at: viewport_set_scaling_3d_mode (servers/rendering/renderer_viewport.cpp:979)
ERROR: FSR1 is only available when using the Forward+ renderer.
   at: viewport_set_scaling_3d_mode (servers/rendering/renderer_viewport.cpp:979)
ERROR: FSR1 is only available when using the Forward+ renderer.
   at: viewport_set_scaling_3d_mode (servers/rendering/renderer_viewport.cpp:979)
ERROR: FSR1 is only available when using the Forward+ renderer.
   at: viewport_set_scaling_3d_mode (servers/rendering/renderer_viewport.cpp:979)
ERROR: FSR1 is only available when using the Forward+ renderer.
   at: viewport_set_scaling_3d_mode (servers/rendering/renderer_viewport.cpp:979)
ERROR: FSR1 is only available when using the Forward+ renderer.
   at: viewport_set_scaling_3d_mode (servers/rendering/renderer_viewport.cpp:979)
ERROR: FSR1 is only available when using the Forward+ renderer.
   at: viewport_set_scaling_3d_mode (servers/rendering/renderer_viewport.cpp:979)
ERROR: FSR1 is only available when using the Forward+ renderer.
   at: viewport_set_scaling_3d_mode (servers/rendering/renderer_viewport.cpp:979)
ERROR: FSR1 is only available when using the Forward+ renderer.
   at: viewport_set_scaling_3d_mode (servers/rendering/renderer_viewport.cpp:979)
ERROR: FSR1 is only available when using the Forward+ renderer.
   at: viewport_set_scaling_3d_mode (servers/rendering/renderer_viewport.cpp:979)
ERROR: FSR1 is only available when using the Forward+ renderer.
   at: viewport_set_scaling_3d_mode (servers/rendering/renderer_viewport.cpp:979)
ERROR: FSR1 is only available when using the Forward+ renderer.
   at: viewport_set_scaling_3d_mode (servers/rendering/renderer_viewport.cpp:979)
ERROR: FSR1 is only available when using the Forward+ renderer.
   at: viewport_set_scaling_3d_mode (servers/rendering/renderer_viewport.cpp:979)
ERROR: FSR1 is only available when using the Forward+ renderer.
   at: viewport_set_scaling_3d_mode (servers/rendering/renderer_viewport.cpp:979)
ERROR: FSR1 is only available when using the Forward+ renderer.
   at: viewport_set_scaling_3d_mode (servers/rendering/renderer_viewport.cpp:979)
ERROR: FSR1 is only available when using the Forward+ renderer.
   at: viewport_set_scaling_3d_mode (servers/rendering/renderer_viewport.cpp:979)
ERROR: FSR1 is only available when using the Forward+ renderer.
   at: viewport_set_scaling_3d_mode (servers/rendering/renderer_viewport.cpp:979)
ERROR: FSR1 is only available when using the Forward+ renderer.
   at: viewport_set_scaling_3d_mode (servers/rendering/renderer_viewport.cpp:979)
ERROR: FSR1 is only available when using the Forward+ renderer.
   at: viewport_set_scaling_3d_mode (servers/rendering/renderer_viewport.cpp:979)
ERROR: FSR1 is only available when using the Forward+ renderer.
   at: viewport_set_scaling_3d_mode (servers/rendering/renderer_viewport.cpp:979)
ERROR: FSR1 is only available when using the Forward+ renderer.
   at: viewport_set_scaling_3d_mode (servers/rendering/renderer_viewport.cpp:979)
ERROR: FSR1 is only available when using the Forward+ renderer.
   at: viewport_set_scaling_3d_mode (servers/rendering/renderer_viewport.cpp:979)
ERROR: FSR1 is only available when using the Forward+ renderer.
   at: viewport_set_scaling_3d_mode (servers/rendering/renderer_viewport.cpp:979)
ERROR: FSR1 is only available when using the Forward+ renderer.
   at: viewport_set_scaling_3d_mode (servers/rendering/renderer_viewport.cpp:979)
ERROR: FSR1 is only available when using the Forward+ renderer.
   at: viewport_set_scaling_3d_mode (servers/rendering/renderer_viewport.cpp:979)
ERROR: FSR1 is only available when using the Forward+ renderer.
   at: viewport_set_scaling_3d_mode (servers/rendering/renderer_viewport.cpp:979)
ERROR: FSR1 is only available when using the Forward+ renderer.
   at: viewport_set_scaling_3d_mode (servers/rendering/renderer_viewport.cpp:979)
ERROR: FSR1 is only available when using the Forward+ renderer.
   at: viewport_set_scaling_3d_mode (servers/rendering/renderer_viewport.cpp:979)
ERROR: FSR1 is only available when using the Forward+ renderer.
   at: viewport_set_scaling_3d_mode (servers/rendering/renderer_viewport.cpp:979)
ERROR: FSR1 is only available when using the Forward+ renderer.
   at: viewport_set_scaling_3d_mode (servers/rendering/renderer_viewport.cpp:979)
ERROR: FSR1 is only available when using the Forward+ renderer.
   at: viewport_set_scaling_3d_mode (servers/rendering/renderer_viewport.cpp:979)
ERROR: FSR1 is only available when using the Forward+ renderer.
   at: viewport_set_scaling_3d_mode (servers/rendering/renderer_viewport.cpp:979)
ERROR: FSR1 is only available when using the Forward+ renderer.
   at: viewport_set_scaling_3d_mode (servers/rendering/renderer_viewport.cpp:979)
ERROR: FSR1 is only available when using the Forward+ renderer.
   at: viewport_set_scaling_3d_mode (servers/rendering/renderer_viewport.cpp:979)
ERROR: FSR1 is only available when using the Forward+ renderer.
   at: viewport_set_scaling_3d_mode (servers/rendering/renderer_viewport.cpp:979)
ERROR: FSR1 is only available when using the Forward+ renderer.
   at: viewport_set_scaling_3d_mode (servers/rendering/renderer_viewport.cpp:979)
ERROR: FSR1 is only available when using the Forward+ renderer.
   at: viewport_set_scaling_3d_mode (servers/rendering/renderer_viewport.cpp:979)
ERROR: FSR1 is only available when using the Forward+ renderer.
   at: viewport_set_scaling_3d_mode (servers/rendering/renderer_viewport.cpp:979)
ERROR: FSR1 is only available when using the Forward+ renderer.
   at: viewport_set_scaling_3d_mode (servers/rendering/renderer_viewport.cpp:979)
ERROR: FSR1 is only available when using the Forward+ renderer.
   at: viewport_set_scaling_3d_mode (servers/rendering/renderer_viewport.cpp:979)
ERROR: FSR1 is only available when using the Forward+ renderer.
   at: viewport_set_scaling_3d_mode (servers/rendering/renderer_viewport.cpp:979)
ERROR: FSR1 is only available when using the Forward+ renderer.
   at: viewport_set_scaling_3d_mode (servers/rendering/renderer_viewport.cpp:979)
ERROR: FSR1 is only available when using the Forward+ renderer.
   at: viewport_set_scaling_3d_mode (servers/rendering/renderer_viewport.cpp:979)
ERROR: FSR1 is only available when using the Forward+ renderer.
   at: viewport_set_scaling_3d_mode (servers/rendering/renderer_viewport.cpp:979)
ERROR: FSR1 is only available when using the Forward+ renderer.
   at: viewport_set_scaling_3d_mode (servers/rendering/renderer_viewport.cpp:979)
ERROR: FSR1 is only available when using the Forward+ renderer.
   at: viewport_set_scaling_3d_mode (servers/rendering/renderer_viewport.cpp:979)
ERROR: FSR1 is only available when using the Forward+ renderer.
   at: viewport_set_scaling_3d_mode (servers/rendering/renderer_viewport.cpp:979)
ERROR: FSR1 is only available when using the Forward+ renderer.
   at: viewport_set_scaling_3d_mode (servers/rendering/renderer_viewport.cpp:979)
ERROR: FSR1 is only available when using the Forward+ renderer.
   at: viewport_set_scaling_3d_mode (servers/rendering/renderer_viewport.cpp:979)
ERROR: FSR1 is only available when using the Forward+ renderer.
   at: viewport_set_scaling_3d_mode (servers/rendering/renderer_viewport.cpp:979)
ERROR: FSR1 is only available when using the Forward+ renderer.
   at: viewport_set_scaling_3d_mode (servers/rendering/renderer_viewport.cpp:979)
ERROR: FSR1 is only available when using the Forward+ renderer.
   at: viewport_set_scaling_3d_mode (servers/rendering/renderer_viewport.cpp:979)
ERROR: FSR1 is only available when using the Forward+ renderer.
   at: viewport_set_scaling_3d_mode (servers/rendering/renderer_viewport.cpp:979)
ERROR: FSR1 is only available when using the Forward+ renderer.
   at: viewport_set_scaling_3d_mode (servers/rendering/renderer_viewport.cpp:979)
ERROR: FSR1 is only available when using the Forward+ renderer.
   at: viewport_set_scaling_3d_mode (servers/rendering/renderer_viewport.cpp:979)
ERROR: FSR1 is only available when using the Forward+ renderer.
   at: viewport_set_scaling_3d_mode (servers/rendering/renderer_viewport.cpp:979)
ERROR: FSR1 is only available when using the Forward+ renderer.
   at: viewport_set_scaling_3d_mode (servers/rendering/renderer_viewport.cpp:979)
ERROR: FSR1 is only available when using the Forward+ renderer.
   at: viewport_set_scaling_3d_mode (servers/rendering/renderer_viewport.cpp:979)
ERROR: FSR1 is only available when using the Forward+ renderer.
   at: viewport_set_scaling_3d_mode (servers/rendering/renderer_viewport.cpp:979)
ERROR: FSR1 is only available when using the Forward+ renderer.
   at: viewport_set_scaling_3d_mode (servers/rendering/renderer_viewport.cpp:979)
ERROR: FSR1 is only available when using the Forward+ renderer.
   at: viewport_set_scaling_3d_mode (servers/rendering/renderer_viewport.cpp:979)
ERROR: FSR1 is only available when using the Forward+ renderer.
   at: viewport_set_scaling_3d_mode (servers/rendering/renderer_viewport.cpp:979)
ERROR: FSR1 is only available when using the Forward+ renderer.
   at: viewport_set_scaling_3d_mode (servers/rendering/renderer_viewport.cpp:979)
ERROR: FSR1 is only available when using the Forward+ renderer.
   at: viewport_set_scaling_3d_mode (servers/rendering/renderer_viewport.cpp:979)
ERROR: FSR1 is only available when using the Forward+ renderer.
   at: viewport_set_scaling_3d_mode (servers/rendering/renderer_viewport.cpp:979)
ERROR: FSR1 is only available when using the Forward+ renderer.
   at: viewport_set_scaling_3d_mode (servers/rendering/renderer_viewport.cpp:979)
ERROR: FSR1 is only available when using the Forward+ renderer.
   at: viewport_set_scaling_3d_mode (servers/rendering/renderer_viewport.cpp:979)
ERROR: FSR1 is only available when using the Forward+ renderer.
   at: viewport_set_scaling_3d_mode (servers/rendering/renderer_viewport.cpp:979)
ERROR: FSR1 is only available when using the Forward+ renderer.
   at: viewport_set_scaling_3d_mode (servers/rendering/renderer_viewport.cpp:979)
ERROR: FSR1 is only available when using the Forward+ renderer.
   at: viewport_set_scaling_3d_mode (servers/rendering/renderer_viewport.cpp:979)
ERROR: FSR1 is only available when using the Forward+ renderer.
   at: viewport_set_scaling_3d_mode (servers/rendering/renderer_viewport.cpp:979)
ERROR: FSR1 is only available when using the Forward+ renderer.
   at: viewport_set_scaling_3d_mode (servers/rendering/renderer_viewport.cpp:979)
ERROR: FSR1 is only available when using the Forward+ renderer.
   at: viewport_set_scaling_3d_mode (servers/rendering/renderer_viewport.cpp:979)
ERROR: FSR1 is only available when using the Forward+ renderer.
   at: viewport_set_scaling_3d_mode (servers/rendering/renderer_viewport.cpp:979)
ERROR: FSR1 is only available when using the Forward+ renderer.
   at: viewport_set_scaling_3d_mode (servers/rendering/renderer_viewport.cpp:979)
ERROR: FSR1 is only available when using the Forward+ renderer.
   at: viewport_set_scaling_3d_mode (servers/rendering/renderer_viewport.cpp:979)
ERROR: FSR1 is only available when using the Forward+ renderer.
   at: viewport_set_scaling_3d_mode (servers/rendering/renderer_viewport.cpp:979)
ERROR: FSR1 is only available when using the Forward+ renderer.
   at: viewport_set_scaling_3d_mode (servers/rendering/renderer_viewport.cpp:979)
ERROR: FSR1 is only available when using the Forward+ renderer.
   at: viewport_set_scaling_3d_mode (servers/rendering/renderer_viewport.cpp:979)
ERROR: FSR1 is only available when using the Forward+ renderer.
   at: viewport_set_scaling_3d_mode (servers/rendering/renderer_viewport.cpp:979)
ERROR: FSR1 is only available when using the Forward+ renderer.
   at: viewport_set_scaling_3d_mode (servers/rendering/renderer_viewport.cpp:979)
ERROR: FSR1 is only available when using the Forward+ renderer.
   at: viewport_set_scaling_3d_mode (servers/rendering/renderer_viewport.cpp:979)
ERROR: FSR1 is only available when using the Forward+ renderer.
   at: viewport_set_scaling_3d_mode (servers/rendering/renderer_viewport.cpp:979)
ERROR: FSR1 is only available when using the Forward+ renderer.
   at: viewport_set_scaling_3d_mode (servers/rendering/renderer_viewport.cpp:979)
ERROR: FSR1 is only available when using the Forward+ renderer.
   at: viewport_set_scaling_3d_mode (servers/rendering/renderer_viewport.cpp:979)
ERROR: FSR1 is only available when using the Forward+ renderer.
   at: viewport_set_scaling_3d_mode (servers/rendering/renderer_viewport.cpp:979)
ERROR: FSR1 is only available when using the Forward+ renderer.
   at: viewport_set_scaling_3d_mode (servers/rendering/renderer_viewport.cpp:979)
ERROR: FSR1 is only available when using the Forward+ renderer.
   at: viewport_set_scaling_3d_mode (servers/rendering/renderer_viewport.cpp:979)
ERROR: FSR1 is only available when using the Forward+ renderer.
   at: viewport_set_scaling_3d_mode (servers/rendering/renderer_viewport.cpp:979)
ERROR: FSR1 is only available when using the Forward+ renderer.
   at: viewport_set_scaling_3d_mode (servers/rendering/renderer_viewport.cpp:979)
ERROR: FSR1 is only available when using the Forward+ renderer.
   at: viewport_set_scaling_3d_mode (servers/rendering/renderer_viewport.cpp:979)
ERROR: FSR1 is only available when using the Forward+ renderer.
   at: viewport_set_scaling_3d_mode (servers/rendering/renderer_viewport.cpp:979)
ERROR: FSR1 is only available when using the Forward+ renderer.
   at: viewport_set_scaling_3d_mode (servers/rendering/renderer_viewport.cpp:979)
ERROR: FSR1 is only available when using the Forward+ renderer.
   at: viewport_set_scaling_3d_mode (servers/rendering/renderer_viewport.cpp:979)
ERROR: FSR1 is only available when using the Forward+ renderer.
   at: viewport_set_scaling_3d_mode (servers/rendering/renderer_viewport.cpp:979)
ERROR: FSR1 is only available when using the Forward+ renderer.
   at: viewport_set_scaling_3d_mode (servers/rendering/renderer_viewport.cpp:979)
ERROR: FSR1 is only available when using the Forward+ renderer.
   at: viewport_set_scaling_3d_mode (servers/rendering/renderer_viewport.cpp:979)
ERROR: FSR1 is only available when using the Forward+ renderer.
   at: viewport_set_scaling_3d_mode (servers/rendering/renderer_viewport.cpp:979)
ERROR: FSR1 is only available when using the Forward+ renderer.
   at: viewport_set_scaling_3d_mode (servers/rendering/renderer_viewport.cpp:979)
ERROR: FSR1 is only available when using the Forward+ renderer.
   at: viewport_set_scaling_3d_mode (servers/rendering/renderer_viewport.cpp:979)
ERROR: FSR1 is only available when using the Forward+ renderer.
   at: viewport_set_scaling_3d_mode (servers/rendering/renderer_viewport.cpp:979)
ERROR: FSR1 is only available when using the Forward+ renderer.
   at: viewport_set_scaling_3d_mode (servers/rendering/renderer_viewport.cpp:979)
ERROR: FSR1 is only available when using the Forward+ renderer.
   at: viewport_set_scaling_3d_mode (servers/rendering/renderer_viewport.cpp:979)
ERROR: FSR1 is only available when using the Forward+ renderer.
   at: viewport_set_scaling_3d_mode (servers/rendering/renderer_viewport.cpp:979)
ERROR: FSR1 is only available when using the Forward+ renderer.
   at: viewport_set_scaling_3d_mode (servers/rendering/renderer_viewport.cpp:979)
ERROR: FSR1 is only available when using the Forward+ renderer.
   at: viewport_set_scaling_3d_mode (servers/rendering/renderer_viewport.cpp:979)
ERROR: FSR1 is only available when using the Forward+ renderer.
   at: viewport_set_scaling_3d_mode (servers/rendering/renderer_viewport.cpp:979)
ERROR: FSR1 is only available when using the Forward+ renderer.
   at: viewport_set_scaling_3d_mode (servers/rendering/renderer_viewport.cpp:979)
ERROR: FSR1 is only available when using the Forward+ renderer.
   at: viewport_set_scaling_3d_mode (servers/rendering/renderer_viewport.cpp:979)
ERROR: FSR1 is only available when using the Forward+ renderer.
   at: viewport_set_scaling_3d_mode (servers/rendering/renderer_viewport.cpp:979)
ERROR: FSR1 is only available when using the Forward+ renderer.
   at: viewport_set_scaling_3d_mode (servers/rendering/renderer_viewport.cpp:979)
ERROR: FSR1 is only available when using the Forward+ renderer.
   at: viewport_set_scaling_3d_mode (servers/rendering/renderer_viewport.cpp:979)
ERROR: FSR1 is only available when using the Forward+ renderer.
   at: viewport_set_scaling_3d_mode (servers/rendering/renderer_viewport.cpp:979)
ERROR: FSR1 is only available when using the Forward+ renderer.
   at: viewport_set_scaling_3d_mode (servers/rendering/renderer_viewport.cpp:979)
ERROR: FSR1 is only available when using the Forward+ renderer.
   at: viewport_set_scaling_3d_mode (servers/rendering/renderer_viewport.cpp:979)
ERROR: FSR1 is only available when using the Forward+ renderer.
   at: viewport_set_scaling_3d_mode (servers/rendering/renderer_viewport.cpp:979)
ERROR: FSR1 is only available when using the Forward+ renderer.
   at: viewport_set_scaling_3d_mode (servers/rendering/renderer_viewport.cpp:979)
ERROR: FSR1 is only available when using the Forward+ renderer.
   at: viewport_set_scaling_3d_mode (servers/rendering/renderer_viewport.cpp:979)
ERROR: FSR1 is only available when using the Forward+ renderer.
   at: viewport_set_scaling_3d_mode (servers/rendering/renderer_viewport.cpp:979)
ERROR: FSR1 is only available when using the Forward+ renderer.
   at: viewport_set_scaling_3d_mode (servers/rendering/renderer_viewport.cpp:979)
ERROR: FSR1 is only available when using the Forward+ renderer.
   at: viewport_set_scaling_3d_mode (servers/rendering/renderer_viewport.cpp:979)
ERROR: FSR1 is only available when using the Forward+ renderer.
   at: viewport_set_scaling_3d_mode (servers/rendering/renderer_viewport.cpp:979)
ERROR: FSR1 is only available when using the Forward+ renderer.
   at: viewport_set_scaling_3d_mode (servers/rendering/renderer_viewport.cpp:979)
ERROR: FSR1 is only available when using the Forward+ renderer.
   at: viewport_set_scaling_3d_mode (servers/rendering/renderer_viewport.cpp:979)
ERROR: FSR1 is only available when using the Forward+ renderer.
   at: viewport_set_scaling_3d_mode (servers/rendering/renderer_viewport.cpp:979)
ERROR: FSR1 is only available when using the Forward+ renderer.
   at: viewport_set_scaling_3d_mode (servers/rendering/renderer_viewport.cpp:979)
ERROR: FSR1 is only available when using the Forward+ renderer.
   at: viewport_set_scaling_3d_mode (servers/rendering/renderer_viewport.cpp:979)
ERROR: FSR1 is only available when using the Forward+ renderer.
   at: viewport_set_scaling_3d_mode (servers/rendering/renderer_viewport.cpp:979)
ERROR: FSR1 is only available when using the Forward+ renderer.
   at: viewport_set_scaling_3d_mode (servers/rendering/renderer_viewport.cpp:979)
ERROR: FSR1 is only available when using the Forward+ renderer.
   at: viewport_set_scaling_3d_mode (servers/rendering/renderer_viewport.cpp:979)
ERROR: FSR1 is only available when using the Forward+ renderer.
   at: viewport_set_scaling_3d_mode (servers/rendering/renderer_viewport.cpp:979)
ERROR: FSR1 is only available when using the Forward+ renderer.
   at: viewport_set_scaling_3d_mode (servers/rendering/renderer_viewport.cpp:979)
ERROR: FSR1 is only available when using the Forward+ renderer.
   at: viewport_set_scaling_3d_mode (servers/rendering/renderer_viewport.cpp:979)
ERROR: FSR1 is only available when using the Forward+ renderer.
   at: viewport_set_scaling_3d_mode (servers/rendering/renderer_viewport.cpp:979)
ERROR: FSR1 is only available when using the Forward+ renderer.
   at: viewport_set_scaling_3d_mode (servers/rendering/renderer_viewport.cpp:979)
ERROR: FSR1 is only available when using the Forward+ renderer.
   at: viewport_set_scaling_3d_mode (servers/rendering/renderer_viewport.cpp:979)
ERROR: FSR1 is only available when using the Forward+ renderer.
   at: viewport_set_scaling_3d_mode (servers/rendering/renderer_viewport.cpp:979)
ERROR: FSR1 is only available when using the Forward+ renderer.
   at: viewport_set_scaling_3d_mode (servers/rendering/renderer_viewport.cpp:979)
ERROR: FSR1 is only available when using the Forward+ renderer.
   at: viewport_set_scaling_3d_mode (servers/rendering/renderer_viewport.cpp:979)
ERROR: FSR1 is only available when using the Forward+ renderer.
   at: viewport_set_scaling_3d_mode (servers/rendering/renderer_viewport.cpp:979)
ERROR: FSR1 is only available when using the Forward+ renderer.
   at: viewport_set_scaling_3d_mode (servers/rendering/renderer_viewport.cpp:979)
ERROR: FSR1 is only available when using the Forward+ renderer.
   at: viewport_set_scaling_3d_mode (servers/rendering/renderer_viewport.cpp:979)
ERROR: FSR1 is only available when using the Forward+ renderer.
   at: viewport_set_scaling_3d_mode (servers/rendering/renderer_viewport.cpp:979)
ERROR: FSR1 is only available when using the Forward+ renderer.
   at: viewport_set_scaling_3d_mode (servers/rendering/renderer_viewport.cpp:979)
ERROR: FSR1 is only available when using the Forward+ renderer.
   at: viewport_set_scaling_3d_mode (servers/rendering/renderer_viewport.cpp:979)
ERROR: FSR1 is only available when using the Forward+ renderer.
   at: viewport_set_scaling_3d_mode (servers/rendering/renderer_viewport.cpp:979)
ERROR: FSR1 is only available when using the Forward+ renderer.
   at: viewport_set_scaling_3d_mode (servers/rendering/renderer_viewport.cpp:979)
ERROR: FSR1 is only available when using the Forward+ renderer.
   at: viewport_set_scaling_3d_mode (servers/rendering/renderer_viewport.cpp:979)
ERROR: FSR1 is only available when using the Forward+ renderer.
   at: viewport_set_scaling_3d_mode (servers/rendering/renderer_viewport.cpp:979)
ERROR: FSR1 is only available when using the Forward+ renderer.
   at: viewport_set_scaling_3d_mode (servers/rendering/renderer_viewport.cpp:979)
ERROR: FSR1 is only available when using the Forward+ renderer.
   at: viewport_set_scaling_3d_mode (servers/rendering/renderer_viewport.cpp:979)
ERROR: FSR1 is only available when using the Forward+ renderer.
   at: viewport_set_scaling_3d_mode (servers/rendering/renderer_viewport.cpp:979)
ERROR: FSR1 is only available when using the Forward+ renderer.
   at: viewport_set_scaling_3d_mode (servers/rendering/renderer_viewport.cpp:979)
ERROR: FSR1 is only available when using the Forward+ renderer.
   at: viewport_set_scaling_3d_mode (servers/rendering/renderer_viewport.cpp:979)
ERROR: FSR1 is only available when using the Forward+ renderer.
   at: viewport_set_scaling_3d_mode (servers/rendering/renderer_viewport.cpp:979)
ERROR: FSR1 is only available when using the Forward+ renderer.
   at: viewport_set_scaling_3d_mode (servers/rendering/renderer_viewport.cpp:979)
ERROR: FSR1 is only available when using the Forward+ renderer.
   at: viewport_set_scaling_3d_mode (servers/rendering/renderer_viewport.cpp:979)
ERROR: FSR1 is only available when using the Forward+ renderer.
   at: viewport_set_scaling_3d_mode (servers/rendering/renderer_viewport.cpp:979)
ERROR: FSR1 is only available when using the Forward+ renderer.
   at: viewport_set_scaling_3d_mode (servers/rendering/renderer_viewport.cpp:979)
ERROR: FSR1 is only available when using the Forward+ renderer.
   at: viewport_set_scaling_3d_mode (servers/rendering/renderer_viewport.cpp:979)
ERROR: FSR1 is only available when using the Forward+ renderer.
   at: viewport_set_scaling_3d_mode (servers/rendering/renderer_viewport.cpp:979)
ERROR: FSR1 is only available when using the Forward+ renderer.
   at: viewport_set_scaling_3d_mode (servers/rendering/renderer_viewport.cpp:979)
ERROR: FSR1 is only available when using the Forward+ renderer.
   at: viewport_set_scaling_3d_mode (servers/rendering/renderer_viewport.cpp:979)
ERROR: FSR1 is only available when using the Forward+ renderer.
   at: viewport_set_scaling_3d_mode (servers/rendering/renderer_viewport.cpp:979)
ERROR: FSR1 is only available when using the Forward+ renderer.
   at: viewport_set_scaling_3d_mode (servers/rendering/renderer_viewport.cpp:979)
ERROR: FSR1 is only available when using the Forward+ renderer.
   at: viewport_set_scaling_3d_mode (servers/rendering/renderer_viewport.cpp:979)
ERROR: FSR1 is only available when using the Forward+ renderer.
   at: viewport_set_scaling_3d_mode (servers/rendering/renderer_viewport.cpp:979)
ERROR: FSR1 is only available when using the Forward+ renderer.
   at: viewport_set_scaling_3d_mode (servers/rendering/renderer_viewport.cpp:979)
ERROR: FSR1 is only available when using the Forward+ renderer.
   at: viewport_set_scaling_3d_mode (servers/rendering/renderer_viewport.cpp:979)
ERROR: FSR1 is only available when using the Forward+ renderer.
   at: viewport_set_scaling_3d_mode (servers/rendering/renderer_viewport.cpp:979)
ERROR: FSR1 is only available when using the Forward+ renderer.
   at: viewport_set_scaling_3d_mode (servers/rendering/renderer_viewport.cpp:979)
ERROR: FSR1 is only available when using the Forward+ renderer.
   at: viewport_set_scaling_3d_mode (servers/rendering/renderer_viewport.cpp:979)
ERROR: FSR1 is only available when using the Forward+ renderer.
   at: viewport_set_scaling_3d_mode (servers/rendering/renderer_viewport.cpp:979)
ERROR: FSR1 is only available when using the Forward+ renderer.
   at: viewport_set_scaling_3d_mode (servers/rendering/renderer_viewport.cpp:979)
ERROR: FSR1 is only available when using the Forward+ renderer.
   at: viewport_set_scaling_3d_mode (servers/rendering/renderer_viewport.cpp:979)
ERROR: FSR1 is only available when using the Forward+ renderer.
   at: viewport_set_scaling_3d_mode (servers/rendering/renderer_viewport.cpp:979)
ERROR: FSR1 is only available when using the Forward+ renderer.
   at: viewport_set_scaling_3d_mode (servers/rendering/renderer_viewport.cpp:979)
ERROR: FSR1 is only available when using the Forward+ renderer.
   at: viewport_set_scaling_3d_mode (servers/rendering/renderer_viewport.cpp:979)
ERROR: FSR1 is only available when using the Forward+ renderer.
   at: viewport_set_scaling_3d_mode (servers/rendering/renderer_viewport.cpp:979)
ERROR: FSR1 is only available when using the Forward+ renderer.
   at: viewport_set_scaling_3d_mode (servers/rendering/renderer_viewport.cpp:979)
ERROR: FSR1 is only available when using the Forward+ renderer.
   at: viewport_set_scaling_3d_mode (servers/rendering/renderer_viewport.cpp:979)
ERROR: FSR1 is only available when using the Forward+ renderer.
   at: viewport_set_scaling_3d_mode (servers/rendering/renderer_viewport.cpp:979)
ERROR: FSR1 is only available when using the Forward+ renderer.
   at: viewport_set_scaling_3d_mode (servers/rendering/renderer_viewport.cpp:979)
ERROR: FSR1 is only available when using the Forward+ renderer.
   at: viewport_set_scaling_3d_mode (servers/rendering/renderer_viewport.cpp:979)
ERROR: FSR1 is only available when using the Forward+ renderer.
   at: viewport_set_scaling_3d_mode (servers/rendering/renderer_viewport.cpp:979)
ERROR: FSR1 is only available when using the Forward+ renderer.
   at: viewport_set_scaling_3d_mode (servers/rendering/renderer_viewport.cpp:979)
ERROR: FSR1 is only available when using the Forward+ renderer.
   at: viewport_set_scaling_3d_mode (servers/rendering/renderer_viewport.cpp:979)
ERROR: FSR1 is only available when using the Forward+ renderer.
   at: viewport_set_scaling_3d_mode (servers/rendering/renderer_viewport.cpp:979)
ERROR: FSR1 is only available when using the Forward+ renderer.
   at: viewport_set_scaling_3d_mode (servers/rendering/renderer_viewport.cpp:979)
ERROR: FSR1 is only available when using the Forward+ renderer.
   at: viewport_set_scaling_3d_mode (servers/rendering/renderer_viewport.cpp:979)
ERROR: FSR1 is only available when using the Forward+ renderer.
   at: viewport_set_scaling_3d_mode (servers/rendering/renderer_viewport.cpp:979)
ERROR: FSR1 is only available when using the Forward+ renderer.
   at: viewport_set_scaling_3d_mode (servers/rendering/renderer_viewport.cpp:979)
ERROR: FSR1 is only available when using the Forward+ renderer.
   at: viewport_set_scaling_3d_mode (servers/rendering/renderer_viewport.cpp:979)
ERROR: FSR1 is only available when using the Forward+ renderer.
   at: viewport_set_scaling_3d_mode (servers/rendering/renderer_viewport.cpp:979)
ERROR: FSR1 is only available when using the Forward+ renderer.
   at: viewport_set_scaling_3d_mode (servers/rendering/renderer_viewport.cpp:979)
ERROR: FSR1 is only available when using the Forward+ renderer.
   at: viewport_set_scaling_3d_mode (servers/rendering/renderer_viewport.cpp:979)
ERROR: FSR1 is only available when using the Forward+ renderer.
   at: viewport_set_scaling_3d_mode (servers/rendering/renderer_viewport.cpp:979)
ERROR: FSR1 is only available when using the Forward+ renderer.
   at: viewport_set_scaling_3d_mode (servers/rendering/renderer_viewport.cpp:979)
ERROR: FSR1 is only available when using the Forward+ renderer.
   at: viewport_set_scaling_3d_mode (servers/rendering/renderer_viewport.cpp:979)
ERROR: FSR1 is only available when using the Forward+ renderer.
   at: viewport_set_scaling_3d_mode (servers/rendering/renderer_viewport.cpp:979)
ERROR: FSR1 is only available when using the Forward+ renderer.
   at: viewport_set_scaling_3d_mode (servers/rendering/renderer_viewport.cpp:979)
ERROR: FSR1 is only available when using the Forward+ renderer.
   at: viewport_set_scaling_3d_mode (servers/rendering/renderer_viewport.cpp:979)
ERROR: FSR1 is only available when using the Forward+ renderer.
   at: viewport_set_scaling_3d_mode (servers/rendering/renderer_viewport.cpp:979)
ERROR: FSR1 is only available when using the Forward+ renderer.
   at: viewport_set_scaling_3d_mode (servers/rendering/renderer_viewport.cpp:979)
ERROR: FSR1 is only available when using the Forward+ renderer.
   at: viewport_set_scaling_3d_mode (servers/rendering/renderer_viewport.cpp:979)
ERROR: FSR1 is only available when using the Forward+ renderer.
   at: viewport_set_scaling_3d_mode (servers/rendering/renderer_viewport.cpp:979)
ERROR: FSR1 is only available when using the Forward+ renderer.
   at: viewport_set_scaling_3d_mode (servers/rendering/renderer_viewport.cpp:979)
ERROR: FSR1 is only available when using the Forward+ renderer.
   at: viewport_set_scaling_3d_mode (servers/rendering/renderer_viewport.cpp:979)
ERROR: FSR1 is only available when using the Forward+ renderer.
   at: viewport_set_scaling_3d_mode (servers/rendering/renderer_viewport.cpp:979)
ERROR: FSR1 is only available when using the Forward+ renderer.
   at: viewport_set_scaling_3d_mode (servers/rendering/renderer_viewport.cpp:979)
ERROR: FSR1 is only available when using the Forward+ renderer.
   at: viewport_set_scaling_3d_mode (servers/rendering/renderer_viewport.cpp:979)
ERROR: FSR1 is only available when using the Forward+ renderer.
   at: viewport_set_scaling_3d_mode (servers/rendering/renderer_viewport.cpp:979)
ERROR: FSR1 is only available when using the Forward+ renderer.
   at: viewport_set_scaling_3d_mode (servers/rendering/renderer_viewport.cpp:979)
ERROR: FSR1 is only available when using the Forward+ renderer.
   at: viewport_set_scaling_3d_mode (servers/rendering/renderer_viewport.cpp:979)
ERROR: FSR1 is only available when using the Forward+ renderer.
   at: viewport_set_scaling_3d_mode (servers/rendering/renderer_viewport.cpp:979)
ERROR: FSR1 is only available when using the Forward+ renderer.
   at: viewport_set_scaling_3d_mode (servers/rendering/renderer_viewport.cpp:979)
ERROR: FSR1 is only available when using the Forward+ renderer.
   at: viewport_set_scaling_3d_mode (servers/rendering/renderer_viewport.cpp:979)
ERROR: FSR1 is only available when using the Forward+ renderer.
   at: viewport_set_scaling_3d_mode (servers/rendering/renderer_viewport.cpp:979)
ERROR: FSR1 is only available when using the Forward+ renderer.
   at: viewport_set_scaling_3d_mode (servers/rendering/renderer_viewport.cpp:979)
ERROR: FSR1 is only available when using the Forward+ renderer.
   at: viewport_set_scaling_3d_mode (servers/rendering/renderer_viewport.cpp:979)
ERROR: FSR1 is only available when using the Forward+ renderer.
   at: viewport_set_scaling_3d_mode (servers/rendering/renderer_viewport.cpp:979)
ERROR: FSR1 is only available when using the Forward+ renderer.
   at: viewport_set_scaling_3d_mode (servers/rendering/renderer_viewport.cpp:979)
ERROR: FSR1 is only available when using the Forward+ renderer.
   at: viewport_set_scaling_3d_mode (servers/rendering/renderer_viewport.cpp:979)
ERROR: FSR1 is only available when using the Forward+ renderer.
   at: viewport_set_scaling_3d_mode (servers/rendering/renderer_viewport.cpp:979)
ERROR: FSR1 is only available when using the Forward+ renderer.
   at: viewport_set_scaling_3d_mode (servers/rendering/renderer_viewport.cpp:979)
ERROR: FSR1 is only available when using the Forward+ renderer.
   at: viewport_set_scaling_3d_mode (servers/rendering/renderer_viewport.cpp:979)
ERROR: FSR1 is only available when using the Forward+ renderer.
   at: viewport_set_scaling_3d_mode (servers/rendering/renderer_viewport.cpp:979)
ERROR: FSR1 is only available when using the Forward+ renderer.
   at: viewport_set_scaling_3d_mode (servers/rendering/renderer_viewport.cpp:979)
ERROR: FSR1 is only available when using the Forward+ renderer.
   at: viewport_set_scaling_3d_mode (servers/rendering/renderer_viewport.cpp:979)
ERROR: FSR1 is only available when using the Forward+ renderer.
   at: viewport_set_scaling_3d_mode (servers/rendering/renderer_viewport.cpp:979)
ERROR: FSR1 is only available when using the Forward+ renderer.
   at: viewport_set_scaling_3d_mode (servers/rendering/renderer_viewport.cpp:979)
ERROR: FSR1 is only available when using the Forward+ renderer.
   at: viewport_set_scaling_3d_mode (servers/rendering/renderer_viewport.cpp:979)
ERROR: FSR1 is only available when using the Forward+ renderer.
   at: viewport_set_scaling_3d_mode (servers/rendering/renderer_viewport.cpp:979)
ERROR: FSR1 is only available when using the Forward+ renderer.
   at: viewport_set_scaling_3d_mode (servers/rendering/renderer_viewport.cpp:979)
ERROR: FSR1 is only available when using the Forward+ renderer.
   at: viewport_set_scaling_3d_mode (servers/rendering/renderer_viewport.cpp:979)
ERROR: FSR1 is only available when using the Forward+ renderer.
   at: viewport_set_scaling_3d_mode (servers/rendering/renderer_viewport.cpp:979)
ERROR: FSR1 is only available when using the Forward+ renderer.
   at: viewport_set_scaling_3d_mode (servers/rendering/renderer_viewport.cpp:979)
ERROR: FSR1 is only available when using the Forward+ renderer.
   at: viewport_set_scaling_3d_mode (servers/rendering/renderer_viewport.cpp:979)
ERROR: FSR1 is only available when using the Forward+ renderer.
   at: viewport_set_scaling_3d_mode (servers/rendering/renderer_viewport.cpp:979)
ERROR: FSR1 is only available when using the Forward+ renderer.
   at: viewport_set_scaling_3d_mode (servers/rendering/renderer_viewport.cpp:979)
ERROR: FSR1 is only available when using the Forward+ renderer.
   at: viewport_set_scaling_3d_mode (servers/rendering/renderer_viewport.cpp:979)
ERROR: FSR1 is only available when using the Forward+ renderer.
   at: viewport_set_scaling_3d_mode (servers/rendering/renderer_viewport.cpp:979)
ERROR: FSR1 is only available when using the Forward+ renderer.
   at: viewport_set_scaling_3d_mode (servers/rendering/renderer_viewport.cpp:979)
ERROR: FSR1 is only available when using the Forward+ renderer.
   at: viewport_set_scaling_3d_mode (servers/rendering/renderer_viewport.cpp:979)
ERROR: FSR1 is only available when using the Forward+ renderer.
   at: viewport_set_scaling_3d_mode (servers/rendering/renderer_viewport.cpp:979)
ERROR: FSR1 is only available when using the Forward+ renderer.
   at: viewport_set_scaling_3d_mode (servers/rendering/renderer_viewport.cpp:979)
ERROR: FSR1 is only available when using the Forward+ renderer.
   at: viewport_set_scaling_3d_mode (servers/rendering/renderer_viewport.cpp:979)
ERROR: FSR1 is only available when using the Forward+ renderer.
   at: viewport_set_scaling_3d_mode (servers/rendering/renderer_viewport.cpp:979)
ERROR: FSR1 is only available when using the Forward+ renderer.
   at: viewport_set_scaling_3d_mode (servers/rendering/renderer_viewport.cpp:979)
ERROR: FSR1 is only available when using the Forward+ renderer.
   at: viewport_set_scaling_3d_mode (servers/rendering/renderer_viewport.cpp:979)
ERROR: FSR1 is only available when using the Forward+ renderer.
   at: viewport_set_scaling_3d_mode (servers/rendering/renderer_viewport.cpp:979)
ERROR: FSR1 is only available when using the Forward+ renderer.
   at: viewport_set_scaling_3d_mode (servers/rendering/renderer_viewport.cpp:979)
ERROR: FSR1 is only available when using the Forward+ renderer.
   at: viewport_set_scaling_3d_mode (servers/rendering/renderer_viewport.cpp:979)
ERROR: FSR1 is only available when using the Forward+ renderer.
   at: viewport_set_scaling_3d_mode (servers/rendering/renderer_viewport.cpp:979)
ERROR: FSR1 is only available when using the Forward+ renderer.
   at: viewport_set_scaling_3d_mode (servers/rendering/renderer_viewport.cpp:979)
ERROR: FSR1 is only available when using the Forward+ renderer.
   at: viewport_set_scaling_3d_mode (servers/rendering/renderer_viewport.cpp:979)
ERROR: FSR1 is only available when using the Forward+ renderer.
   at: viewport_set_scaling_3d_mode (servers/rendering/renderer_viewport.cpp:979)
ERROR: FSR1 is only available when using the Forward+ renderer.
   at: viewport_set_scaling_3d_mode (servers/rendering/renderer_viewport.cpp:979)
ERROR: FSR1 is only available when using the Forward+ renderer.
   at: viewport_set_scaling_3d_mode (servers/rendering/renderer_viewport.cpp:979)
ERROR: FSR1 is only available when using the Forward+ renderer.
   at: viewport_set_scaling_3d_mode (servers/rendering/renderer_viewport.cpp:979)
ERROR: FSR1 is only available when using the Forward+ renderer.
   at: viewport_set_scaling_3d_mode (servers/rendering/renderer_viewport.cpp:979)
ERROR: FSR1 is only available when using the Forward+ renderer.
   at: viewport_set_scaling_3d_mode (servers/rendering/renderer_viewport.cpp:979)
ERROR: FSR1 is only available when using the Forward+ renderer.
   at: viewport_set_scaling_3d_mode (servers/rendering/renderer_viewport.cpp:979)
ERROR: FSR1 is only available when using the Forward+ renderer.
   at: viewport_set_scaling_3d_mode (servers/rendering/renderer_viewport.cpp:979)
ERROR: FSR1 is only available when using the Forward+ renderer.
   at: viewport_set_scaling_3d_mode (servers/rendering/renderer_viewport.cpp:979)
ERROR: FSR1 is only available when using the Forward+ renderer.
   at: viewport_set_scaling_3d_mode (servers/rendering/renderer_viewport.cpp:979)
ERROR: FSR1 is only available when using the Forward+ renderer.
   at: viewport_set_scaling_3d_mode (servers/rendering/renderer_viewport.cpp:979)
ERROR: FSR1 is only available when using the Forward+ renderer.
   at: viewport_set_scaling_3d_mode (servers/rendering/renderer_viewport.cpp:979)
ERROR: FSR1 is only available when using the Forward+ renderer.
   at: viewport_set_scaling_3d_mode (servers/rendering/renderer_viewport.cpp:979)
ERROR: FSR1 is only available when using the Forward+ renderer.
   at: viewport_set_scaling_3d_mode (servers/rendering/renderer_viewport.cpp:979)
ERROR: FSR1 is only available when using the Forward+ renderer.
   at: viewport_set_scaling_3d_mode (servers/rendering/renderer_viewport.cpp:979)
ERROR: FSR1 is only available when using the Forward+ renderer.
   at: viewport_set_scaling_3d_mode (servers/rendering/renderer_viewport.cpp:979)
ERROR: FSR1 is only available when using the Forward+ renderer.
   at: viewport_set_scaling_3d_mode (servers/rendering/renderer_viewport.cpp:979)
ERROR: FSR1 is only available when using the Forward+ renderer.
   at: viewport_set_scaling_3d_mode (servers/rendering/renderer_viewport.cpp:979)
ERROR: FSR1 is only available when using the Forward+ renderer.
   at: viewport_set_scaling_3d_mode (servers/rendering/renderer_viewport.cpp:979)
ERROR: FSR1 is only available when using the Forward+ renderer.
   at: viewport_set_scaling_3d_mode (servers/rendering/renderer_viewport.cpp:979)
ERROR: FSR1 is only available when using the Forward+ renderer.
   at: viewport_set_scaling_3d_mode (servers/rendering/renderer_viewport.cpp:979)
ERROR: FSR1 is only available when using the Forward+ renderer.
   at: viewport_set_scaling_3d_mode (servers/rendering/renderer_viewport.cpp:979)
ERROR: FSR1 is only available when using the Forward+ renderer.
   at: viewport_set_scaling_3d_mode (servers/rendering/renderer_viewport.cpp:979)
ERROR: FSR1 is only available when using the Forward+ renderer.
   at: viewport_set_scaling_3d_mode (servers/rendering/renderer_viewport.cpp:979)
ERROR: FSR1 is only available when using the Forward+ renderer.
   at: viewport_set_scaling_3d_mode (servers/rendering/renderer_viewport.cpp:979)
ERROR: FSR1 is only available when using the Forward+ renderer.
   at: viewport_set_scaling_3d_mode (servers/rendering/renderer_viewport.cpp:979)
ERROR: FSR1 is only available when using the Forward+ renderer.
   at: viewport_set_scaling_3d_mode (servers/rendering/renderer_viewport.cpp:979)
ERROR: FSR1 is only available when using the Forward+ renderer.
   at: viewport_set_scaling_3d_mode (servers/rendering/renderer_viewport.cpp:979)
ERROR: FSR1 is only available when using the Forward+ renderer.
   at: viewport_set_scaling_3d_mode (servers/rendering/renderer_viewport.cpp:979)
ERROR: FSR1 is only available when using the Forward+ renderer.
   at: viewport_set_scaling_3d_mode (servers/rendering/renderer_viewport.cpp:979)
ERROR: FSR1 is only available when using the Forward+ renderer.
   at: viewport_set_scaling_3d_mode (servers/rendering/renderer_viewport.cpp:979)
ERROR: FSR1 is only available when using the Forward+ renderer.
   at: viewport_set_scaling_3d_mode (servers/rendering/renderer_viewport.cpp:979)
ERROR: FSR1 is only available when using the Forward+ renderer.
   at: viewport_set_scaling_3d_mode (servers/rendering/renderer_viewport.cpp:979)
ERROR: FSR1 is only available when using the Forward+ renderer.
   at: viewport_set_scaling_3d_mode (servers/rendering/renderer_viewport.cpp:979)
ERROR: FSR1 is only available when using the Forward+ renderer.
   at: viewport_set_scaling_3d_mode (servers/rendering/renderer_viewport.cpp:979)
ERROR: FSR1 is only available when using the Forward+ renderer.
   at: viewport_set_scaling_3d_mode (servers/rendering/renderer_viewport.cpp:979)
ERROR: FSR1 is only available when using the Forward+ renderer.
   at: viewport_set_scaling_3d_mode (servers/rendering/renderer_viewport.cpp:979)
ERROR: FSR1 is only available when using the Forward+ renderer.
   at: viewport_set_scaling_3d_mode (servers/rendering/renderer_viewport.cpp:979)
ERROR: FSR1 is only available when using the Forward+ renderer.
   at: viewport_set_scaling_3d_mode (servers/rendering/renderer_viewport.cpp:979)
ERROR: FSR1 is only available when using the Forward+ renderer.
   at: viewport_set_scaling_3d_mode (servers/rendering/renderer_viewport.cpp:979)
ERROR: FSR1 is only available when using the Forward+ renderer.
   at: viewport_set_scaling_3d_mode (servers/rendering/renderer_viewport.cpp:979)
ERROR: FSR1 is only available when using the Forward+ renderer.
   at: viewport_set_scaling_3d_mode (servers/rendering/renderer_viewport.cpp:979)
ERROR: FSR1 is only available when using the Forward+ renderer.
   at: viewport_set_scaling_3d_mode (servers/rendering/renderer_viewport.cpp:979)
ERROR: FSR1 is only available when using the Forward+ renderer.
   at: viewport_set_scaling_3d_mode (servers/rendering/renderer_viewport.cpp:979)
ERROR: FSR1 is only available when using the Forward+ renderer.
   at: viewport_set_scaling_3d_mode (servers/rendering/renderer_viewport.cpp:979)
ERROR: FSR1 is only available when using the Forward+ renderer.
   at: viewport_set_scaling_3d_mode (servers/rendering/renderer_viewport.cpp:979)
ERROR: FSR1 is only available when using the Forward+ renderer.
   at: viewport_set_scaling_3d_mode (servers/rendering/renderer_viewport.cpp:979)
ERROR: FSR1 is only available when using the Forward+ renderer.
   at: viewport_set_scaling_3d_mode (servers/rendering/renderer_viewport.cpp:979)
ERROR: FSR1 is only available when using the Forward+ renderer.
   at: viewport_set_scaling_3d_mode (servers/rendering/renderer_viewport.cpp:979)
ERROR: FSR1 is only available when using the Forward+ renderer.
   at: viewport_set_scaling_3d_mode (servers/rendering/renderer_viewport.cpp:979)
ERROR: FSR1 is only available when using the Forward+ renderer.
   at: viewport_set_scaling_3d_mode (servers/rendering/renderer_viewport.cpp:979)
ERROR: FSR1 is only available when using the Forward+ renderer.
   at: viewport_set_scaling_3d_mode (servers/rendering/renderer_viewport.cpp:979)
ERROR: FSR1 is only available when using the Forward+ renderer.
   at: viewport_set_scaling_3d_mode (servers/rendering/renderer_viewport.cpp:979)
ERROR: FSR1 is only available when using the Forward+ renderer.
   at: viewport_set_scaling_3d_mode (servers/rendering/renderer_viewport.cpp:979)
ERROR: FSR1 is only available when using the Forward+ renderer.
   at: viewport_set_scaling_3d_mode (servers/rendering/renderer_viewport.cpp:979)
ERROR: FSR1 is only available when using the Forward+ renderer.
   at: viewport_set_scaling_3d_mode (servers/rendering/renderer_viewport.cpp:979)
ERROR: FSR1 is only available when using the Forward+ renderer.
   at: viewport_set_scaling_3d_mode (servers/rendering/renderer_viewport.cpp:979)
ERROR: FSR1 is only available when using the Forward+ renderer.
   at: viewport_set_scaling_3d_mode (servers/rendering/renderer_viewport.cpp:979)
ERROR: FSR1 is only available when using the Forward+ renderer.
   at: viewport_set_scaling_3d_mode (servers/rendering/renderer_viewport.cpp:979)
ERROR: FSR1 is only available when using the Forward+ renderer.
   at: viewport_set_scaling_3d_mode (servers/rendering/renderer_viewport.cpp:979)
ERROR: FSR1 is only available when using the Forward+ renderer.
   at: viewport_set_scaling_3d_mode (servers/rendering/renderer_viewport.cpp:979)
ERROR: FSR1 is only available when using the Forward+ renderer.
   at: viewport_set_scaling_3d_mode (servers/rendering/renderer_viewport.cpp:979)
ERROR: FSR1 is only available when using the Forward+ renderer.
   at: viewport_set_scaling_3d_mode (servers/rendering/renderer_viewport.cpp:979)
ERROR: FSR1 is only available when using the Forward+ renderer.
   at: viewport_set_scaling_3d_mode (servers/rendering/renderer_viewport.cpp:979)
ERROR: FSR1 is only available when using the Forward+ renderer.
   at: viewport_set_scaling_3d_mode (servers/rendering/renderer_viewport.cpp:979)
ERROR: FSR1 is only available when using the Forward+ renderer.
   at: viewport_set_scaling_3d_mode (servers/rendering/renderer_viewport.cpp:979)
ERROR: FSR1 is only available when using the Forward+ renderer.
   at: viewport_set_scaling_3d_mode (servers/rendering/renderer_viewport.cpp:979)
ERROR: FSR1 is only available when using the Forward+ renderer.
   at: viewport_set_scaling_3d_mode (servers/rendering/renderer_viewport.cpp:979)
ERROR: FSR1 is only available when using the Forward+ renderer.
   at: viewport_set_scaling_3d_mode (servers/rendering/renderer_viewport.cpp:979)
ERROR: FSR1 is only available when using the Forward+ renderer.
   at: viewport_set_scaling_3d_mode (servers/rendering/renderer_viewport.cpp:979)
ERROR: FSR1 is only available when using the Forward+ renderer.
   at: viewport_set_scaling_3d_mode (servers/rendering/renderer_viewport.cpp:979)
ERROR: FSR1 is only available when using the Forward+ renderer.
   at: viewport_set_scaling_3d_mode (servers/rendering/renderer_viewport.cpp:979)
ERROR: FSR1 is only available when using the Forward+ renderer.
   at: viewport_set_scaling_3d_mode (servers/rendering/renderer_viewport.cpp:979)
ERROR: FSR1 is only available when using the Forward+ renderer.
   at: viewport_set_scaling_3d_mode (servers/rendering/renderer_viewport.cpp:979)
ERROR: FSR1 is only available when using the Forward+ renderer.
   at: viewport_set_scaling_3d_mode (servers/rendering/renderer_viewport.cpp:979)
ERROR: FSR1 is only available when using the Forward+ renderer.
   at: viewport_set_scaling_3d_mode (servers/rendering/renderer_viewport.cpp:979)
ERROR: FSR1 is only available when using the Forward+ renderer.
   at: viewport_set_scaling_3d_mode (servers/rendering/renderer_viewport.cpp:979)
ERROR: FSR1 is only available when using the Forward+ renderer.
   at: viewport_set_scaling_3d_mode (servers/rendering/renderer_viewport.cpp:979)
ERROR: FSR1 is only available when using the Forward+ renderer.
   at: viewport_set_scaling_3d_mode (servers/rendering/renderer_viewport.cpp:979)
ERROR: FSR1 is only available when using the Forward+ renderer.
   at: viewport_set_scaling_3d_mode (servers/rendering/renderer_viewport.cpp:979)
ERROR: FSR1 is only available when using the Forward+ renderer.
   at: viewport_set_scaling_3d_mode (servers/rendering/renderer_viewport.cpp:979)
ERROR: FSR1 is only available when using the Forward+ renderer.
   at: viewport_set_scaling_3d_mode (servers/rendering/renderer_viewport.cpp:979)
ERROR: FSR1 is only available when using the Forward+ renderer.
   at: viewport_set_scaling_3d_mode (servers/rendering/renderer_viewport.cpp:979)
ERROR: FSR1 is only available when using the Forward+ renderer.
   at: viewport_set_scaling_3d_mode (servers/rendering/renderer_viewport.cpp:979)
ERROR: FSR1 is only available when using the Forward+ renderer.
   at: viewport_set_scaling_3d_mode (servers/rendering/renderer_viewport.cpp:979)
ERROR: FSR1 is only available when using the Forward+ renderer.
   at: viewport_set_scaling_3d_mode (servers/rendering/renderer_viewport.cpp:979)
ERROR: FSR1 is only available when using the Forward+ renderer.
   at: viewport_set_scaling_3d_mode (servers/rendering/renderer_viewport.cpp:979)
ERROR: FSR1 is only available when using the Forward+ renderer.
   at: viewport_set_scaling_3d_mode (servers/rendering/renderer_viewport.cpp:979)
ERROR: FSR1 is only available when using the Forward+ renderer.
   at: viewport_set_scaling_3d_mode (servers/rendering/renderer_viewport.cpp:979)
ERROR: FSR1 is only available when using the Forward+ renderer.
   at: viewport_set_scaling_3d_mode (servers/rendering/renderer_viewport.cpp:979)
ERROR: FSR1 is only available when using the Forward+ renderer.
   at: viewport_set_scaling_3d_mode (servers/rendering/renderer_viewport.cpp:979)
ERROR: FSR1 is only available when using the Forward+ renderer.
   at: viewport_set_scaling_3d_mode (servers/rendering/renderer_viewport.cpp:979)
ERROR: FSR1 is only available when using the Forward+ renderer.
   at: viewport_set_scaling_3d_mode (servers/rendering/renderer_viewport.cpp:979)
ERROR: FSR1 is only available when using the Forward+ renderer.
   at: viewport_set_scaling_3d_mode (servers/rendering/renderer_viewport.cpp:979)
ERROR: FSR1 is only available when using the Forward+ renderer.
   at: viewport_set_scaling_3d_mode (servers/rendering/renderer_viewport.cpp:979)
ERROR: FSR1 is only available when using the Forward+ renderer.
   at: viewport_set_scaling_3d_mode (servers/rendering/renderer_viewport.cpp:979)
ERROR: FSR1 is only available when using the Forward+ renderer.
   at: viewport_set_scaling_3d_mode (servers/rendering/renderer_viewport.cpp:979)
ERROR: FSR1 is only available when using the Forward+ renderer.
   at: viewport_set_scaling_3d_mode (servers/rendering/renderer_viewport.cpp:979)
ERROR: FSR1 is only available when using the Forward+ renderer.
   at: viewport_set_scaling_3d_mode (servers/rendering/renderer_viewport.cpp:979)
ERROR: FSR1 is only available when using the Forward+ renderer.
   at: viewport_set_scaling_3d_mode (servers/rendering/renderer_viewport.cpp:979)
ERROR: FSR1 is only available when using the Forward+ renderer.
   at: viewport_set_scaling_3d_mode (servers/rendering/renderer_viewport.cpp:979)
ERROR: FSR1 is only available when using the Forward+ renderer.
   at: viewport_set_scaling_3d_mode (servers/rendering/renderer_viewport.cpp:979)
ERROR: FSR1 is only available when using the Forward+ renderer.
   at: viewport_set_scaling_3d_mode (servers/rendering/renderer_viewport.cpp:979)
ERROR: FSR1 is only available when using the Forward+ renderer.
   at: viewport_set_scaling_3d_mode (servers/rendering/renderer_viewport.cpp:979)
ERROR: FSR1 is only available when using the Forward+ renderer.
   at: viewport_set_scaling_3d_mode (servers/rendering/renderer_viewport.cpp:979)
ERROR: FSR1 is only available when using the Forward+ renderer.
   at: viewport_set_scaling_3d_mode (servers/rendering/renderer_viewport.cpp:979)
ERROR: FSR1 is only available when using the Forward+ renderer.
   at: viewport_set_scaling_3d_mode (servers/rendering/renderer_viewport.cpp:979)
ERROR: FSR1 is only available when using the Forward+ renderer.
   at: viewport_set_scaling_3d_mode (servers/rendering/renderer_viewport.cpp:979)
ERROR: FSR1 is only available when using the Forward+ renderer.
   at: viewport_set_scaling_3d_mode (servers/rendering/renderer_viewport.cpp:979)
ERROR: FSR1 is only available when using the Forward+ renderer.
   at: viewport_set_scaling_3d_mode (servers/rendering/renderer_viewport.cpp:979)
ERROR: FSR1 is only available when using the Forward+ renderer.
   at: viewport_set_scaling_3d_mode (servers/rendering/renderer_viewport.cpp:979)
ERROR: FSR1 is only available when using the Forward+ renderer.
   at: viewport_set_scaling_3d_mode (servers/rendering/renderer_viewport.cpp:979)
ERROR: FSR1 is only available when using the Forward+ renderer.
   at: viewport_set_scaling_3d_mode (servers/rendering/renderer_viewport.cpp:979)
ERROR: FSR1 is only available when using the Forward+ renderer.
   at: viewport_set_scaling_3d_mode (servers/rendering/renderer_viewport.cpp:979)
ERROR: FSR1 is only available when using the Forward+ renderer.
   at: viewport_set_scaling_3d_mode (servers/rendering/renderer_viewport.cpp:979)
ERROR: FSR1 is only available when using the Forward+ renderer.
   at: viewport_set_scaling_3d_mode (servers/rendering/renderer_viewport.cpp:979)
ERROR: FSR1 is only available when using the Forward+ renderer.
   at: viewport_set_scaling_3d_mode (servers/rendering/renderer_viewport.cpp:979)
ERROR: FSR1 is only available when using the Forward+ renderer.
   at: viewport_set_scaling_3d_mode (servers/rendering/renderer_viewport.cpp:979)
ERROR: FSR1 is only available when using the Forward+ renderer.
   at: viewport_set_scaling_3d_mode (servers/rendering/renderer_viewport.cpp:979)
ERROR: FSR1 is only available when using the Forward+ renderer.
   at: viewport_set_scaling_3d_mode (servers/rendering/renderer_viewport.cpp:979)
ERROR: FSR1 is only available when using the Forward+ renderer.
   at: viewport_set_scaling_3d_mode (servers/rendering/renderer_viewport.cpp:979)
ERROR: FSR1 is only available when using the Forward+ renderer.
   at: viewport_set_scaling_3d_mode (servers/rendering/renderer_viewport.cpp:979)
ERROR: FSR1 is only available when using the Forward+ renderer.
   at: viewport_set_scaling_3d_mode (servers/rendering/renderer_viewport.cpp:979)
ERROR: FSR1 is only available when using the Forward+ renderer.
   at: viewport_set_scaling_3d_mode (servers/rendering/renderer_viewport.cpp:979)
ERROR: FSR1 is only available when using the Forward+ renderer.
   at: viewport_set_scaling_3d_mode (servers/rendering/renderer_viewport.cpp:979)
ERROR: FSR1 is only available when using the Forward+ renderer.
   at: viewport_set_scaling_3d_mode (servers/rendering/renderer_viewport.cpp:979)
ERROR: FSR1 is only available when using the Forward+ renderer.
   at: viewport_set_scaling_3d_mode (servers/rendering/renderer_viewport.cpp:979)
ERROR: FSR1 is only available when using the Forward+ renderer.
   at: viewport_set_scaling_3d_mode (servers/rendering/renderer_viewport.cpp:979)
ERROR: FSR1 is only available when using the Forward+ renderer.
   at: viewport_set_scaling_3d_mode (servers/rendering/renderer_viewport.cpp:979)
ERROR: FSR1 is only available when using the Forward+ renderer.
   at: viewport_set_scaling_3d_mode (servers/rendering/renderer_viewport.cpp:979)
ERROR: FSR1 is only available when using the Forward+ renderer.
   at: viewport_set_scaling_3d_mode (servers/rendering/renderer_viewport.cpp:979)
ERROR: FSR1 is only available when using the Forward+ renderer.
   at: viewport_set_scaling_3d_mode (servers/rendering/renderer_viewport.cpp:979)
ERROR: FSR1 is only available when using the Forward+ renderer.
   at: viewport_set_scaling_3d_mode (servers/rendering/renderer_viewport.cpp:979)
ERROR: FSR1 is only available when using the Forward+ renderer.
   at: viewport_set_scaling_3d_mode (servers/rendering/renderer_viewport.cpp:979)
ERROR: FSR1 is only available when using the Forward+ renderer.
   at: viewport_set_scaling_3d_mode (servers/rendering/renderer_viewport.cpp:979)
ERROR: FSR1 is only available when using the Forward+ renderer.
   at: viewport_set_scaling_3d_mode (servers/rendering/renderer_viewport.cpp:979)
ERROR: FSR1 is only available when using the Forward+ renderer.
   at: viewport_set_scaling_3d_mode (servers/rendering/renderer_viewport.cpp:979)
ERROR: FSR1 is only available when using the Forward+ renderer.
   at: viewport_set_scaling_3d_mode (servers/rendering/renderer_viewport.cpp:979)
ERROR: FSR1 is only available when using the Forward+ renderer.
   at: viewport_set_scaling_3d_mode (servers/rendering/renderer_viewport.cpp:979)
ERROR: FSR1 is only available when using the Forward+ renderer.
   at: viewport_set_scaling_3d_mode (servers/rendering/renderer_viewport.cpp:979)
ERROR: FSR1 is only available when using the Forward+ renderer.
   at: viewport_set_scaling_3d_mode (servers/rendering/renderer_viewport.cpp:979)
ERROR: FSR1 is only available when using the Forward+ renderer.
   at: viewport_set_scaling_3d_mode (servers/rendering/renderer_viewport.cpp:979)
ERROR: FSR1 is only available when using the Forward+ renderer.
   at: viewport_set_scaling_3d_mode (servers/rendering/renderer_viewport.cpp:979)
ERROR: FSR1 is only available when using the Forward+ renderer.
   at: viewport_set_scaling_3d_mode (servers/rendering/renderer_viewport.cpp:979)
ERROR: FSR1 is only available when using the Forward+ renderer.
   at: viewport_set_scaling_3d_mode (servers/rendering/renderer_viewport.cpp:979)
ERROR: FSR1 is only available when using the Forward+ renderer.
   at: viewport_set_scaling_3d_mode (servers/rendering/renderer_viewport.cpp:979)
ERROR: FSR1 is only available when using the Forward+ renderer.
   at: viewport_set_scaling_3d_mode (servers/rendering/renderer_viewport.cpp:979)
ERROR: FSR1 is only available when using the Forward+ renderer.
   at: viewport_set_scaling_3d_mode (servers/rendering/renderer_viewport.cpp:979)
ERROR: FSR1 is only available when using the Forward+ renderer.
   at: viewport_set_scaling_3d_mode (servers/rendering/renderer_viewport.cpp:979)
ERROR: FSR1 is only available when using the Forward+ renderer.
   at: viewport_set_scaling_3d_mode (servers/rendering/renderer_viewport.cpp:979)
ERROR: FSR1 is only available when using the Forward+ renderer.
   at: viewport_set_scaling_3d_mode (servers/rendering/renderer_viewport.cpp:979)
ERROR: FSR1 is only available when using the Forward+ renderer.
   at: viewport_set_scaling_3d_mode (servers/rendering/renderer_viewport.cpp:979)
ERROR: FSR1 is only available when using the Forward+ renderer.
   at: viewport_set_scaling_3d_mode (servers/rendering/renderer_viewport.cpp:979)
ERROR: FSR1 is only available when using the Forward+ renderer.
   at: viewport_set_scaling_3d_mode (servers/rendering/renderer_viewport.cpp:979)
ERROR: FSR1 is only available when using the Forward+ renderer.
   at: viewport_set_scaling_3d_mode (servers/rendering/renderer_viewport.cpp:979)
ERROR: FSR1 is only available when using the Forward+ renderer.
   at: viewport_set_scaling_3d_mode (servers/rendering/renderer_viewport.cpp:979)
ERROR: FSR1 is only available when using the Forward+ renderer.
   at: viewport_set_scaling_3d_mode (servers/rendering/renderer_viewport.cpp:979)
ERROR: FSR1 is only available when using the Forward+ renderer.
   at: viewport_set_scaling_3d_mode (servers/rendering/renderer_viewport.cpp:979)
ERROR: FSR1 is only available when using the Forward+ renderer.
   at: viewport_set_scaling_3d_mode (servers/rendering/renderer_viewport.cpp:979)
ERROR: FSR1 is only available when using the Forward+ renderer.
   at: viewport_set_scaling_3d_mode (servers/rendering/renderer_viewport.cpp:979)
ERROR: FSR1 is only available when using the Forward+ renderer.
   at: viewport_set_scaling_3d_mode (servers/rendering/renderer_viewport.cpp:979)
ERROR: FSR1 is only available when using the Forward+ renderer.
   at: viewport_set_scaling_3d_mode (servers/rendering/renderer_viewport.cpp:979)
ERROR: FSR1 is only available when using the Forward+ renderer.
   at: viewport_set_scaling_3d_mode (servers/rendering/renderer_viewport.cpp:979)
ERROR: FSR1 is only available when using the Forward+ renderer.
   at: viewport_set_scaling_3d_mode (servers/rendering/renderer_viewport.cpp:979)
ERROR: FSR1 is only available when using the Forward+ renderer.
   at: viewport_set_scaling_3d_mode (servers/rendering/renderer_viewport.cpp:979)
ERROR: FSR1 is only available when using the Forward+ renderer.
   at: viewport_set_scaling_3d_mode (servers/rendering/renderer_viewport.cpp:979)
ERROR: FSR1 is only available when using the Forward+ renderer.
   at: viewport_set_scaling_3d_mode (servers/rendering/renderer_viewport.cpp:979)
ERROR: FSR1 is only available when using the Forward+ renderer.
   at: viewport_set_scaling_3d_mode (servers/rendering/renderer_viewport.cpp:979)
ERROR: FSR1 is only available when using the Forward+ renderer.
   at: viewport_set_scaling_3d_mode (servers/rendering/renderer_viewport.cpp:979)
ERROR: FSR1 is only available when using the Forward+ renderer.
   at: viewport_set_scaling_3d_mode (servers/rendering/renderer_viewport.cpp:979)
ERROR: FSR1 is only available when using the Forward+ renderer.
   at: viewport_set_scaling_3d_mode (servers/rendering/renderer_viewport.cpp:979)
ERROR: FSR1 is only available when using the Forward+ renderer.
   at: viewport_set_scaling_3d_mode (servers/rendering/renderer_viewport.cpp:979)
ERROR: FSR1 is only available when using the Forward+ renderer.
   at: viewport_set_scaling_3d_mode (servers/rendering/renderer_viewport.cpp:979)
ERROR: FSR1 is only available when using the Forward+ renderer.
   at: viewport_set_scaling_3d_mode (servers/rendering/renderer_viewport.cpp:979)
ERROR: FSR1 is only available when using the Forward+ renderer.
   at: viewport_set_scaling_3d_mode (servers/rendering/renderer_viewport.cpp:979)
ERROR: FSR1 is only available when using the Forward+ renderer.
   at: viewport_set_scaling_3d_mode (servers/rendering/renderer_viewport.cpp:979)
ERROR: FSR1 is only available when using the Forward+ renderer.
   at: viewport_set_scaling_3d_mode (servers/rendering/renderer_viewport.cpp:979)
ERROR: FSR1 is only available when using the Forward+ renderer.
   at: viewport_set_scaling_3d_mode (servers/rendering/renderer_viewport.cpp:979)
ERROR: FSR1 is only available when using the Forward+ renderer.
   at: viewport_set_scaling_3d_mode (servers/rendering/renderer_viewport.cpp:979)
ERROR: FSR1 is only available when using the Forward+ renderer.
   at: viewport_set_scaling_3d_mode (servers/rendering/renderer_viewport.cpp:979)
ERROR: FSR1 is only available when using the Forward+ renderer.
   at: viewport_set_scaling_3d_mode (servers/rendering/renderer_viewport.cpp:979)
ERROR: FSR1 is only available when using the Forward+ renderer.
   at: viewport_set_scaling_3d_mode (servers/rendering/renderer_viewport.cpp:979)
ERROR: FSR1 is only available when using the Forward+ renderer.
   at: viewport_set_scaling_3d_mode (servers/rendering/renderer_viewport.cpp:979)
ERROR: FSR1 is only available when using the Forward+ renderer.
   at: viewport_set_scaling_3d_mode (servers/rendering/renderer_viewport.cpp:979)
ERROR: FSR1 is only available when using the Forward+ renderer.
   at: viewport_set_scaling_3d_mode (servers/rendering/renderer_viewport.cpp:979)
ERROR: FSR1 is only available when using the Forward+ renderer.
   at: viewport_set_scaling_3d_mode (servers/rendering/renderer_viewport.cpp:979)
ERROR: FSR1 is only available when using the Forward+ renderer.
   at: viewport_set_scaling_3d_mode (servers/rendering/renderer_viewport.cpp:979)
ERROR: FSR1 is only available when using the Forward+ renderer.
   at: viewport_set_scaling_3d_mode (servers/rendering/renderer_viewport.cpp:979)
ERROR: FSR1 is only available when using the Forward+ renderer.
   at: viewport_set_scaling_3d_mode (servers/rendering/renderer_viewport.cpp:979)
ERROR: FSR1 is only available when using the Forward+ renderer.
   at: viewport_set_scaling_3d_mode (servers/rendering/renderer_viewport.cpp:979)
ERROR: FSR1 is only available when using the Forward+ renderer.
   at: viewport_set_scaling_3d_mode (servers/rendering/renderer_viewport.cpp:979)
ERROR: FSR1 is only available when using the Forward+ renderer.
   at: viewport_set_scaling_3d_mode (servers/rendering/renderer_viewport.cpp:979)
ERROR: FSR1 is only available when using the Forward+ renderer.
   at: viewport_set_scaling_3d_mode (servers/rendering/renderer_viewport.cpp:979)
ERROR: FSR1 is only available when using the Forward+ renderer.
   at: viewport_set_scaling_3d_mode (servers/rendering/renderer_viewport.cpp:979)
ERROR: FSR1 is only available when using the Forward+ renderer.
   at: viewport_set_scaling_3d_mode (servers/rendering/renderer_viewport.cpp:979)
ERROR: FSR1 is only available when using the Forward+ renderer.
   at: viewport_set_scaling_3d_mode (servers/rendering/renderer_viewport.cpp:979)
ERROR: FSR1 is only available when using the Forward+ renderer.
   at: viewport_set_scaling_3d_mode (servers/rendering/renderer_viewport.cpp:979)
ERROR: FSR1 is only available when using the Forward+ renderer.
   at: viewport_set_scaling_3d_mode (servers/rendering/renderer_viewport.cpp:979)
ERROR: FSR1 is only available when using the Forward+ renderer.
   at: viewport_set_scaling_3d_mode (servers/rendering/renderer_viewport.cpp:979)
ERROR: FSR1 is only available when using the Forward+ renderer.
   at: viewport_set_scaling_3d_mode (servers/rendering/renderer_viewport.cpp:979)
ERROR: FSR1 is only available when using the Forward+ renderer.
   at: viewport_set_scaling_3d_mode (servers/rendering/renderer_viewport.cpp:979)
ERROR: FSR1 is only available when using the Forward+ renderer.
   at: viewport_set_scaling_3d_mode (servers/rendering/renderer_viewport.cpp:979)
ERROR: FSR1 is only available when using the Forward+ renderer.
   at: viewport_set_scaling_3d_mode (servers/rendering/renderer_viewport.cpp:979)
ERROR: FSR1 is only available when using the Forward+ renderer.
   at: viewport_set_scaling_3d_mode (servers/rendering/renderer_viewport.cpp:979)
ERROR: FSR1 is only available when using the Forward+ renderer.
   at: viewport_set_scaling_3d_mode (servers/rendering/renderer_viewport.cpp:979)
ERROR: FSR1 is only available when using the Forward+ renderer.
   at: viewport_set_scaling_3d_mode (servers/rendering/renderer_viewport.cpp:979)
ERROR: FSR1 is only available when using the Forward+ renderer.
   at: viewport_set_scaling_3d_mode (servers/rendering/renderer_viewport.cpp:979)
ERROR: FSR1 is only available when using the Forward+ renderer.
   at: viewport_set_scaling_3d_mode (servers/rendering/renderer_viewport.cpp:979)
ERROR: FSR1 is only available when using the Forward+ renderer.
   at: viewport_set_scaling_3d_mode (servers/rendering/renderer_viewport.cpp:979)
ERROR: FSR1 is only available when using the Forward+ renderer.
   at: viewport_set_scaling_3d_mode (servers/rendering/renderer_viewport.cpp:979)
ERROR: FSR1 is only available when using the Forward+ renderer.
   at: viewport_set_scaling_3d_mode (servers/rendering/renderer_viewport.cpp:979)
ERROR: FSR1 is only available when using the Forward+ renderer.
   at: viewport_set_scaling_3d_mode (servers/rendering/renderer_viewport.cpp:979)
ERROR: FSR1 is only available when using the Forward+ renderer.
   at: viewport_set_scaling_3d_mode (servers/rendering/renderer_viewport.cpp:979)
ERROR: FSR1 is only available when using the Forward+ renderer.
   at: viewport_set_scaling_3d_mode (servers/rendering/renderer_viewport.cpp:979)
ERROR: FSR1 is only available when using the Forward+ renderer.
   at: viewport_set_scaling_3d_mode (servers/rendering/renderer_viewport.cpp:979)
ERROR: FSR1 is only available when using the Forward+ renderer.
   at: viewport_set_scaling_3d_mode (servers/rendering/renderer_viewport.cpp:979)
ERROR: FSR1 is only available when using the Forward+ renderer.
   at: viewport_set_scaling_3d_mode (servers/rendering/renderer_viewport.cpp:979)
ERROR: FSR1 is only available when using the Forward+ renderer.
   at: viewport_set_scaling_3d_mode (servers/rendering/renderer_viewport.cpp:979)
ERROR: FSR1 is only available when using the Forward+ renderer.
   at: viewport_set_scaling_3d_mode (servers/rendering/renderer_viewport.cpp:979)
ERROR: FSR1 is only available when using the Forward+ renderer.
   at: viewport_set_scaling_3d_mode (servers/rendering/renderer_viewport.cpp:979)
ERROR: FSR1 is only available when using the Forward+ renderer.
   at: viewport_set_scaling_3d_mode (servers/rendering/renderer_viewport.cpp:979)
ERROR: FSR1 is only available when using the Forward+ renderer.
   at: viewport_set_scaling_3d_mode (servers/rendering/renderer_viewport.cpp:979)
ERROR: FSR1 is only available when using the Forward+ renderer.
   at: viewport_set_scaling_3d_mode (servers/rendering/renderer_viewport.cpp:979)
ERROR: FSR1 is only available when using the Forward+ renderer.
   at: viewport_set_scaling_3d_mode (servers/rendering/renderer_viewport.cpp:979)
ERROR: FSR1 is only available when using the Forward+ renderer.
   at: viewport_set_scaling_3d_mode (servers/rendering/renderer_viewport.cpp:979)
ERROR: FSR1 is only available when using the Forward+ renderer.
   at: viewport_set_scaling_3d_mode (servers/rendering/renderer_viewport.cpp:979)
ERROR: FSR1 is only available when using the Forward+ renderer.
   at: viewport_set_scaling_3d_mode (servers/rendering/renderer_viewport.cpp:979)
ERROR: FSR1 is only available when using the Forward+ renderer.
   at: viewport_set_scaling_3d_mode (servers/rendering/renderer_viewport.cpp:979)
ERROR: FSR1 is only available when using the Forward+ renderer.
   at: viewport_set_scaling_3d_mode (servers/rendering/renderer_viewport.cpp:979)
ERROR: FSR1 is only available when using the Forward+ renderer.
   at: viewport_set_scaling_3d_mode (servers/rendering/renderer_viewport.cpp:979)
ERROR: FSR1 is only available when using the Forward+ renderer.
   at: viewport_set_scaling_3d_mode (servers/rendering/renderer_viewport.cpp:979)
ERROR: FSR1 is only available when using the Forward+ renderer.
   at: viewport_set_scaling_3d_mode (servers/rendering/renderer_viewport.cpp:979)
ERROR: FSR1 is only available when using the Forward+ renderer.
   at: viewport_set_scaling_3d_mode (servers/rendering/renderer_viewport.cpp:979)
ERROR: FSR1 is only available when using the Forward+ renderer.
   at: viewport_set_scaling_3d_mode (servers/rendering/renderer_viewport.cpp:979)
ERROR: FSR1 is only available when using the Forward+ renderer.
   at: viewport_set_scaling_3d_mode (servers/rendering/renderer_viewport.cpp:979)
ERROR: FSR1 is only available when using the Forward+ renderer.
   at: viewport_set_scaling_3d_mode (servers/rendering/renderer_viewport.cpp:979)
ERROR: FSR1 is only available when using the Forward+ renderer.
   at: viewport_set_scaling_3d_mode (servers/rendering/renderer_viewport.cpp:979)
ERROR: FSR1 is only available when using the Forward+ renderer.
   at: viewport_set_scaling_3d_mode (servers/rendering/renderer_viewport.cpp:979)
ERROR: FSR1 is only available when using the Forward+ renderer.
   at: viewport_set_scaling_3d_mode (servers/rendering/renderer_viewport.cpp:979)
ERROR: FSR1 is only available when using the Forward+ renderer.
   at: viewport_set_scaling_3d_mode (servers/rendering/renderer_viewport.cpp:979)
ERROR: FSR1 is only available when using the Forward+ renderer.
   at: viewport_set_scaling_3d_mode (servers/rendering/renderer_viewport.cpp:979)
ERROR: FSR1 is only available when using the Forward+ renderer.
   at: viewport_set_scaling_3d_mode (servers/rendering/renderer_viewport.cpp:979)
ERROR: FSR1 is only available when using the Forward+ renderer.
   at: viewport_set_scaling_3d_mode (servers/rendering/renderer_viewport.cpp:979)
ERROR: FSR1 is only available when using the Forward+ renderer.
   at: viewport_set_scaling_3d_mode (servers/rendering/renderer_viewport.cpp:979)
ERROR: FSR1 is only available when using the Forward+ renderer.
   at: viewport_set_scaling_3d_mode (servers/rendering/renderer_viewport.cpp:979)
ERROR: FSR1 is only available when using the Forward+ renderer.
   at: viewport_set_scaling_3d_mode (servers/rendering/renderer_viewport.cpp:979)
ERROR: FSR1 is only available when using the Forward+ renderer.
   at: viewport_set_scaling_3d_mode (servers/rendering/renderer_viewport.cpp:979)
ERROR: FSR1 is only available when using the Forward+ renderer.
   at: viewport_set_scaling_3d_mode (servers/rendering/renderer_viewport.cpp:979)
ERROR: FSR1 is only available when using the Forward+ renderer.
   at: viewport_set_scaling_3d_mode (servers/rendering/renderer_viewport.cpp:979)
ERROR: FSR1 is only available when using the Forward+ renderer.
   at: viewport_set_scaling_3d_mode (servers/rendering/renderer_viewport.cpp:979)
ERROR: FSR1 is only available when using the Forward+ renderer.
   at: viewport_set_scaling_3d_mode (servers/rendering/renderer_viewport.cpp:979)
ERROR: FSR1 is only available when using the Forward+ renderer.
   at: viewport_set_scaling_3d_mode (servers/rendering/renderer_viewport.cpp:979)
ERROR: FSR1 is only available when using the Forward+ renderer.
   at: viewport_set_scaling_3d_mode (servers/rendering/renderer_viewport.cpp:979)
ERROR: FSR1 is only available when using the Forward+ renderer.
   at: viewport_set_scaling_3d_mode (servers/rendering/renderer_viewport.cpp:979)
ERROR: FSR1 is only available when using the Forward+ renderer.
   at: viewport_set_scaling_3d_mode (servers/rendering/renderer_viewport.cpp:979)
ERROR: FSR1 is only available when using the Forward+ renderer.
   at: viewport_set_scaling_3d_mode (servers/rendering/renderer_viewport.cpp:979)
ERROR: FSR1 is only available when using the Forward+ renderer.
   at: viewport_set_scaling_3d_mode (servers/rendering/renderer_viewport.cpp:979)
ERROR: FSR1 is only available when using the Forward+ renderer.
   at: viewport_set_scaling_3d_mode (servers/rendering/renderer_viewport.cpp:979)
ERROR: FSR1 is only available when using the Forward+ renderer.
   at: viewport_set_scaling_3d_mode (servers/rendering/renderer_viewport.cpp:979)
ERROR: FSR1 is only available when using the Forward+ renderer.
   at: viewport_set_scaling_3d_mode (servers/rendering/renderer_viewport.cpp:979)
ERROR: FSR1 is only available when using the Forward+ renderer.
   at: viewport_set_scaling_3d_mode (servers/rendering/renderer_viewport.cpp:979)
ERROR: FSR1 is only available when using the Forward+ renderer.
   at: viewport_set_scaling_3d_mode (servers/rendering/renderer_viewport.cpp:979)
ERROR: FSR1 is only available when using the Forward+ renderer.
   at: viewport_set_scaling_3d_mode (servers/rendering/renderer_viewport.cpp:979)
ERROR: FSR1 is only available when using the Forward+ renderer.
   at: viewport_set_scaling_3d_mode (servers/rendering/renderer_viewport.cpp:979)
ERROR: FSR1 is only available when using the Forward+ renderer.
   at: viewport_set_scaling_3d_mode (servers/rendering/renderer_viewport.cpp:979)
ERROR: FSR1 is only available when using the Forward+ renderer.
   at: viewport_set_scaling_3d_mode (servers/rendering/renderer_viewport.cpp:979)
ERROR: FSR1 is only available when using the Forward+ renderer.
   at: viewport_set_scaling_3d_mode (servers/rendering/renderer_viewport.cpp:979)
ERROR: FSR1 is only available when using the Forward+ renderer.
   at: viewport_set_scaling_3d_mode (servers/rendering/renderer_viewport.cpp:979)
ERROR: FSR1 is only available when using the Forward+ renderer.
   at: viewport_set_scaling_3d_mode (servers/rendering/renderer_viewport.cpp:979)
ERROR: FSR1 is only available when using the Forward+ renderer.
   at: viewport_set_scaling_3d_mode (servers/rendering/renderer_viewport.cpp:979)
ERROR: FSR1 is only available when using the Forward+ renderer.
   at: viewport_set_scaling_3d_mode (servers/rendering/renderer_viewport.cpp:979)
ERROR: FSR1 is only available when using the Forward+ renderer.
   at: viewport_set_scaling_3d_mode (servers/rendering/renderer_viewport.cpp:979)
ERROR: FSR1 is only available when using the Forward+ renderer.
   at: viewport_set_scaling_3d_mode (servers/rendering/renderer_viewport.cpp:979)
ERROR: FSR1 is only available when using the Forward+ renderer.
   at: viewport_set_scaling_3d_mode (servers/rendering/renderer_viewport.cpp:979)
ERROR: FSR1 is only available when using the Forward+ renderer.
   at: viewport_set_scaling_3d_mode (servers/rendering/renderer_viewport.cpp:979)
ERROR: FSR1 is only available when using the Forward+ renderer.
   at: viewport_set_scaling_3d_mode (servers/rendering/renderer_viewport.cpp:979)
ERROR: FSR1 is only available when using the Forward+ renderer.
   at: viewport_set_scaling_3d_mode (servers/rendering/renderer_viewport.cpp:979)
ERROR: FSR1 is only available when using the Forward+ renderer.
   at: viewport_set_scaling_3d_mode (servers/rendering/renderer_viewport.cpp:979)
ERROR: FSR1 is only available when using the Forward+ renderer.
   at: viewport_set_scaling_3d_mode (servers/rendering/renderer_viewport.cpp:979)
ERROR: FSR1 is only available when using the Forward+ renderer.
   at: viewport_set_scaling_3d_mode (servers/rendering/renderer_viewport.cpp:979)
ERROR: FSR1 is only available when using the Forward+ renderer.
   at: viewport_set_scaling_3d_mode (servers/rendering/renderer_viewport.cpp:979)
ERROR: FSR1 is only available when using the Forward+ renderer.
   at: viewport_set_scaling_3d_mode (servers/rendering/renderer_viewport.cpp:979)
ERROR: FSR1 is only available when using the Forward+ renderer.
   at: viewport_set_scaling_3d_mode (servers/rendering/renderer_viewport.cpp:979)
ERROR: FSR1 is only available when using the Forward+ renderer.
   at: viewport_set_scaling_3d_mode (servers/rendering/renderer_viewport.cpp:979)
ERROR: FSR1 is only available when using the Forward+ renderer.
   at: viewport_set_scaling_3d_mode (servers/rendering/renderer_viewport.cpp:979)
ERROR: FSR1 is only available when using the Forward+ renderer.
   at: viewport_set_scaling_3d_mode (servers/rendering/renderer_viewport.cpp:979)
ERROR: FSR1 is only available when using the Forward+ renderer.
   at: viewport_set_scaling_3d_mode (servers/rendering/renderer_viewport.cpp:979)
ERROR: FSR1 is only available when using the Forward+ renderer.
   at: viewport_set_scaling_3d_mode (servers/rendering/renderer_viewport.cpp:979)
ERROR: FSR1 is only available when using the Forward+ renderer.
   at: viewport_set_scaling_3d_mode (servers/rendering/renderer_viewport.cpp:979)
ERROR: FSR1 is only available when using the Forward+ renderer.
   at: viewport_set_scaling_3d_mode (servers/rendering/renderer_viewport.cpp:979)
ERROR: FSR1 is only available when using the Forward+ renderer.
   at: viewport_set_scaling_3d_mode (servers/rendering/renderer_viewport.cpp:979)
ERROR: FSR1 is only available when using the Forward+ renderer.
   at: viewport_set_scaling_3d_mode (servers/rendering/renderer_viewport.cpp:979)
ERROR: FSR1 is only available when using the Forward+ renderer.
   at: viewport_set_scaling_3d_mode (servers/rendering/renderer_viewport.cpp:979)
ERROR: FSR1 is only available when using the Forward+ renderer.
   at: viewport_set_scaling_3d_mode (servers/rendering/renderer_viewport.cpp:979)
ERROR: FSR1 is only available when using the Forward+ renderer.
   at: viewport_set_scaling_3d_mode (servers/rendering/renderer_viewport.cpp:979)
ERROR: FSR1 is only available when using the Forward+ renderer.
   at: viewport_set_scaling_3d_mode (servers/rendering/renderer_viewport.cpp:979)
ERROR: FSR1 is only available when using the Forward+ renderer.
   at: viewport_set_scaling_3d_mode (servers/rendering/renderer_viewport.cpp:979)
ERROR: FSR1 is only available when using the Forward+ renderer.
   at: viewport_set_scaling_3d_mode (servers/rendering/renderer_viewport.cpp:979)
ERROR: FSR1 is only available when using the Forward+ renderer.
   at: viewport_set_scaling_3d_mode (servers/rendering/renderer_viewport.cpp:979)
ERROR: FSR1 is only available when using the Forward+ renderer.
   at: viewport_set_scaling_3d_mode (servers/rendering/renderer_viewport.cpp:979)
ERROR: FSR1 is only available when using the Forward+ renderer.
   at: viewport_set_scaling_3d_mode (servers/rendering/renderer_viewport.cpp:979)
ERROR: FSR1 is only available when using the Forward+ renderer.
   at: viewport_set_scaling_3d_mode (servers/rendering/renderer_viewport.cpp:979)
ERROR: FSR1 is only available when using the Forward+ renderer.
   at: viewport_set_scaling_3d_mode (servers/rendering/renderer_viewport.cpp:979)
ERROR: FSR1 is only available when using the Forward+ renderer.
   at: viewport_set_scaling_3d_mode (servers/rendering/renderer_viewport.cpp:979)
ERROR: FSR1 is only available when using the Forward+ renderer.
   at: viewport_set_scaling_3d_mode (servers/rendering/renderer_viewport.cpp:979)
ERROR: FSR1 is only available when using the Forward+ renderer.
   at: viewport_set_scaling_3d_mode (servers/rendering/renderer_viewport.cpp:979)
ERROR: FSR1 is only available when using the Forward+ renderer.
   at: viewport_set_scaling_3d_mode (servers/rendering/renderer_viewport.cpp:979)
ERROR: FSR1 is only available when using the Forward+ renderer.
   at: viewport_set_scaling_3d_mode (servers/rendering/renderer_viewport.cpp:979)
ERROR: FSR1 is only available when using the Forward+ renderer.
   at: viewport_set_scaling_3d_mode (servers/rendering/renderer_viewport.cpp:979)
ERROR: FSR1 is only available when using the Forward+ renderer.
   at: viewport_set_scaling_3d_mode (servers/rendering/renderer_viewport.cpp:979)
ERROR: FSR1 is only available when using the Forward+ renderer.
   at: viewport_set_scaling_3d_mode (servers/rendering/renderer_viewport.cpp:979)
ERROR: FSR1 is only available when using the Forward+ renderer.
   at: viewport_set_scaling_3d_mode (servers/rendering/renderer_viewport.cpp:979)
ERROR: FSR1 is only available when using the Forward+ renderer.
   at: viewport_set_scaling_3d_mode (servers/rendering/renderer_viewport.cpp:979)
ERROR: FSR1 is only available when using the Forward+ renderer.
   at: viewport_set_scaling_3d_mode (servers/rendering/renderer_viewport.cpp:979)
ERROR: FSR1 is only available when using the Forward+ renderer.
   at: viewport_set_scaling_3d_mode (servers/rendering/renderer_viewport.cpp:979)
ERROR: FSR1 is only available when using the Forward+ renderer.
   at: viewport_set_scaling_3d_mode (servers/rendering/renderer_viewport.cpp:979)
ERROR: FSR1 is only available when using the Forward+ renderer.
   at: viewport_set_scaling_3d_mode (servers/rendering/renderer_viewport.cpp:979)
ERROR: FSR1 is only available when using the Forward+ renderer.
   at: viewport_set_scaling_3d_mode (servers/rendering/renderer_viewport.cpp:979)
ERROR: FSR1 is only available when using the Forward+ renderer.
   at: viewport_set_scaling_3d_mode (servers/rendering/renderer_viewport.cpp:979)
ERROR: FSR1 is only available when using the Forward+ renderer.
   at: viewport_set_scaling_3d_mode (servers/rendering/renderer_viewport.cpp:979)
ERROR: FSR1 is only available when using the Forward+ renderer.
   at: viewport_set_scaling_3d_mode (servers/rendering/renderer_viewport.cpp:979)
ERROR: FSR1 is only available when using the Forward+ renderer.
   at: viewport_set_scaling_3d_mode (servers/rendering/renderer_viewport.cpp:979)
ERROR: FSR1 is only available when using the Forward+ renderer.
   at: viewport_set_scaling_3d_mode (servers/rendering/renderer_viewport.cpp:979)
ERROR: FSR1 is only available when using the Forward+ renderer.
   at: viewport_set_scaling_3d_mode (servers/rendering/renderer_viewport.cpp:979)
ERROR: FSR1 is only available when using the Forward+ renderer.
   at: viewport_set_scaling_3d_mode (servers/rendering/renderer_viewport.cpp:979)
ERROR: FSR1 is only available when using the Forward+ renderer.
   at: viewport_set_scaling_3d_mode (servers/rendering/renderer_viewport.cpp:979)
ERROR: FSR1 is only available when using the Forward+ renderer.
   at: viewport_set_scaling_3d_mode (servers/rendering/renderer_viewport.cpp:979)
ERROR: FSR1 is only available when using the Forward+ renderer.
   at: viewport_set_scaling_3d_mode (servers/rendering/renderer_viewport.cpp:979)
ERROR: FSR1 is only available when using the Forward+ renderer.
   at: viewport_set_scaling_3d_mode (servers/rendering/renderer_viewport.cpp:979)
ERROR: FSR1 is only available when using the Forward+ renderer.
   at: viewport_set_scaling_3d_mode (servers/rendering/renderer_viewport.cpp:979)
ERROR: FSR1 is only available when using the Forward+ renderer.
   at: viewport_set_scaling_3d_mode (servers/rendering/renderer_viewport.cpp:979)
ERROR: FSR1 is only available when using the Forward+ renderer.
   at: viewport_set_scaling_3d_mode (servers/rendering/renderer_viewport.cpp:979)
ERROR: FSR1 is only available when using the Forward+ renderer.
   at: viewport_set_scaling_3d_mode (servers/rendering/renderer_viewport.cpp:979)
ERROR: FSR1 is only available when using the Forward+ renderer.
   at: viewport_set_scaling_3d_mode (servers/rendering/renderer_viewport.cpp:979)
ERROR: FSR1 is only available when using the Forward+ renderer.
   at: viewport_set_scaling_3d_mode (servers/rendering/renderer_viewport.cpp:979)
ERROR: FSR1 is only available when using the Forward+ renderer.
   at: viewport_set_scaling_3d_mode (servers/rendering/renderer_viewport.cpp:979)
ERROR: FSR1 is only available when using the Forward+ renderer.
   at: viewport_set_scaling_3d_mode (servers/rendering/renderer_viewport.cpp:979)
ERROR: FSR1 is only available when using the Forward+ renderer.
   at: viewport_set_scaling_3d_mode (servers/rendering/renderer_viewport.cpp:979)
ERROR: FSR1 is only available when using the Forward+ renderer.
   at: viewport_set_scaling_3d_mode (servers/rendering/renderer_viewport.cpp:979)
ERROR: FSR1 is only available when using the Forward+ renderer.
   at: viewport_set_scaling_3d_mode (servers/rendering/renderer_viewport.cpp:979)
ERROR: FSR1 is only available when using the Forward+ renderer.
   at: viewport_set_scaling_3d_mode (servers/rendering/renderer_viewport.cpp:979)
ERROR: FSR1 is only available when using the Forward+ renderer.
   at: viewport_set_scaling_3d_mode (servers/rendering/renderer_viewport.cpp:979)
ERROR: FSR1 is only available when using the Forward+ renderer.
   at: viewport_set_scaling_3d_mode (servers/rendering/renderer_viewport.cpp:979)
ERROR: FSR1 is only available when using the Forward+ renderer.
   at: viewport_set_scaling_3d_mode (servers/rendering/renderer_viewport.cpp:979)
ERROR: FSR1 is only available when using the Forward+ renderer.
   at: viewport_set_scaling_3d_mode (servers/rendering/renderer_viewport.cpp:979)
ERROR: FSR1 is only available when using the Forward+ renderer.
   at: viewport_set_scaling_3d_mode (servers/rendering/renderer_viewport.cpp:979)
ERROR: FSR1 is only available when using the Forward+ renderer.
   at: viewport_set_scaling_3d_mode (servers/rendering/renderer_viewport.cpp:979)
ERROR: FSR1 is only available when using the Forward+ renderer.
   at: viewport_set_scaling_3d_mode (servers/rendering/renderer_viewport.cpp:979)
ERROR: FSR1 is only available when using the Forward+ renderer.
   at: viewport_set_scaling_3d_mode (servers/rendering/renderer_viewport.cpp:979)
ERROR: FSR1 is only available when using the Forward+ renderer.
   at: viewport_set_scaling_3d_mode (servers/rendering/renderer_viewport.cpp:979)
ERROR: FSR1 is only available when using the Forward+ renderer.
   at: viewport_set_scaling_3d_mode (servers/rendering/renderer_viewport.cpp:979)
ERROR: FSR1 is only available when using the Forward+ renderer.
   at: viewport_set_scaling_3d_mode (servers/rendering/renderer_viewport.cpp:979)
ERROR: FSR1 is only available when using the Forward+ renderer.
   at: viewport_set_scaling_3d_mode (servers/rendering/renderer_viewport.cpp:979)
ERROR: FSR1 is only available when using the Forward+ renderer.
   at: viewport_set_scaling_3d_mode (servers/rendering/renderer_viewport.cpp:979)
ERROR: FSR1 is only available when using the Forward+ renderer.
   at: viewport_set_scaling_3d_mode (servers/rendering/renderer_viewport.cpp:979)
ERROR: FSR1 is only available when using the Forward+ renderer.
   at: viewport_set_scaling_3d_mode (servers/rendering/renderer_viewport.cpp:979)
ERROR: FSR1 is only available when using the Forward+ renderer.
   at: viewport_set_scaling_3d_mode (servers/rendering/renderer_viewport.cpp:979)
ERROR: FSR1 is only available when using the Forward+ renderer.
   at: viewport_set_scaling_3d_mode (servers/rendering/renderer_viewport.cpp:979)
ERROR: FSR1 is only available when using the Forward+ renderer.
   at: viewport_set_scaling_3d_mode (servers/rendering/renderer_viewport.cpp:979)
ERROR: FSR1 is only available when using the Forward+ renderer.
   at: viewport_set_scaling_3d_mode (servers/rendering/renderer_viewport.cpp:979)
ERROR: FSR1 is only available when using the Forward+ renderer.
   at: viewport_set_scaling_3d_mode (servers/rendering/renderer_viewport.cpp:979)
ERROR: FSR1 is only available when using the Forward+ renderer.
   at: viewport_set_scaling_3d_mode (servers/rendering/renderer_viewport.cpp:979)
ERROR: FSR1 is only available when using the Forward+ renderer.
   at: viewport_set_scaling_3d_mode (servers/rendering/renderer_viewport.cpp:979)
ERROR: FSR1 is only available when using the Forward+ renderer.
   at: viewport_set_scaling_3d_mode (servers/rendering/renderer_viewport.cpp:979)
ERROR: FSR1 is only available when using the Forward+ renderer.
   at: viewport_set_scaling_3d_mode (servers/rendering/renderer_viewport.cpp:979)
ERROR: FSR1 is only available when using the Forward+ renderer.
   at: viewport_set_scaling_3d_mode (servers/rendering/renderer_viewport.cpp:979)
ERROR: FSR1 is only available when using the Forward+ renderer.
   at: viewport_set_scaling_3d_mode (servers/rendering/renderer_viewport.cpp:979)
ERROR: FSR1 is only available when using the Forward+ renderer.
   at: viewport_set_scaling_3d_mode (servers/rendering/renderer_viewport.cpp:979)
ERROR: FSR1 is only available when using the Forward+ renderer.
   at: viewport_set_scaling_3d_mode (servers/rendering/renderer_viewport.cpp:979)
ERROR: FSR1 is only available when using the Forward+ renderer.
   at: viewport_set_scaling_3d_mode (servers/rendering/renderer_viewport.cpp:979)
ERROR: FSR1 is only available when using the Forward+ renderer.
   at: viewport_set_scaling_3d_mode (servers/rendering/renderer_viewport.cpp:979)
ERROR: FSR1 is only available when using the Forward+ renderer.
   at: viewport_set_scaling_3d_mode (servers/rendering/renderer_viewport.cpp:979)
ERROR: FSR1 is only available when using the Forward+ renderer.
   at: viewport_set_scaling_3d_mode (servers/rendering/renderer_viewport.cpp:979)
ERROR: FSR1 is only available when using the Forward+ renderer.
   at: viewport_set_scaling_3d_mode (servers/rendering/renderer_viewport.cpp:979)
ERROR: FSR1 is only available when using the Forward+ renderer.
   at: viewport_set_scaling_3d_mode (servers/rendering/renderer_viewport.cpp:979)
ERROR: FSR1 is only available when using the Forward+ renderer.
   at: viewport_set_scaling_3d_mode (servers/rendering/renderer_viewport.cpp:979)
ERROR: FSR1 is only available when using the Forward+ renderer.
   at: viewport_set_scaling_3d_mode (servers/rendering/renderer_viewport.cpp:979)
ERROR: FSR1 is only available when using the Forward+ renderer.
   at: viewport_set_scaling_3d_mode (servers/rendering/renderer_viewport.cpp:979)
ERROR: FSR1 is only available when using the Forward+ renderer.
   at: viewport_set_scaling_3d_mode (servers/rendering/renderer_viewport.cpp:979)
ERROR: FSR1 is only available when using the Forward+ renderer.
   at: viewport_set_scaling_3d_mode (servers/rendering/renderer_viewport.cpp:979)
ERROR: FSR1 is only available when using the Forward+ renderer.
   at: viewport_set_scaling_3d_mode (servers/rendering/renderer_viewport.cpp:979)
ERROR: FSR1 is only available when using the Forward+ renderer.
   at: viewport_set_scaling_3d_mode (servers/rendering/renderer_viewport.cpp:979)
ERROR: FSR1 is only available when using the Forward+ renderer.
   at: viewport_set_scaling_3d_mode (servers/rendering/renderer_viewport.cpp:979)
ERROR: FSR1 is only available when using the Forward+ renderer.
   at: viewport_set_scaling_3d_mode (servers/rendering/renderer_viewport.cpp:979)
ERROR: FSR1 is only available when using the Forward+ renderer.
   at: viewport_set_scaling_3d_mode (servers/rendering/renderer_viewport.cpp:979)
ERROR: FSR1 is only available when using the Forward+ renderer.
   at: viewport_set_scaling_3d_mode (servers/rendering/renderer_viewport.cpp:979)
ERROR: FSR1 is only available when using the Forward+ renderer.
   at: viewport_set_scaling_3d_mode (servers/rendering/renderer_viewport.cpp:979)
ERROR: FSR1 is only available when using the Forward+ renderer.
   at: viewport_set_scaling_3d_mode (servers/rendering/renderer_viewport.cpp:979)
ERROR: FSR1 is only available when using the Forward+ renderer.
   at: viewport_set_scaling_3d_mode (servers/rendering/renderer_viewport.cpp:979)
ERROR: FSR1 is only available when using the Forward+ renderer.
   at: viewport_set_scaling_3d_mode (servers/rendering/renderer_viewport.cpp:979)
ERROR: FSR1 is only available when using the Forward+ renderer.
   at: viewport_set_scaling_3d_mode (servers/rendering/renderer_viewport.cpp:979)
ERROR: FSR1 is only available when using the Forward+ renderer.
   at: viewport_set_scaling_3d_mode (servers/rendering/renderer_viewport.cpp:979)
ERROR: FSR1 is only available when using the Forward+ renderer.
   at: viewport_set_scaling_3d_mode (servers/rendering/renderer_viewport.cpp:979)
ERROR: FSR1 is only available when using the Forward+ renderer.
   at: viewport_set_scaling_3d_mode (servers/rendering/renderer_viewport.cpp:979)
ERROR: FSR1 is only available when using the Forward+ renderer.
   at: viewport_set_scaling_3d_mode (servers/rendering/renderer_viewport.cpp:979)
ERROR: FSR1 is only available when using the Forward+ renderer.
   at: viewport_set_scaling_3d_mode (servers/rendering/renderer_viewport.cpp:979)
ERROR: FSR1 is only available when using the Forward+ renderer.
   at: viewport_set_scaling_3d_mode (servers/rendering/renderer_viewport.cpp:979)
ERROR: FSR1 is only available when using the Forward+ renderer.
   at: viewport_set_scaling_3d_mode (servers/rendering/renderer_viewport.cpp:979)
ERROR: FSR1 is only available when using the Forward+ renderer.
   at: viewport_set_scaling_3d_mode (servers/rendering/renderer_viewport.cpp:979)
ERROR: FSR1 is only available when using the Forward+ renderer.
   at: viewport_set_scaling_3d_mode (servers/rendering/renderer_viewport.cpp:979)
ERROR: FSR1 is only available when using the Forward+ renderer.
   at: viewport_set_scaling_3d_mode (servers/rendering/renderer_viewport.cpp:979)
ERROR: FSR1 is only available when using the Forward+ renderer.
   at: viewport_set_scaling_3d_mode (servers/rendering/renderer_viewport.cpp:979)
ERROR: FSR1 is only available when using the Forward+ renderer.
   at: viewport_set_scaling_3d_mode (servers/rendering/renderer_viewport.cpp:979)
ERROR: FSR1 is only available when using the Forward+ renderer.
   at: viewport_set_scaling_3d_mode (servers/rendering/renderer_viewport.cpp:979)
ERROR: FSR1 is only available when using the Forward+ renderer.
   at: viewport_set_scaling_3d_mode (servers/rendering/renderer_viewport.cpp:979)
ERROR: FSR1 is only available when using the Forward+ renderer.
   at: viewport_set_scaling_3d_mode (servers/rendering/renderer_viewport.cpp:979)
ERROR: FSR1 is only available when using the Forward+ renderer.
   at: viewport_set_scaling_3d_mode (servers/rendering/renderer_viewport.cpp:979)
ERROR: FSR1 is only available when using the Forward+ renderer.
   at: viewport_set_scaling_3d_mode (servers/rendering/renderer_viewport.cpp:979)
ERROR: FSR1 is only available when using the Forward+ renderer.
   at: viewport_set_scaling_3d_mode (servers/rendering/renderer_viewport.cpp:979)
ERROR: FSR1 is only available when using the Forward+ renderer.
   at: viewport_set_scaling_3d_mode (servers/rendering/renderer_viewport.cpp:979)
ERROR: FSR1 is only available when using the Forward+ renderer.
   at: viewport_set_scaling_3d_mode (servers/rendering/renderer_viewport.cpp:979)
ERROR: FSR1 is only available when using the Forward+ renderer.
   at: viewport_set_scaling_3d_mode (servers/rendering/renderer_viewport.cpp:979)
ERROR: FSR1 is only available when using the Forward+ renderer.
   at: viewport_set_scaling_3d_mode (servers/rendering/renderer_viewport.cpp:979)
ERROR: FSR1 is only available when using the Forward+ renderer.
   at: viewport_set_scaling_3d_mode (servers/rendering/renderer_viewport.cpp:979)
ERROR: FSR1 is only available when using the Forward+ renderer.
   at: viewport_set_scaling_3d_mode (servers/rendering/renderer_viewport.cpp:979)
ERROR: FSR1 is only available when using the Forward+ renderer.
   at: viewport_set_scaling_3d_mode (servers/rendering/renderer_viewport.cpp:979)
ERROR: FSR1 is only available when using the Forward+ renderer.
   at: viewport_set_scaling_3d_mode (servers/rendering/renderer_viewport.cpp:979)
ERROR: FSR1 is only available when using the Forward+ renderer.
   at: viewport_set_scaling_3d_mode (servers/rendering/renderer_viewport.cpp:979)
ERROR: FSR1 is only available when using the Forward+ renderer.
   at: viewport_set_scaling_3d_mode (servers/rendering/renderer_viewport.cpp:979)
ERROR: FSR1 is only available when using the Forward+ renderer.
   at: viewport_set_scaling_3d_mode (servers/rendering/renderer_viewport.cpp:979)
ERROR: FSR1 is only available when using the Forward+ renderer.
   at: viewport_set_scaling_3d_mode (servers/rendering/renderer_viewport.cpp:979)
ERROR: FSR1 is only available when using the Forward+ renderer.
   at: viewport_set_scaling_3d_mode (servers/rendering/renderer_viewport.cpp:979)
ERROR: FSR1 is only available when using the Forward+ renderer.
   at: viewport_set_scaling_3d_mode (servers/rendering/renderer_viewport.cpp:979)
ERROR: FSR1 is only available when using the Forward+ renderer.
   at: viewport_set_scaling_3d_mode (servers/rendering/renderer_viewport.cpp:979)
ERROR: FSR1 is only available when using the Forward+ renderer.
   at: viewport_set_scaling_3d_mode (servers/rendering/renderer_viewport.cpp:979)
ERROR: FSR1 is only available when using the Forward+ renderer.
   at: viewport_set_scaling_3d_mode (servers/rendering/renderer_viewport.cpp:979)
ERROR: FSR1 is only available when using the Forward+ renderer.
   at: viewport_set_scaling_3d_mode (servers/rendering/renderer_viewport.cpp:979)
ERROR: FSR1 is only available when using the Forward+ renderer.
   at: viewport_set_scaling_3d_mode (servers/rendering/renderer_viewport.cpp:979)
ERROR: FSR1 is only available when using the Forward+ renderer.
   at: viewport_set_scaling_3d_mode (servers/rendering/renderer_viewport.cpp:979)
ERROR: FSR1 is only available when using the Forward+ renderer.
   at: viewport_set_scaling_3d_mode (servers/rendering/renderer_viewport.cpp:979)
ERROR: FSR1 is only available when using the Forward+ renderer.
   at: viewport_set_scaling_3d_mode (servers/rendering/renderer_viewport.cpp:979)
ERROR: FSR1 is only available when using the Forward+ renderer.
   at: viewport_set_scaling_3d_mode (servers/rendering/renderer_viewport.cpp:979)
ERROR: FSR1 is only available when using the Forward+ renderer.
   at: viewport_set_scaling_3d_mode (servers/rendering/renderer_viewport.cpp:979)
ERROR: FSR1 is only available when using the Forward+ renderer.
   at: viewport_set_scaling_3d_mode (servers/rendering/renderer_viewport.cpp:979)
ERROR: FSR1 is only available when using the Forward+ renderer.
   at: viewport_set_scaling_3d_mode (servers/rendering/renderer_viewport.cpp:979)
ERROR: FSR1 is only available when using the Forward+ renderer.
   at: viewport_set_scaling_3d_mode (servers/rendering/renderer_viewport.cpp:979)
ERROR: FSR1 is only available when using the Forward+ renderer.
   at: viewport_set_scaling_3d_mode (servers/rendering/renderer_viewport.cpp:979)
ERROR: FSR1 is only available when using the Forward+ renderer.
   at: viewport_set_scaling_3d_mode (servers/rendering/renderer_viewport.cpp:979)
ERROR: FSR1 is only available when using the Forward+ renderer.
   at: viewport_set_scaling_3d_mode (servers/rendering/renderer_viewport.cpp:979)
ERROR: FSR1 is only available when using the Forward+ renderer.
   at: viewport_set_scaling_3d_mode (servers/rendering/renderer_viewport.cpp:979)
ERROR: FSR1 is only available when using the Forward+ renderer.
   at: viewport_set_scaling_3d_mode (servers/rendering/renderer_viewport.cpp:979)
ERROR: FSR1 is only available when using the Forward+ renderer.
   at: viewport_set_scaling_3d_mode (servers/rendering/renderer_viewport.cpp:979)
ERROR: FSR1 is only available when using the Forward+ renderer.
   at: viewport_set_scaling_3d_mode (servers/rendering/renderer_viewport.cpp:979)
ERROR: FSR1 is only available when using the Forward+ renderer.
   at: viewport_set_scaling_3d_mode (servers/rendering/renderer_viewport.cpp:979)
ERROR: FSR1 is only available when using the Forward+ renderer.
   at: viewport_set_scaling_3d_mode (servers/rendering/renderer_viewport.cpp:979)
ERROR: FSR1 is only available when using the Forward+ renderer.
   at: viewport_set_scaling_3d_mode (servers/rendering/renderer_viewport.cpp:979)
ERROR: FSR1 is only available when using the Forward+ renderer.
   at: viewport_set_scaling_3d_mode (servers/rendering/renderer_viewport.cpp:979)
ERROR: FSR1 is only available when using the Forward+ renderer.
   at: viewport_set_scaling_3d_mode (servers/rendering/renderer_viewport.cpp:979)
ERROR: FSR1 is only available when using the Forward+ renderer.
   at: viewport_set_scaling_3d_mode (servers/rendering/renderer_viewport.cpp:979)
ERROR: FSR1 is only available when using the Forward+ renderer.
   at: viewport_set_scaling_3d_mode (servers/rendering/renderer_viewport.cpp:979)
ERROR: FSR1 is only available when using the Forward+ renderer.
   at: viewport_set_scaling_3d_mode (servers/rendering/renderer_viewport.cpp:979)
ERROR: FSR1 is only available when using the Forward+ renderer.
   at: viewport_set_scaling_3d_mode (servers/rendering/renderer_viewport.cpp:979)
ERROR: FSR1 is only available when using the Forward+ renderer.
   at: viewport_set_scaling_3d_mode (servers/rendering/renderer_viewport.cpp:979)
ERROR: FSR1 is only available when using the Forward+ renderer.
   at: viewport_set_scaling_3d_mode (servers/rendering/renderer_viewport.cpp:979)
ERROR: FSR1 is only available when using the Forward+ renderer.
   at: viewport_set_scaling_3d_mode (servers/rendering/renderer_viewport.cpp:979)
ERROR: FSR1 is only available when using the Forward+ renderer.
   at: viewport_set_scaling_3d_mode (servers/rendering/renderer_viewport.cpp:979)
ERROR: FSR1 is only available when using the Forward+ renderer.
   at: viewport_set_scaling_3d_mode (servers/rendering/renderer_viewport.cpp:979)
ERROR: FSR1 is only available when using the Forward+ renderer.
   at: viewport_set_scaling_3d_mode (servers/rendering/renderer_viewport.cpp:979)
ERROR: FSR1 is only available when using the Forward+ renderer.
   at: viewport_set_scaling_3d_mode (servers/rendering/renderer_viewport.cpp:979)
ERROR: FSR1 is only available when using the Forward+ renderer.
   at: viewport_set_scaling_3d_mode (servers/rendering/renderer_viewport.cpp:979)
ERROR: FSR1 is only available when using the Forward+ renderer.
   at: viewport_set_scaling_3d_mode (servers/rendering/renderer_viewport.cpp:979)
ERROR: FSR1 is only available when using the Forward+ renderer.
   at: viewport_set_scaling_3d_mode (servers/rendering/renderer_viewport.cpp:979)
ERROR: FSR1 is only available when using the Forward+ renderer.
   at: viewport_set_scaling_3d_mode (servers/rendering/renderer_viewport.cpp:979)
ERROR: FSR1 is only available when using the Forward+ renderer.
   at: viewport_set_scaling_3d_mode (servers/rendering/renderer_viewport.cpp:979)
ERROR: FSR1 is only available when using the Forward+ renderer.
   at: viewport_set_scaling_3d_mode (servers/rendering/renderer_viewport.cpp:979)
ERROR: FSR1 is only available when using the Forward+ renderer.
   at: viewport_set_scaling_3d_mode (servers/rendering/renderer_viewport.cpp:979)
ERROR: FSR1 is only available when using the Forward+ renderer.
   at: viewport_set_scaling_3d_mode (servers/rendering/renderer_viewport.cpp:979)
ERROR: FSR1 is only available when using the Forward+ renderer.
   at: viewport_set_scaling_3d_mode (servers/rendering/renderer_viewport.cpp:979)
ERROR: FSR1 is only available when using the Forward+ renderer.
   at: viewport_set_scaling_3d_mode (servers/rendering/renderer_viewport.cpp:979)
ERROR: FSR1 is only available when using the Forward+ renderer.
   at: viewport_set_scaling_3d_mode (servers/rendering/renderer_viewport.cpp:979)
ERROR: FSR1 is only available when using the Forward+ renderer.
   at: viewport_set_scaling_3d_mode (servers/rendering/renderer_viewport.cpp:979)
ERROR: FSR1 is only available when using the Forward+ renderer.
   at: viewport_set_scaling_3d_mode (servers/rendering/renderer_viewport.cpp:979)
ERROR: FSR1 is only available when using the Forward+ renderer.
   at: viewport_set_scaling_3d_mode (servers/rendering/renderer_viewport.cpp:979)
ERROR: FSR1 is only available when using the Forward+ renderer.
   at: viewport_set_scaling_3d_mode (servers/rendering/renderer_viewport.cpp:979)
ERROR: FSR1 is only available when using the Forward+ renderer.
   at: viewport_set_scaling_3d_mode (servers/rendering/renderer_viewport.cpp:979)
ERROR: FSR1 is only available when using the Forward+ renderer.
   at: viewport_set_scaling_3d_mode (servers/rendering/renderer_viewport.cpp:979)
ERROR: FSR1 is only available when using the Forward+ renderer.
   at: viewport_set_scaling_3d_mode (servers/rendering/renderer_viewport.cpp:979)
ERROR: FSR1 is only available when using the Forward+ renderer.
   at: viewport_set_scaling_3d_mode (servers/rendering/renderer_viewport.cpp:979)
ERROR: FSR1 is only available when using the Forward+ renderer.
   at: viewport_set_scaling_3d_mode (servers/rendering/renderer_viewport.cpp:979)
ERROR: FSR1 is only available when using the Forward+ renderer.
   at: viewport_set_scaling_3d_mode (servers/rendering/renderer_viewport.cpp:979)
ERROR: FSR1 is only available when using the Forward+ renderer.
   at: viewport_set_scaling_3d_mode (servers/rendering/renderer_viewport.cpp:979)
ERROR: FSR1 is only available when using the Forward+ renderer.
   at: viewport_set_scaling_3d_mode (servers/rendering/renderer_viewport.cpp:979)
ERROR: FSR1 is only available when using the Forward+ renderer.
   at: viewport_set_scaling_3d_mode (servers/rendering/renderer_viewport.cpp:979)
ERROR: FSR1 is only available when using the Forward+ renderer.
   at: viewport_set_scaling_3d_mode (servers/rendering/renderer_viewport.cpp:979)
ERROR: FSR1 is only available when using the Forward+ renderer.
   at: viewport_set_scaling_3d_mode (servers/rendering/renderer_viewport.cpp:979)
ERROR: FSR1 is only available when using the Forward+ renderer.
   at: viewport_set_scaling_3d_mode (servers/rendering/renderer_viewport.cpp:979)
ERROR: FSR1 is only available when using the Forward+ renderer.
   at: viewport_set_scaling_3d_mode (servers/rendering/renderer_viewport.cpp:979)
ERROR: FSR1 is only available when using the Forward+ renderer.
   at: viewport_set_scaling_3d_mode (servers/rendering/renderer_viewport.cpp:979)
ERROR: FSR1 is only available when using the Forward+ renderer.
   at: viewport_set_scaling_3d_mode (servers/rendering/renderer_viewport.cpp:979)
ERROR: FSR1 is only available when using the Forward+ renderer.
   at: viewport_set_scaling_3d_mode (servers/rendering/renderer_viewport.cpp:979)
ERROR: FSR1 is only available when using the Forward+ renderer.
   at: viewport_set_scaling_3d_mode (servers/rendering/renderer_viewport.cpp:979)
ERROR: FSR1 is only available when using the Forward+ renderer.
   at: viewport_set_scaling_3d_mode (servers/rendering/renderer_viewport.cpp:979)
ERROR: FSR1 is only available when using the Forward+ renderer.
   at: viewport_set_scaling_3d_mode (servers/rendering/renderer_viewport.cpp:979)
ERROR: FSR1 is only available when using the Forward+ renderer.
   at: viewport_set_scaling_3d_mode (servers/rendering/renderer_viewport.cpp:979)
ERROR: FSR1 is only available when using the Forward+ renderer.
   at: viewport_set_scaling_3d_mode (servers/rendering/renderer_viewport.cpp:979)
ERROR: FSR1 is only available when using the Forward+ renderer.
   at: viewport_set_scaling_3d_mode (servers/rendering/renderer_viewport.cpp:979)
ERROR: FSR1 is only available when using the Forward+ renderer.
   at: viewport_set_scaling_3d_mode (servers/rendering/renderer_viewport.cpp:979)
ERROR: FSR1 is only available when using the Forward+ renderer.
   at: viewport_set_scaling_3d_mode (servers/rendering/renderer_viewport.cpp:979)
ERROR: FSR1 is only available when using the Forward+ renderer.
   at: viewport_set_scaling_3d_mode (servers/rendering/renderer_viewport.cpp:979)
ERROR: FSR1 is only available when using the Forward+ renderer.
   at: viewport_set_scaling_3d_mode (servers/rendering/renderer_viewport.cpp:979)
ERROR: FSR1 is only available when using the Forward+ renderer.
   at: viewport_set_scaling_3d_mode (servers/rendering/renderer_viewport.cpp:979)
ERROR: FSR1 is only available when using the Forward+ renderer.
   at: viewport_set_scaling_3d_mode (servers/rendering/renderer_viewport.cpp:979)
ERROR: FSR1 is only available when using the Forward+ renderer.
   at: viewport_set_scaling_3d_mode (servers/rendering/renderer_viewport.cpp:979)
ERROR: FSR1 is only available when using the Forward+ renderer.
   at: viewport_set_scaling_3d_mode (servers/rendering/renderer_viewport.cpp:979)
ERROR: FSR1 is only available when using the Forward+ renderer.
   at: viewport_set_scaling_3d_mode (servers/rendering/renderer_viewport.cpp:979)
ERROR: FSR1 is only available when using the Forward+ renderer.
   at: viewport_set_scaling_3d_mode (servers/rendering/renderer_viewport.cpp:979)
ERROR: FSR1 is only available when using the Forward+ renderer.
   at: viewport_set_scaling_3d_mode (servers/rendering/renderer_viewport.cpp:979)
ERROR: FSR1 is only available when using the Forward+ renderer.
   at: viewport_set_scaling_3d_mode (servers/rendering/renderer_viewport.cpp:979)
ERROR: FSR1 is only available when using the Forward+ renderer.
   at: viewport_set_scaling_3d_mode (servers/rendering/renderer_viewport.cpp:979)
ERROR: FSR1 is only available when using the Forward+ renderer.
   at: viewport_set_scaling_3d_mode (servers/rendering/renderer_viewport.cpp:979)
ERROR: FSR1 is only available when using the Forward+ renderer.
   at: viewport_set_scaling_3d_mode (servers/rendering/renderer_viewport.cpp:979)
ERROR: FSR1 is only available when using the Forward+ renderer.
   at: viewport_set_scaling_3d_mode (servers/rendering/renderer_viewport.cpp:979)
ERROR: FSR1 is only available when using the Forward+ renderer.
   at: viewport_set_scaling_3d_mode (servers/rendering/renderer_viewport.cpp:979)
ERROR: FSR1 is only available when using the Forward+ renderer.
   at: viewport_set_scaling_3d_mode (servers/rendering/renderer_viewport.cpp:979)
ERROR: FSR1 is only available when using the Forward+ renderer.
   at: viewport_set_scaling_3d_mode (servers/rendering/renderer_viewport.cpp:979)
ERROR: FSR1 is only available when using the Forward+ renderer.
   at: viewport_set_scaling_3d_mode (servers/rendering/renderer_viewport.cpp:979)
ERROR: FSR1 is only available when using the Forward+ renderer.
   at: viewport_set_scaling_3d_mode (servers/rendering/renderer_viewport.cpp:979)
ERROR: FSR1 is only available when using the Forward+ renderer.
   at: viewport_set_scaling_3d_mode (servers/rendering/renderer_viewport.cpp:979)
ERROR: FSR1 is only available when using the Forward+ renderer.
   at: viewport_set_scaling_3d_mode (servers/rendering/renderer_viewport.cpp:979)
ERROR: FSR1 is only available when using the Forward+ renderer.
   at: viewport_set_scaling_3d_mode (servers/rendering/renderer_viewport.cpp:979)
ERROR: FSR1 is only available when using the Forward+ renderer.
   at: viewport_set_scaling_3d_mode (servers/rendering/renderer_viewport.cpp:979)
ERROR: FSR1 is only available when using the Forward+ renderer.
   at: viewport_set_scaling_3d_mode (servers/rendering/renderer_viewport.cpp:979)
ERROR: FSR1 is only available when using the Forward+ renderer.
   at: viewport_set_scaling_3d_mode (servers/rendering/renderer_viewport.cpp:979)
ERROR: FSR1 is only available when using the Forward+ renderer.
   at: viewport_set_scaling_3d_mode (servers/rendering/renderer_viewport.cpp:979)
ERROR: FSR1 is only available when using the Forward+ renderer.
   at: viewport_set_scaling_3d_mode (servers/rendering/renderer_viewport.cpp:979)
ERROR: FSR1 is only available when using the Forward+ renderer.
   at: viewport_set_scaling_3d_mode (servers/rendering/renderer_viewport.cpp:979)
ERROR: FSR1 is only available when using the Forward+ renderer.
   at: viewport_set_scaling_3d_mode (servers/rendering/renderer_viewport.cpp:979)
ERROR: FSR1 is only available when using the Forward+ renderer.
   at: viewport_set_scaling_3d_mode (servers/rendering/renderer_viewport.cpp:979)
ERROR: FSR1 is only available when using the Forward+ renderer.
   at: viewport_set_scaling_3d_mode (servers/rendering/renderer_viewport.cpp:979)
ERROR: FSR1 is only available when using the Forward+ renderer.
   at: viewport_set_scaling_3d_mode (servers/rendering/renderer_viewport.cpp:979)
ERROR: FSR1 is only available when using the Forward+ renderer.
   at: viewport_set_scaling_3d_mode (servers/rendering/renderer_viewport.cpp:979)
ERROR: FSR1 is only available when using the Forward+ renderer.
   at: viewport_set_scaling_3d_mode (servers/rendering/renderer_viewport.cpp:979)
ERROR: FSR1 is only available when using the Forward+ renderer.
   at: viewport_set_scaling_3d_mode (servers/rendering/renderer_viewport.cpp:979)
ERROR: FSR1 is only available when using the Forward+ renderer.
   at: viewport_set_scaling_3d_mode (servers/rendering/renderer_viewport.cpp:979)
ERROR: FSR1 is only available when using the Forward+ renderer.
   at: viewport_set_scaling_3d_mode (servers/rendering/renderer_viewport.cpp:979)
ERROR: FSR1 is only available when using the Forward+ renderer.
   at: viewport_set_scaling_3d_mode (servers/rendering/renderer_viewport.cpp:979)
ERROR: FSR1 is only available when using the Forward+ renderer.
   at: viewport_set_scaling_3d_mode (servers/rendering/renderer_viewport.cpp:979)
ERROR: FSR1 is only available when using the Forward+ renderer.
   at: viewport_set_scaling_3d_mode (servers/rendering/renderer_viewport.cpp:979)
ERROR: FSR1 is only available when using the Forward+ renderer.
   at: viewport_set_scaling_3d_mode (servers/rendering/renderer_viewport.cpp:979)
ERROR: FSR1 is only available when using the Forward+ renderer.
   at: viewport_set_scaling_3d_mode (servers/rendering/renderer_viewport.cpp:979)
ERROR: FSR1 is only available when using the Forward+ renderer.
   at: viewport_set_scaling_3d_mode (servers/rendering/renderer_viewport.cpp:979)
ERROR: FSR1 is only available when using the Forward+ renderer.
   at: viewport_set_scaling_3d_mode (servers/rendering/renderer_viewport.cpp:979)
ERROR: FSR1 is only available when using the Forward+ renderer.
   at: viewport_set_scaling_3d_mode (servers/rendering/renderer_viewport.cpp:979)
ERROR: FSR1 is only available when using the Forward+ renderer.
   at: viewport_set_scaling_3d_mode (servers/rendering/renderer_viewport.cpp:979)
ERROR: FSR1 is only available when using the Forward+ renderer.
   at: viewport_set_scaling_3d_mode (servers/rendering/renderer_viewport.cpp:979)
ERROR: FSR1 is only available when using the Forward+ renderer.
   at: viewport_set_scaling_3d_mode (servers/rendering/renderer_viewport.cpp:979)
ERROR: FSR1 is only available when using the Forward+ renderer.
   at: viewport_set_scaling_3d_mode (servers/rendering/renderer_viewport.cpp:979)
ERROR: FSR1 is only available when using the Forward+ renderer.
   at: viewport_set_scaling_3d_mode (servers/rendering/renderer_viewport.cpp:979)
ERROR: FSR1 is only available when using the Forward+ renderer.
   at: viewport_set_scaling_3d_mode (servers/rendering/renderer_viewport.cpp:979)
ERROR: FSR1 is only available when using the Forward+ renderer.
   at: viewport_set_scaling_3d_mode (servers/rendering/renderer_viewport.cpp:979)
ERROR: FSR1 is only available when using the Forward+ renderer.
   at: viewport_set_scaling_3d_mode (servers/rendering/renderer_viewport.cpp:979)
ERROR: FSR1 is only available when using the Forward+ renderer.
   at: viewport_set_scaling_3d_mode (servers/rendering/renderer_viewport.cpp:979)
ERROR: FSR1 is only available when using the Forward+ renderer.
   at: viewport_set_scaling_3d_mode (servers/rendering/renderer_viewport.cpp:979)
ERROR: FSR1 is only available when using the Forward+ renderer.
   at: viewport_set_scaling_3d_mode (servers/rendering/renderer_viewport.cpp:979)
ERROR: FSR1 is only available when using the Forward+ renderer.
   at: viewport_set_scaling_3d_mode (servers/rendering/renderer_viewport.cpp:979)
ERROR: FSR1 is only available when using the Forward+ renderer.
   at: viewport_set_scaling_3d_mode (servers/rendering/renderer_viewport.cpp:979)
ERROR: FSR1 is only available when using the Forward+ renderer.
   at: viewport_set_scaling_3d_mode (servers/rendering/renderer_viewport.cpp:979)
ERROR: FSR1 is only available when using the Forward+ renderer.
   at: viewport_set_scaling_3d_mode (servers/rendering/renderer_viewport.cpp:979)
ERROR: FSR1 is only available when using the Forward+ renderer.
   at: viewport_set_scaling_3d_mode (servers/rendering/renderer_viewport.cpp:979)
ERROR: FSR1 is only available when using the Forward+ renderer.
   at: viewport_set_scaling_3d_mode (servers/rendering/renderer_viewport.cpp:979)
ERROR: FSR1 is only available when using the Forward+ renderer.
   at: viewport_set_scaling_3d_mode (servers/rendering/renderer_viewport.cpp:979)
ERROR: FSR1 is only available when using the Forward+ renderer.
   at: viewport_set_scaling_3d_mode (servers/rendering/renderer_viewport.cpp:979)
ERROR: FSR1 is only available when using the Forward+ renderer.
   at: viewport_set_scaling_3d_mode (servers/rendering/renderer_viewport.cpp:979)
ERROR: FSR1 is only available when using the Forward+ renderer.
   at: viewport_set_scaling_3d_mode (servers/rendering/renderer_viewport.cpp:979)
ERROR: FSR1 is only available when using the Forward+ renderer.
   at: viewport_set_scaling_3d_mode (servers/rendering/renderer_viewport.cpp:979)
ERROR: FSR1 is only available when using the Forward+ renderer.
   at: viewport_set_scaling_3d_mode (servers/rendering/renderer_viewport.cpp:979)
ERROR: FSR1 is only available when using the Forward+ renderer.
   at: viewport_set_scaling_3d_mode (servers/rendering/renderer_viewport.cpp:979)
ERROR: FSR1 is only available when using the Forward+ renderer.
   at: viewport_set_scaling_3d_mode (servers/rendering/renderer_viewport.cpp:979)
ERROR: FSR1 is only available when using the Forward+ renderer.
   at: viewport_set_scaling_3d_mode (servers/rendering/renderer_viewport.cpp:979)
ERROR: FSR1 is only available when using the Forward+ renderer.
   at: viewport_set_scaling_3d_mode (servers/rendering/renderer_viewport.cpp:979)
ERROR: FSR1 is only available when using the Forward+ renderer.
   at: viewport_set_scaling_3d_mode (servers/rendering/renderer_viewport.cpp:979)
ERROR: FSR1 is only available when using the Forward+ renderer.
   at: viewport_set_scaling_3d_mode (servers/rendering/renderer_viewport.cpp:979)
ERROR: FSR1 is only available when using the Forward+ renderer.
   at: viewport_set_scaling_3d_mode (servers/rendering/renderer_viewport.cpp:979)
ERROR: FSR1 is only available when using the Forward+ renderer.
   at: viewport_set_scaling_3d_mode (servers/rendering/renderer_viewport.cpp:979)
ERROR: FSR1 is only available when using the Forward+ renderer.
   at: viewport_set_scaling_3d_mode (servers/rendering/renderer_viewport.cpp:979)
ERROR: FSR1 is only available when using the Forward+ renderer.
   at: viewport_set_scaling_3d_mode (servers/rendering/renderer_viewport.cpp:979)
ERROR: FSR1 is only available when using the Forward+ renderer.
   at: viewport_set_scaling_3d_mode (servers/rendering/renderer_viewport.cpp:979)
ERROR: FSR1 is only available when using the Forward+ renderer.
   at: viewport_set_scaling_3d_mode (servers/rendering/renderer_viewport.cpp:979)
ERROR: FSR1 is only available when using the Forward+ renderer.
   at: viewport_set_scaling_3d_mode (servers/rendering/renderer_viewport.cpp:979)
ERROR: FSR1 is only available when using the Forward+ renderer.
   at: viewport_set_scaling_3d_mode (servers/rendering/renderer_viewport.cpp:979)
ERROR: FSR1 is only available when using the Forward+ renderer.
   at: viewport_set_scaling_3d_mode (servers/rendering/renderer_viewport.cpp:979)
ERROR: FSR1 is only available when using the Forward+ renderer.
   at: viewport_set_scaling_3d_mode (servers/rendering/renderer_viewport.cpp:979)
ERROR: FSR1 is only available when using the Forward+ renderer.
   at: viewport_set_scaling_3d_mode (servers/rendering/renderer_viewport.cpp:979)
ERROR: FSR1 is only available when using the Forward+ renderer.
   at: viewport_set_scaling_3d_mode (servers/rendering/renderer_viewport.cpp:979)
ERROR: FSR1 is only available when using the Forward+ renderer.
   at: viewport_set_scaling_3d_mode (servers/rendering/renderer_viewport.cpp:979)
ERROR: FSR1 is only available when using the Forward+ renderer.
   at: viewport_set_scaling_3d_mode (servers/rendering/renderer_viewport.cpp:979)
ERROR: FSR1 is only available when using the Forward+ renderer.
   at: viewport_set_scaling_3d_mode (servers/rendering/renderer_viewport.cpp:979)
ERROR: FSR1 is only available when using the Forward+ renderer.
   at: viewport_set_scaling_3d_mode (servers/rendering/renderer_viewport.cpp:979)
ERROR: FSR1 is only available when using the Forward+ renderer.
   at: viewport_set_scaling_3d_mode (servers/rendering/renderer_viewport.cpp:979)
ERROR: FSR1 is only available when using the Forward+ renderer.
   at: viewport_set_scaling_3d_mode (servers/rendering/renderer_viewport.cpp:979)
ERROR: FSR1 is only available when using the Forward+ renderer.
   at: viewport_set_scaling_3d_mode (servers/rendering/renderer_viewport.cpp:979)
ERROR: FSR1 is only available when using the Forward+ renderer.
   at: viewport_set_scaling_3d_mode (servers/rendering/renderer_viewport.cpp:979)
ERROR: FSR1 is only available when using the Forward+ renderer.
   at: viewport_set_scaling_3d_mode (servers/rendering/renderer_viewport.cpp:979)
ERROR: FSR1 is only available when using the Forward+ renderer.
   at: viewport_set_scaling_3d_mode (servers/rendering/renderer_viewport.cpp:979)
ERROR: FSR1 is only available when using the Forward+ renderer.
   at: viewport_set_scaling_3d_mode (servers/rendering/renderer_viewport.cpp:979)
ERROR: FSR1 is only available when using the Forward+ renderer.
   at: viewport_set_scaling_3d_mode (servers/rendering/renderer_viewport.cpp:979)
ERROR: FSR1 is only available when using the Forward+ renderer.
   at: viewport_set_scaling_3d_mode (servers/rendering/renderer_viewport.cpp:979)
ERROR: FSR1 is only available when using the Forward+ renderer.
   at: viewport_set_scaling_3d_mode (servers/rendering/renderer_viewport.cpp:979)
ERROR: FSR1 is only available when using the Forward+ renderer.
   at: viewport_set_scaling_3d_mode (servers/rendering/renderer_viewport.cpp:979)
ERROR: FSR1 is only available when using the Forward+ renderer.
   at: viewport_set_scaling_3d_mode (servers/rendering/renderer_viewport.cpp:979)
ERROR: FSR1 is only available when using the Forward+ renderer.
   at: viewport_set_scaling_3d_mode (servers/rendering/renderer_viewport.cpp:979)
ERROR: FSR1 is only available when using the Forward+ renderer.
   at: viewport_set_scaling_3d_mode (servers/rendering/renderer_viewport.cpp:979)
ERROR: FSR1 is only available when using the Forward+ renderer.
   at: viewport_set_scaling_3d_mode (servers/rendering/renderer_viewport.cpp:979)
ERROR: FSR1 is only available when using the Forward+ renderer.
   at: viewport_set_scaling_3d_mode (servers/rendering/renderer_viewport.cpp:979)
ERROR: FSR1 is only available when using the Forward+ renderer.
   at: viewport_set_scaling_3d_mode (servers/rendering/renderer_viewport.cpp:979)
ERROR: FSR1 is only available when using the Forward+ renderer.
   at: viewport_set_scaling_3d_mode (servers/rendering/renderer_viewport.cpp:979)
ERROR: FSR1 is only available when using the Forward+ renderer.
   at: viewport_set_scaling_3d_mode (servers/rendering/renderer_viewport.cpp:979)
ERROR: FSR1 is only available when using the Forward+ renderer.
   at: viewport_set_scaling_3d_mode (servers/rendering/renderer_viewport.cpp:979)
ERROR: FSR1 is only available when using the Forward+ renderer.
   at: viewport_set_scaling_3d_mode (servers/rendering/renderer_viewport.cpp:979)
ERROR: FSR1 is only available when using the Forward+ renderer.
   at: viewport_set_scaling_3d_mode (servers/rendering/renderer_viewport.cpp:979)
ERROR: FSR1 is only available when using the Forward+ renderer.
   at: viewport_set_scaling_3d_mode (servers/rendering/renderer_viewport.cpp:979)
ERROR: FSR1 is only available when using the Forward+ renderer.
   at: viewport_set_scaling_3d_mode (servers/rendering/renderer_viewport.cpp:979)
ERROR: FSR1 is only available when using the Forward+ renderer.
   at: viewport_set_scaling_3d_mode (servers/rendering/renderer_viewport.cpp:979)
ERROR: FSR1 is only available when using the Forward+ renderer.
   at: viewport_set_scaling_3d_mode (servers/rendering/renderer_viewport.cpp:979)
ERROR: FSR1 is only available when using the Forward+ renderer.
   at: viewport_set_scaling_3d_mode (servers/rendering/renderer_viewport.cpp:979)
ERROR: FSR1 is only available when using the Forward+ renderer.
   at: viewport_set_scaling_3d_mode (servers/rendering/renderer_viewport.cpp:979)
ERROR: FSR1 is only available when using the Forward+ renderer.
   at: viewport_set_scaling_3d_mode (servers/rendering/renderer_viewport.cpp:979)
ERROR: FSR1 is only available when using the Forward+ renderer.
   at: viewport_set_scaling_3d_mode (servers/rendering/renderer_viewport.cpp:979)
ERROR: FSR1 is only available when using the Forward+ renderer.
   at: viewport_set_scaling_3d_mode (servers/rendering/renderer_viewport.cpp:979)
ERROR: FSR1 is only available when using the Forward+ renderer.
   at: viewport_set_scaling_3d_mode (servers/rendering/renderer_viewport.cpp:979)
ERROR: FSR1 is only available when using the Forward+ renderer.
   at: viewport_set_scaling_3d_mode (servers/rendering/renderer_viewport.cpp:979)
ERROR: FSR1 is only available when using the Forward+ renderer.
   at: viewport_set_scaling_3d_mode (servers/rendering/renderer_viewport.cpp:979)
ERROR: FSR1 is only available when using the Forward+ renderer.
   at: viewport_set_scaling_3d_mode (servers/rendering/renderer_viewport.cpp:979)
ERROR: FSR1 is only available when using the Forward+ renderer.
   at: viewport_set_scaling_3d_mode (servers/rendering/renderer_viewport.cpp:979)
ERROR: FSR1 is only available when using the Forward+ renderer.
   at: viewport_set_scaling_3d_mode (servers/rendering/renderer_viewport.cpp:979)
ERROR: FSR1 is only available when using the Forward+ renderer.
   at: viewport_set_scaling_3d_mode (servers/rendering/renderer_viewport.cpp:979)
ERROR: FSR1 is only available when using the Forward+ renderer.
   at: viewport_set_scaling_3d_mode (servers/rendering/renderer_viewport.cpp:979)
ERROR: FSR1 is only available when using the Forward+ renderer.
   at: viewport_set_scaling_3d_mode (servers/rendering/renderer_viewport.cpp:979)
ERROR: FSR1 is only available when using the Forward+ renderer.
   at: viewport_set_scaling_3d_mode (servers/rendering/renderer_viewport.cpp:979)
ERROR: FSR1 is only available when using the Forward+ renderer.
   at: viewport_set_scaling_3d_mode (servers/rendering/renderer_viewport.cpp:979)
ERROR: FSR1 is only available when using the Forward+ renderer.
   at: viewport_set_scaling_3d_mode (servers/rendering/renderer_viewport.cpp:979)
ERROR: FSR1 is only available when using the Forward+ renderer.
   at: viewport_set_scaling_3d_mode (servers/rendering/renderer_viewport.cpp:979)
ERROR: FSR1 is only available when using the Forward+ renderer.
   at: viewport_set_scaling_3d_mode (servers/rendering/renderer_viewport.cpp:979)
ERROR: FSR1 is only available when using the Forward+ renderer.
   at: viewport_set_scaling_3d_mode (servers/rendering/renderer_viewport.cpp:979)
ERROR: FSR1 is only available when using the Forward+ renderer.
   at: viewport_set_scaling_3d_mode (servers/rendering/renderer_viewport.cpp:979)
ERROR: FSR1 is only available when using the Forward+ renderer.
   at: viewport_set_scaling_3d_mode (servers/rendering/renderer_viewport.cpp:979)
ERROR: FSR1 is only available when using the Forward+ renderer.
   at: viewport_set_scaling_3d_mode (servers/rendering/renderer_viewport.cpp:979)
ERROR: FSR1 is only available when using the Forward+ renderer.
   at: viewport_set_scaling_3d_mode (servers/rendering/renderer_viewport.cpp:979)
ERROR: FSR1 is only available when using the Forward+ renderer.
   at: viewport_set_scaling_3d_mode (servers/rendering/renderer_viewport.cpp:979)
ERROR: FSR1 is only available when using the Forward+ renderer.
   at: viewport_set_scaling_3d_mode (servers/rendering/renderer_viewport.cpp:979)
ERROR: FSR1 is only available when using the Forward+ renderer.
   at: viewport_set_scaling_3d_mode (servers/rendering/renderer_viewport.cpp:979)
ERROR: FSR1 is only available when using the Forward+ renderer.
   at: viewport_set_scaling_3d_mode (servers/rendering/renderer_viewport.cpp:979)
ERROR: FSR1 is only available when using the Forward+ renderer.
   at: viewport_set_scaling_3d_mode (servers/rendering/renderer_viewport.cpp:979)
ERROR: FSR1 is only available when using the Forward+ renderer.
   at: viewport_set_scaling_3d_mode (servers/rendering/renderer_viewport.cpp:979)
ERROR: FSR1 is only available when using the Forward+ renderer.
   at: viewport_set_scaling_3d_mode (servers/rendering/renderer_viewport.cpp:979)
ERROR: FSR1 is only available when using the Forward+ renderer.
   at: viewport_set_scaling_3d_mode (servers/rendering/renderer_viewport.cpp:979)
ERROR: FSR1 is only available when using the Forward+ renderer.
   at: viewport_set_scaling_3d_mode (servers/rendering/renderer_viewport.cpp:979)
ERROR: FSR1 is only available when using the Forward+ renderer.
   at: viewport_set_scaling_3d_mode (servers/rendering/renderer_viewport.cpp:979)
ERROR: FSR1 is only available when using the Forward+ renderer.
   at: viewport_set_scaling_3d_mode (servers/rendering/renderer_viewport.cpp:979)
ERROR: FSR1 is only available when using the Forward+ renderer.
   at: viewport_set_scaling_3d_mode (servers/rendering/renderer_viewport.cpp:979)
ERROR: FSR1 is only available when using the Forward+ renderer.
   at: viewport_set_scaling_3d_mode (servers/rendering/renderer_viewport.cpp:979)
ERROR: FSR1 is only available when using the Forward+ renderer.
   at: viewport_set_scaling_3d_mode (servers/rendering/renderer_viewport.cpp:979)
ERROR: FSR1 is only available when using the Forward+ renderer.
   at: viewport_set_scaling_3d_mode (servers/rendering/renderer_viewport.cpp:979)
ERROR: FSR1 is only available when using the Forward+ renderer.
   at: viewport_set_scaling_3d_mode (servers/rendering/renderer_viewport.cpp:979)
ERROR: FSR1 is only available when using the Forward+ renderer.
   at: viewport_set_scaling_3d_mode (servers/rendering/renderer_viewport.cpp:979)
ERROR: FSR1 is only available when using the Forward+ renderer.
   at: viewport_set_scaling_3d_mode (servers/rendering/renderer_viewport.cpp:979)
ERROR: FSR1 is only available when using the Forward+ renderer.
   at: viewport_set_scaling_3d_mode (servers/rendering/renderer_viewport.cpp:979)
ERROR: FSR1 is only available when using the Forward+ renderer.
   at: viewport_set_scaling_3d_mode (servers/rendering/renderer_viewport.cpp:979)
ERROR: FSR1 is only available when using the Forward+ renderer.
   at: viewport_set_scaling_3d_mode (servers/rendering/renderer_viewport.cpp:979)
ERROR: FSR1 is only available when using the Forward+ renderer.
   at: viewport_set_scaling_3d_mode (servers/rendering/renderer_viewport.cpp:979)
ERROR: FSR1 is only available when using the Forward+ renderer.
   at: viewport_set_scaling_3d_mode (servers/rendering/renderer_viewport.cpp:979)
ERROR: FSR1 is only available when using the Forward+ renderer.
   at: viewport_set_scaling_3d_mode (servers/rendering/renderer_viewport.cpp:979)
ERROR: FSR1 is only available when using the Forward+ renderer.
   at: viewport_set_scaling_3d_mode (servers/rendering/renderer_viewport.cpp:979)
ERROR: FSR1 is only available when using the Forward+ renderer.
   at: viewport_set_scaling_3d_mode (servers/rendering/renderer_viewport.cpp:979)
ERROR: FSR1 is only available when using the Forward+ renderer.
   at: viewport_set_scaling_3d_mode (servers/rendering/renderer_viewport.cpp:979)
ERROR: FSR1 is only available when using the Forward+ renderer.
   at: viewport_set_scaling_3d_mode (servers/rendering/renderer_viewport.cpp:979)
ERROR: FSR1 is only available when using the Forward+ renderer.
   at: viewport_set_scaling_3d_mode (servers/rendering/renderer_viewport.cpp:979)
ERROR: FSR1 is only available when using the Forward+ renderer.
   at: viewport_set_scaling_3d_mode (servers/rendering/renderer_viewport.cpp:979)
ERROR: FSR1 is only available when using the Forward+ renderer.
   at: viewport_set_scaling_3d_mode (servers/rendering/renderer_viewport.cpp:979)
ERROR: FSR1 is only available when using the Forward+ renderer.
   at: viewport_set_scaling_3d_mode (servers/rendering/renderer_viewport.cpp:979)
ERROR: FSR1 is only available when using the Forward+ renderer.
   at: viewport_set_scaling_3d_mode (servers/rendering/renderer_viewport.cpp:979)
ERROR: FSR1 is only available when using the Forward+ renderer.
   at: viewport_set_scaling_3d_mode (servers/rendering/renderer_viewport.cpp:979)
ERROR: FSR1 is only available when using the Forward+ renderer.
   at: viewport_set_scaling_3d_mode (servers/rendering/renderer_viewport.cpp:979)
ERROR: FSR1 is only available when using the Forward+ renderer.
   at: viewport_set_scaling_3d_mode (servers/rendering/renderer_viewport.cpp:979)
ERROR: FSR1 is only available when using the Forward+ renderer.
   at: viewport_set_scaling_3d_mode (servers/rendering/renderer_viewport.cpp:979)
ERROR: FSR1 is only available when using the Forward+ renderer.
   at: viewport_set_scaling_3d_mode (servers/rendering/renderer_viewport.cpp:979)
ERROR: FSR1 is only available when using the Forward+ renderer.
   at: viewport_set_scaling_3d_mode (servers/rendering/renderer_viewport.cpp:979)
ERROR: FSR1 is only available when using the Forward+ renderer.
   at: viewport_set_scaling_3d_mode (servers/rendering/renderer_viewport.cpp:979)
ERROR: FSR1 is only available when using the Forward+ renderer.
   at: viewport_set_scaling_3d_mode (servers/rendering/renderer_viewport.cpp:979)
ERROR: FSR1 is only available when using the Forward+ renderer.
   at: viewport_set_scaling_3d_mode (servers/rendering/renderer_viewport.cpp:979)
ERROR: FSR1 is only available when using the Forward+ renderer.
   at: viewport_set_scaling_3d_mode (servers/rendering/renderer_viewport.cpp:979)
ERROR: FSR1 is only available when using the Forward+ renderer.
   at: viewport_set_scaling_3d_mode (servers/rendering/renderer_viewport.cpp:979)
ERROR: FSR1 is only available when using the Forward+ renderer.
   at: viewport_set_scaling_3d_mode (servers/rendering/renderer_viewport.cpp:979)
ERROR: FSR1 is only available when using the Forward+ renderer.
   at: viewport_set_scaling_3d_mode (servers/rendering/renderer_viewport.cpp:979)
ERROR: FSR1 is only available when using the Forward+ renderer.
   at: viewport_set_scaling_3d_mode (servers/rendering/renderer_viewport.cpp:979)
ERROR: FSR1 is only available when using the Forward+ renderer.
   at: viewport_set_scaling_3d_mode (servers/rendering/renderer_viewport.cpp:979)
ERROR: FSR1 is only available when using the Forward+ renderer.
   at: viewport_set_scaling_3d_mode (servers/rendering/renderer_viewport.cpp:979)
ERROR: FSR1 is only available when using the Forward+ renderer.
   at: viewport_set_scaling_3d_mode (servers/rendering/renderer_viewport.cpp:979)
ERROR: FSR1 is only available when using the Forward+ renderer.
   at: viewport_set_scaling_3d_mode (servers/rendering/renderer_viewport.cpp:979)
ERROR: FSR1 is only available when using the Forward+ renderer.
   at: viewport_set_scaling_3d_mode (servers/rendering/renderer_viewport.cpp:979)
ERROR: FSR1 is only available when using the Forward+ renderer.
   at: viewport_set_scaling_3d_mode (servers/rendering/renderer_viewport.cpp:979)
ERROR: FSR1 is only available when using the Forward+ renderer.
   at: viewport_set_scaling_3d_mode (servers/rendering/renderer_viewport.cpp:979)
ERROR: FSR1 is only available when using the Forward+ renderer.
   at: viewport_set_scaling_3d_mode (servers/rendering/renderer_viewport.cpp:979)
ERROR: FSR1 is only available when using the Forward+ renderer.
   at: viewport_set_scaling_3d_mode (servers/rendering/renderer_viewport.cpp:979)
ERROR: FSR1 is only available when using the Forward+ renderer.
   at: viewport_set_scaling_3d_mode (servers/rendering/renderer_viewport.cpp:979)
ERROR: FSR1 is only available when using the Forward+ renderer.
   at: viewport_set_scaling_3d_mode (servers/rendering/renderer_viewport.cpp:979)
ERROR: FSR1 is only available when using the Forward+ renderer.
   at: viewport_set_scaling_3d_mode (servers/rendering/renderer_viewport.cpp:979)
ERROR: FSR1 is only available when using the Forward+ renderer.
   at: viewport_set_scaling_3d_mode (servers/rendering/renderer_viewport.cpp:979)
ERROR: FSR1 is only available when using the Forward+ renderer.
   at: viewport_set_scaling_3d_mode (servers/rendering/renderer_viewport.cpp:979)
ERROR: FSR1 is only available when using the Forward+ renderer.
   at: viewport_set_scaling_3d_mode (servers/rendering/renderer_viewport.cpp:979)
ERROR: FSR1 is only available when using the Forward+ renderer.
   at: viewport_set_scaling_3d_mode (servers/rendering/renderer_viewport.cpp:979)
ERROR: FSR1 is only available when using the Forward+ renderer.
   at: viewport_set_scaling_3d_mode (servers/rendering/renderer_viewport.cpp:979)
ERROR: FSR1 is only available when using the Forward+ renderer.
   at: viewport_set_scaling_3d_mode (servers/rendering/renderer_viewport.cpp:979)
ERROR: FSR1 is only available when using the Forward+ renderer.
   at: viewport_set_scaling_3d_mode (servers/rendering/renderer_viewport.cpp:979)
ERROR: FSR1 is only available when using the Forward+ renderer.
   at: viewport_set_scaling_3d_mode (servers/rendering/renderer_viewport.cpp:979)
ERROR: FSR1 is only available when using the Forward+ renderer.
   at: viewport_set_scaling_3d_mode (servers/rendering/renderer_viewport.cpp:979)
ERROR: FSR1 is only available when using the Forward+ renderer.
   at: viewport_set_scaling_3d_mode (servers/rendering/renderer_viewport.cpp:979)
ERROR: FSR1 is only available when using the Forward+ renderer.
   at: viewport_set_scaling_3d_mode (servers/rendering/renderer_viewport.cpp:979)
ERROR: FSR1 is only available when using the Forward+ renderer.
   at: viewport_set_scaling_3d_mode (servers/rendering/renderer_viewport.cpp:979)
ERROR: FSR1 is only available when using the Forward+ renderer.
   at: viewport_set_scaling_3d_mode (servers/rendering/renderer_viewport.cpp:979)
ERROR: FSR1 is only available when using the Forward+ renderer.
   at: viewport_set_scaling_3d_mode (servers/rendering/renderer_viewport.cpp:979)
ERROR: FSR1 is only available when using the Forward+ renderer.
   at: viewport_set_scaling_3d_mode (servers/rendering/renderer_viewport.cpp:979)
ERROR: FSR1 is only available when using the Forward+ renderer.
   at: viewport_set_scaling_3d_mode (servers/rendering/renderer_viewport.cpp:979)
ERROR: FSR1 is only available when using the Forward+ renderer.
   at: viewport_set_scaling_3d_mode (servers/rendering/renderer_viewport.cpp:979)
ERROR: FSR1 is only available when using the Forward+ renderer.
   at: viewport_set_scaling_3d_mode (servers/rendering/renderer_viewport.cpp:979)
ERROR: FSR1 is only available when using the Forward+ renderer.
   at: viewport_set_scaling_3d_mode (servers/rendering/renderer_viewport.cpp:979)
ERROR: FSR1 is only available when using the Forward+ renderer.
   at: viewport_set_scaling_3d_mode (servers/rendering/renderer_viewport.cpp:979)
ERROR: FSR1 is only available when using the Forward+ renderer.
   at: viewport_set_scaling_3d_mode (servers/rendering/renderer_viewport.cpp:979)
ERROR: FSR1 is only available when using the Forward+ renderer.
   at: viewport_set_scaling_3d_mode (servers/rendering/renderer_viewport.cpp:979)
ERROR: FSR1 is only available when using the Forward+ renderer.
   at: viewport_set_scaling_3d_mode (servers/rendering/renderer_viewport.cpp:979)
ERROR: FSR1 is only available when using the Forward+ renderer.
   at: viewport_set_scaling_3d_mode (servers/rendering/renderer_viewport.cpp:979)
ERROR: FSR1 is only available when using the Forward+ renderer.
   at: viewport_set_scaling_3d_mode (servers/rendering/renderer_viewport.cpp:979)
ERROR: FSR1 is only available when using the Forward+ renderer.
   at: viewport_set_scaling_3d_mode (servers/rendering/renderer_viewport.cpp:979)
ERROR: FSR1 is only available when using the Forward+ renderer.
   at: viewport_set_scaling_3d_mode (servers/rendering/renderer_viewport.cpp:979)
ERROR: FSR1 is only available when using the Forward+ renderer.
   at: viewport_set_scaling_3d_mode (servers/rendering/renderer_viewport.cpp:979)
ERROR: FSR1 is only available when using the Forward+ renderer.
   at: viewport_set_scaling_3d_mode (servers/rendering/renderer_viewport.cpp:979)
ERROR: FSR1 is only available when using the Forward+ renderer.
   at: viewport_set_scaling_3d_mode (servers/rendering/renderer_viewport.cpp:979)
ERROR: FSR1 is only available when using the Forward+ renderer.
   at: viewport_set_scaling_3d_mode (servers/rendering/renderer_viewport.cpp:979)
ERROR: FSR1 is only available when using the Forward+ renderer.
   at: viewport_set_scaling_3d_mode (servers/rendering/renderer_viewport.cpp:979)
ERROR: FSR1 is only available when using the Forward+ renderer.
   at: viewport_set_scaling_3d_mode (servers/rendering/renderer_viewport.cpp:979)
ERROR: FSR1 is only available when using the Forward+ renderer.
   at: viewport_set_scaling_3d_mode (servers/rendering/renderer_viewport.cpp:979)
ERROR: FSR1 is only available when using the Forward+ renderer.
   at: viewport_set_scaling_3d_mode (servers/rendering/renderer_viewport.cpp:979)
ERROR: FSR1 is only available when using the Forward+ renderer.
   at: viewport_set_scaling_3d_mode (servers/rendering/renderer_viewport.cpp:979)
ERROR: FSR1 is only available when using the Forward+ renderer.
   at: viewport_set_scaling_3d_mode (servers/rendering/renderer_viewport.cpp:979)
ERROR: FSR1 is only available when using the Forward+ renderer.
   at: viewport_set_scaling_3d_mode (servers/rendering/renderer_viewport.cpp:979)
ERROR: FSR1 is only available when using the Forward+ renderer.
   at: viewport_set_scaling_3d_mode (servers/rendering/renderer_viewport.cpp:979)
ERROR: FSR1 is only available when using the Forward+ renderer.
   at: viewport_set_scaling_3d_mode (servers/rendering/renderer_viewport.cpp:979)
ERROR: FSR1 is only available when using the Forward+ renderer.
   at: viewport_set_scaling_3d_mode (servers/rendering/renderer_viewport.cpp:979)
ERROR: FSR1 is only available when using the Forward+ renderer.
   at: viewport_set_scaling_3d_mode (servers/rendering/renderer_viewport.cpp:979)
ERROR: FSR1 is only available when using the Forward+ renderer.
   at: viewport_set_scaling_3d_mode (servers/rendering/renderer_viewport.cpp:979)
ERROR: FSR1 is only available when using the Forward+ renderer.
   at: viewport_set_scaling_3d_mode (servers/rendering/renderer_viewport.cpp:979)
ERROR: FSR1 is only available when using the Forward+ renderer.
   at: viewport_set_scaling_3d_mode (servers/rendering/renderer_viewport.cpp:979)
ERROR: FSR1 is only available when using the Forward+ renderer.
   at: viewport_set_scaling_3d_mode (servers/rendering/renderer_viewport.cpp:979)
ERROR: FSR1 is only available when using the Forward+ renderer.
   at: viewport_set_scaling_3d_mode (servers/rendering/renderer_viewport.cpp:979)
ERROR: FSR1 is only available when using the Forward+ renderer.
   at: viewport_set_scaling_3d_mode (servers/rendering/renderer_viewport.cpp:979)
ERROR: FSR1 is only available when using the Forward+ renderer.
   at: viewport_set_scaling_3d_mode (servers/rendering/renderer_viewport.cpp:979)
ERROR: FSR1 is only available when using the Forward+ renderer.
   at: viewport_set_scaling_3d_mode (servers/rendering/renderer_viewport.cpp:979)
ERROR: FSR1 is only available when using the Forward+ renderer.
   at: viewport_set_scaling_3d_mode (servers/rendering/renderer_viewport.cpp:979)
ERROR: FSR1 is only available when using the Forward+ renderer.
   at: viewport_set_scaling_3d_mode (servers/rendering/renderer_viewport.cpp:979)
ERROR: FSR1 is only available when using the Forward+ renderer.
   at: viewport_set_scaling_3d_mode (servers/rendering/renderer_viewport.cpp:979)
ERROR: FSR1 is only available when using the Forward+ renderer.
   at: viewport_set_scaling_3d_mode (servers/rendering/renderer_viewport.cpp:979)
ERROR: FSR1 is only available when using the Forward+ renderer.
   at: viewport_set_scaling_3d_mode (servers/rendering/renderer_viewport.cpp:979)
ERROR: FSR1 is only available when using the Forward+ renderer.
   at: viewport_set_scaling_3d_mode (servers/rendering/renderer_viewport.cpp:979)
ERROR: FSR1 is only available when using the Forward+ renderer.
   at: viewport_set_scaling_3d_mode (servers/rendering/renderer_viewport.cpp:979)
ERROR: FSR1 is only available when using the Forward+ renderer.
   at: viewport_set_scaling_3d_mode (servers/rendering/renderer_viewport.cpp:979)
ERROR: FSR1 is only available when using the Forward+ renderer.
   at: viewport_set_scaling_3d_mode (servers/rendering/renderer_viewport.cpp:979)
ERROR: FSR1 is only available when using the Forward+ renderer.
   at: viewport_set_scaling_3d_mode (servers/rendering/renderer_viewport.cpp:979)
ERROR: FSR1 is only available when using the Forward+ renderer.
   at: viewport_set_scaling_3d_mode (servers/rendering/renderer_viewport.cpp:979)
ERROR: FSR1 is only available when using the Forward+ renderer.
   at: viewport_set_scaling_3d_mode (servers/rendering/renderer_viewport.cpp:979)
ERROR: FSR1 is only available when using the Forward+ renderer.
   at: viewport_set_scaling_3d_mode (servers/rendering/renderer_viewport.cpp:979)
ERROR: FSR1 is only available when using the Forward+ renderer.
   at: viewport_set_scaling_3d_mode (servers/rendering/renderer_viewport.cpp:979)
ERROR: FSR1 is only available when using the Forward+ renderer.
   at: viewport_set_scaling_3d_mode (servers/rendering/renderer_viewport.cpp:979)
ERROR: FSR1 is only available when using the Forward+ renderer.
   at: viewport_set_scaling_3d_mode (servers/rendering/renderer_viewport.cpp:979)
ERROR: FSR1 is only available when using the Forward+ renderer.
   at: viewport_set_scaling_3d_mode (servers/rendering/renderer_viewport.cpp:979)
ERROR: FSR1 is only available when using the Forward+ renderer.
   at: viewport_set_scaling_3d_mode (servers/rendering/renderer_viewport.cpp:979)
ERROR: FSR1 is only available when using the Forward+ renderer.
   at: viewport_set_scaling_3d_mode (servers/rendering/renderer_viewport.cpp:979)
ERROR: FSR1 is only available when using the Forward+ renderer.
   at: viewport_set_scaling_3d_mode (servers/rendering/renderer_viewport.cpp:979)
ERROR: FSR1 is only available when using the Forward+ renderer.
   at: viewport_set_scaling_3d_mode (servers/rendering/renderer_viewport.cpp:979)
ERROR: FSR1 is only available when using the Forward+ renderer.
   at: viewport_set_scaling_3d_mode (servers/rendering/renderer_viewport.cpp:979)
ERROR: FSR1 is only available when using the Forward+ renderer.
   at: viewport_set_scaling_3d_mode (servers/rendering/renderer_viewport.cpp:979)
ERROR: FSR1 is only available when using the Forward+ renderer.
   at: viewport_set_scaling_3d_mode (servers/rendering/renderer_viewport.cpp:979)
ERROR: FSR1 is only available when using the Forward+ renderer.
   at: viewport_set_scaling_3d_mode (servers/rendering/renderer_viewport.cpp:979)
ERROR: FSR1 is only available when using the Forward+ renderer.
   at: viewport_set_scaling_3d_mode (servers/rendering/renderer_viewport.cpp:979)
ERROR: FSR1 is only available when using the Forward+ renderer.
   at: viewport_set_scaling_3d_mode (servers/rendering/renderer_viewport.cpp:979)
ERROR: FSR1 is only available when using the Forward+ renderer.
   at: viewport_set_scaling_3d_mode (servers/rendering/renderer_viewport.cpp:979)
ERROR: FSR1 is only available when using the Forward+ renderer.
   at: viewport_set_scaling_3d_mode (servers/rendering/renderer_viewport.cpp:979)
ERROR: FSR1 is only available when using the Forward+ renderer.
   at: viewport_set_scaling_3d_mode (servers/rendering/renderer_viewport.cpp:979)
ERROR: FSR1 is only available when using the Forward+ renderer.
   at: viewport_set_scaling_3d_mode (servers/rendering/renderer_viewport.cpp:979)
ERROR: FSR1 is only available when using the Forward+ renderer.
   at: viewport_set_scaling_3d_mode (servers/rendering/renderer_viewport.cpp:979)
ERROR: FSR1 is only available when using the Forward+ renderer.
   at: viewport_set_scaling_3d_mode (servers/rendering/renderer_viewport.cpp:979)
ERROR: FSR1 is only available when using the Forward+ renderer.
   at: viewport_set_scaling_3d_mode (servers/rendering/renderer_viewport.cpp:979)
ERROR: FSR1 is only available when using the Forward+ renderer.
   at: viewport_set_scaling_3d_mode (servers/rendering/renderer_viewport.cpp:979)
ERROR: FSR1 is only available when using the Forward+ renderer.
   at: viewport_set_scaling_3d_mode (servers/rendering/renderer_viewport.cpp:979)
ERROR: FSR1 is only available when using the Forward+ renderer.
   at: viewport_set_scaling_3d_mode (servers/rendering/renderer_viewport.cpp:979)
ERROR: FSR1 is only available when using the Forward+ renderer.
   at: viewport_set_scaling_3d_mode (servers/rendering/renderer_viewport.cpp:979)
ERROR: FSR1 is only available when using the Forward+ renderer.
   at: viewport_set_scaling_3d_mode (servers/rendering/renderer_viewport.cpp:979)
ERROR: FSR1 is only available when using the Forward+ renderer.
   at: viewport_set_scaling_3d_mode (servers/rendering/renderer_viewport.cpp:979)
ERROR: FSR1 is only available when using the Forward+ renderer.
   at: viewport_set_scaling_3d_mode (servers/rendering/renderer_viewport.cpp:979)
ERROR: FSR1 is only available when using the Forward+ renderer.
   at: viewport_set_scaling_3d_mode (servers/rendering/renderer_viewport.cpp:979)
ERROR: FSR1 is only available when using the Forward+ renderer.
   at: viewport_set_scaling_3d_mode (servers/rendering/renderer_viewport.cpp:979)
ERROR: FSR1 is only available when using the Forward+ renderer.
   at: viewport_set_scaling_3d_mode (servers/rendering/renderer_viewport.cpp:979)
ERROR: FSR1 is only available when using the Forward+ renderer.
   at: viewport_set_scaling_3d_mode (servers/rendering/renderer_viewport.cpp:979)
ERROR: FSR1 is only available when using the Forward+ renderer.
   at: viewport_set_scaling_3d_mode (servers/rendering/renderer_viewport.cpp:979)
ERROR: FSR1 is only available when using the Forward+ renderer.
   at: viewport_set_scaling_3d_mode (servers/rendering/renderer_viewport.cpp:979)
ERROR: FSR1 is only available when using the Forward+ renderer.
   at: viewport_set_scaling_3d_mode (servers/rendering/renderer_viewport.cpp:979)
ERROR: FSR1 is only available when using the Forward+ renderer.
   at: viewport_set_scaling_3d_mode (servers/rendering/renderer_viewport.cpp:979)
ERROR: FSR1 is only available when using the Forward+ renderer.
   at: viewport_set_scaling_3d_mode (servers/rendering/renderer_viewport.cpp:979)
ERROR: FSR1 is only available when using the Forward+ renderer.
   at: viewport_set_scaling_3d_mode (servers/rendering/renderer_viewport.cpp:979)
ERROR: FSR1 is only available when using the Forward+ renderer.
   at: viewport_set_scaling_3d_mode (servers/rendering/renderer_viewport.cpp:979)
ERROR: FSR1 is only available when using the Forward+ renderer.
   at: viewport_set_scaling_3d_mode (servers/rendering/renderer_viewport.cpp:979)
ERROR: FSR1 is only available when using the Forward+ renderer.
   at: viewport_set_scaling_3d_mode (servers/rendering/renderer_viewport.cpp:979)
ERROR: FSR1 is only available when using the Forward+ renderer.
   at: viewport_set_scaling_3d_mode (servers/rendering/renderer_viewport.cpp:979)
ERROR: FSR1 is only available when using the Forward+ renderer.
   at: viewport_set_scaling_3d_mode (servers/rendering/renderer_viewport.cpp:979)
ERROR: FSR1 is only available when using the Forward+ renderer.
   at: viewport_set_scaling_3d_mode (servers/rendering/renderer_viewport.cpp:979)
ERROR: FSR1 is only available when using the Forward+ renderer.
   at: viewport_set_scaling_3d_mode (servers/rendering/renderer_viewport.cpp:979)
ERROR: FSR1 is only available when using the Forward+ renderer.
   at: viewport_set_scaling_3d_mode (servers/rendering/renderer_viewport.cpp:979)
ERROR: FSR1 is only available when using the Forward+ renderer.
   at: viewport_set_scaling_3d_mode (servers/rendering/renderer_viewport.cpp:979)
ERROR: FSR1 is only available when using the Forward+ renderer.
   at: viewport_set_scaling_3d_mode (servers/rendering/renderer_viewport.cpp:979)
ERROR: FSR1 is only available when using the Forward+ renderer.
   at: viewport_set_scaling_3d_mode (servers/rendering/renderer_viewport.cpp:979)
ERROR: FSR1 is only available when using the Forward+ renderer.
   at: viewport_set_scaling_3d_mode (servers/rendering/renderer_viewport.cpp:979)
ERROR: FSR1 is only available when using the Forward+ renderer.
   at: viewport_set_scaling_3d_mode (servers/rendering/renderer_viewport.cpp:979)
ERROR: FSR1 is only available when using the Forward+ renderer.
   at: viewport_set_scaling_3d_mode (servers/rendering/renderer_viewport.cpp:979)
ERROR: FSR1 is only available when using the Forward+ renderer.
   at: viewport_set_scaling_3d_mode (servers/rendering/renderer_viewport.cpp:979)
ERROR: FSR1 is only available when using the Forward+ renderer.
   at: viewport_set_scaling_3d_mode (servers/rendering/renderer_viewport.cpp:979)
ERROR: FSR1 is only available when using the Forward+ renderer.
   at: viewport_set_scaling_3d_mode (servers/rendering/renderer_viewport.cpp:979)
ERROR: FSR1 is only available when using the Forward+ renderer.
   at: viewport_set_scaling_3d_mode (servers/rendering/renderer_viewport.cpp:979)
ERROR: FSR1 is only available when using the Forward+ renderer.
   at: viewport_set_scaling_3d_mode (servers/rendering/renderer_viewport.cpp:979)
ERROR: FSR1 is only available when using the Forward+ renderer.
   at: viewport_set_scaling_3d_mode (servers/rendering/renderer_viewport.cpp:979)
ERROR: FSR1 is only available when using the Forward+ renderer.
   at: viewport_set_scaling_3d_mode (servers/rendering/renderer_viewport.cpp:979)
ERROR: FSR1 is only available when using the Forward+ renderer.
   at: viewport_set_scaling_3d_mode (servers/rendering/renderer_viewport.cpp:979)
ERROR: FSR1 is only available when using the Forward+ renderer.
   at: viewport_set_scaling_3d_mode (servers/rendering/renderer_viewport.cpp:979)
ERROR: FSR1 is only available when using the Forward+ renderer.
   at: viewport_set_scaling_3d_mode (servers/rendering/renderer_viewport.cpp:979)
ERROR: FSR1 is only available when using the Forward+ renderer.
   at: viewport_set_scaling_3d_mode (servers/rendering/renderer_viewport.cpp:979)
ERROR: FSR1 is only available when using the Forward+ renderer.
   at: viewport_set_scaling_3d_mode (servers/rendering/renderer_viewport.cpp:979)
ERROR: FSR1 is only available when using the Forward+ renderer.
   at: viewport_set_scaling_3d_mode (servers/rendering/renderer_viewport.cpp:979)
ERROR: FSR1 is only available when using the Forward+ renderer.
   at: viewport_set_scaling_3d_mode (servers/rendering/renderer_viewport.cpp:979)
ERROR: FSR1 is only available when using the Forward+ renderer.
   at: viewport_set_scaling_3d_mode (servers/rendering/renderer_viewport.cpp:979)
ERROR: FSR1 is only available when using the Forward+ renderer.
   at: viewport_set_scaling_3d_mode (servers/rendering/renderer_viewport.cpp:979)
ERROR: FSR1 is only available when using the Forward+ renderer.
   at: viewport_set_scaling_3d_mode (servers/rendering/renderer_viewport.cpp:979)
ERROR: FSR1 is only available when using the Forward+ renderer.
   at: viewport_set_scaling_3d_mode (servers/rendering/renderer_viewport.cpp:979)
ERROR: FSR1 is only available when using the Forward+ renderer.
   at: viewport_set_scaling_3d_mode (servers/rendering/renderer_viewport.cpp:979)
ERROR: FSR1 is only available when using the Forward+ renderer.
   at: viewport_set_scaling_3d_mode (servers/rendering/renderer_viewport.cpp:979)
ERROR: FSR1 is only available when using the Forward+ renderer.
   at: viewport_set_scaling_3d_mode (servers/rendering/renderer_viewport.cpp:979)
ERROR: FSR1 is only available when using the Forward+ renderer.
   at: viewport_set_scaling_3d_mode (servers/rendering/renderer_viewport.cpp:979)
ERROR: FSR1 is only available when using the Forward+ renderer.
   at: viewport_set_scaling_3d_mode (servers/rendering/renderer_viewport.cpp:979)
ERROR: FSR1 is only available when using the Forward+ renderer.
   at: viewport_set_scaling_3d_mode (servers/rendering/renderer_viewport.cpp:979)
ERROR: FSR1 is only available when using the Forward+ renderer.
   at: viewport_set_scaling_3d_mode (servers/rendering/renderer_viewport.cpp:979)
ERROR: FSR1 is only available when using the Forward+ renderer.
   at: viewport_set_scaling_3d_mode (servers/rendering/renderer_viewport.cpp:979)
ERROR: FSR1 is only available when using the Forward+ renderer.
   at: viewport_set_scaling_3d_mode (servers/rendering/renderer_viewport.cpp:979)
ERROR: FSR1 is only available when using the Forward+ renderer.
   at: viewport_set_scaling_3d_mode (servers/rendering/renderer_viewport.cpp:979)
ERROR: FSR1 is only available when using the Forward+ renderer.
   at: viewport_set_scaling_3d_mode (servers/rendering/renderer_viewport.cpp:979)
ERROR: FSR1 is only available when using the Forward+ renderer.
   at: viewport_set_scaling_3d_mode (servers/rendering/renderer_viewport.cpp:979)
ERROR: FSR1 is only available when using the Forward+ renderer.
   at: viewport_set_scaling_3d_mode (servers/rendering/renderer_viewport.cpp:979)
ERROR: FSR1 is only available when using the Forward+ renderer.
   at: viewport_set_scaling_3d_mode (servers/rendering/renderer_viewport.cpp:979)
ERROR: FSR1 is only available when using the Forward+ renderer.
   at: viewport_set_scaling_3d_mode (servers/rendering/renderer_viewport.cpp:979)
ERROR: FSR1 is only available when using the Forward+ renderer.
   at: viewport_set_scaling_3d_mode (servers/rendering/renderer_viewport.cpp:979)
ERROR: FSR1 is only available when using the Forward+ renderer.
   at: viewport_set_scaling_3d_mode (servers/rendering/renderer_viewport.cpp:979)
ERROR: FSR1 is only available when using the Forward+ renderer.
   at: viewport_set_scaling_3d_mode (servers/rendering/renderer_viewport.cpp:979)
ERROR: FSR1 is only available when using the Forward+ renderer.
   at: viewport_set_scaling_3d_mode (servers/rendering/renderer_viewport.cpp:979)
ERROR: FSR1 is only available when using the Forward+ renderer.
   at: viewport_set_scaling_3d_mode (servers/rendering/renderer_viewport.cpp:979)
ERROR: FSR1 is only available when using the Forward+ renderer.
   at: viewport_set_scaling_3d_mode (servers/rendering/renderer_viewport.cpp:979)
ERROR: FSR1 is only available when using the Forward+ renderer.
   at: viewport_set_scaling_3d_mode (servers/rendering/renderer_viewport.cpp:979)
ERROR: FSR1 is only available when using the Forward+ renderer.
   at: viewport_set_scaling_3d_mode (servers/rendering/renderer_viewport.cpp:979)
ERROR: FSR1 is only available when using the Forward+ renderer.
   at: viewport_set_scaling_3d_mode (servers/rendering/renderer_viewport.cpp:979)
ERROR: FSR1 is only available when using the Forward+ renderer.
   at: viewport_set_scaling_3d_mode (servers/rendering/renderer_viewport.cpp:979)
ERROR: FSR1 is only available when using the Forward+ renderer.
   at: viewport_set_scaling_3d_mode (servers/rendering/renderer_viewport.cpp:979)
ERROR: FSR1 is only available when using the Forward+ renderer.
   at: viewport_set_scaling_3d_mode (servers/rendering/renderer_viewport.cpp:979)
ERROR: FSR1 is only available when using the Forward+ renderer.
   at: viewport_set_scaling_3d_mode (servers/rendering/renderer_viewport.cpp:979)
ERROR: FSR1 is only available when using the Forward+ renderer.
   at: viewport_set_scaling_3d_mode (servers/rendering/renderer_viewport.cpp:979)
ERROR: FSR1 is only available when using the Forward+ renderer.
   at: viewport_set_scaling_3d_mode (servers/rendering/renderer_viewport.cpp:979)
ERROR: FSR1 is only available when using the Forward+ renderer.
   at: viewport_set_scaling_3d_mode (servers/rendering/renderer_viewport.cpp:979)
ERROR: FSR1 is only available when using the Forward+ renderer.
   at: viewport_set_scaling_3d_mode (servers/rendering/renderer_viewport.cpp:979)
ERROR: FSR1 is only available when using the Forward+ renderer.
   at: viewport_set_scaling_3d_mode (servers/rendering/renderer_viewport.cpp:979)
ERROR: FSR1 is only available when using the Forward+ renderer.
   at: viewport_set_scaling_3d_mode (servers/rendering/renderer_viewport.cpp:979)
ERROR: FSR1 is only available when using the Forward+ renderer.
   at: viewport_set_scaling_3d_mode (servers/rendering/renderer_viewport.cpp:979)
ERROR: FSR1 is only available when using the Forward+ renderer.
   at: viewport_set_scaling_3d_mode (servers/rendering/renderer_viewport.cpp:979)
ERROR: FSR1 is only available when using the Forward+ renderer.
   at: viewport_set_scaling_3d_mode (servers/rendering/renderer_viewport.cpp:979)
ERROR: FSR1 is only available when using the Forward+ renderer.
   at: viewport_set_scaling_3d_mode (servers/rendering/renderer_viewport.cpp:979)
ERROR: FSR1 is only available when using the Forward+ renderer.
   at: viewport_set_scaling_3d_mode (servers/rendering/renderer_viewport.cpp:979)
ERROR: FSR1 is only available when using the Forward+ renderer.
   at: viewport_set_scaling_3d_mode (servers/rendering/renderer_viewport.cpp:979)
ERROR: FSR1 is only available when using the Forward+ renderer.
   at: viewport_set_scaling_3d_mode (servers/rendering/renderer_viewport.cpp:979)
ERROR: FSR1 is only available when using the Forward+ renderer.
   at: viewport_set_scaling_3d_mode (servers/rendering/renderer_viewport.cpp:979)
ERROR: FSR1 is only available when using the Forward+ renderer.
   at: viewport_set_scaling_3d_mode (servers/rendering/renderer_viewport.cpp:979)
ERROR: FSR1 is only available when using the Forward+ renderer.
   at: viewport_set_scaling_3d_mode (servers/rendering/renderer_viewport.cpp:979)
ERROR: FSR1 is only available when using the Forward+ renderer.
   at: viewport_set_scaling_3d_mode (servers/rendering/renderer_viewport.cpp:979)
ERROR: FSR1 is only available when using the Forward+ renderer.
   at: viewport_set_scaling_3d_mode (servers/rendering/renderer_viewport.cpp:979)
ERROR: FSR1 is only available when using the Forward+ renderer.
   at: viewport_set_scaling_3d_mode (servers/rendering/renderer_viewport.cpp:979)
ERROR: FSR1 is only available when using the Forward+ renderer.
   at: viewport_set_scaling_3d_mode (servers/rendering/renderer_viewport.cpp:979)
ERROR: FSR1 is only available when using the Forward+ renderer.
   at: viewport_set_scaling_3d_mode (servers/rendering/renderer_viewport.cpp:979)
ERROR: FSR1 is only available when using the Forward+ renderer.
   at: viewport_set_scaling_3d_mode (servers/rendering/renderer_viewport.cpp:979)
ERROR: FSR1 is only available when using the Forward+ renderer.
   at: viewport_set_scaling_3d_mode (servers/rendering/renderer_viewport.cpp:979)
ERROR: FSR1 is only available when using the Forward+ renderer.
   at: viewport_set_scaling_3d_mode (servers/rendering/renderer_viewport.cpp:979)
ERROR: FSR1 is only available when using the Forward+ renderer.
   at: viewport_set_scaling_3d_mode (servers/rendering/renderer_viewport.cpp:979)
ERROR: FSR1 is only available when using the Forward+ renderer.
   at: viewport_set_scaling_3d_mode (servers/rendering/renderer_viewport.cpp:979)
ERROR: FSR1 is only available when using the Forward+ renderer.
   at: viewport_set_scaling_3d_mode (servers/rendering/renderer_viewport.cpp:979)
ERROR: FSR1 is only available when using the Forward+ renderer.
   at: viewport_set_scaling_3d_mode (servers/rendering/renderer_viewport.cpp:979)
ERROR: FSR1 is only available when using the Forward+ renderer.
   at: viewport_set_scaling_3d_mode (servers/rendering/renderer_viewport.cpp:979)
ERROR: FSR1 is only available when using the Forward+ renderer.
   at: viewport_set_scaling_3d_mode (servers/rendering/renderer_viewport.cpp:979)
ERROR: FSR1 is only available when using the Forward+ renderer.
   at: viewport_set_scaling_3d_mode (servers/rendering/renderer_viewport.cpp:979)
ERROR: FSR1 is only available when using the Forward+ renderer.
   at: viewport_set_scaling_3d_mode (servers/rendering/renderer_viewport.cpp:979)
ERROR: FSR1 is only available when using the Forward+ renderer.
   at: viewport_set_scaling_3d_mode (servers/rendering/renderer_viewport.cpp:979)
ERROR: FSR1 is only available when using the Forward+ renderer.
   at: viewport_set_scaling_3d_mode (servers/rendering/renderer_viewport.cpp:979)
ERROR: FSR1 is only available when using the Forward+ renderer.
   at: viewport_set_scaling_3d_mode (servers/rendering/renderer_viewport.cpp:979)
ERROR: FSR1 is only available when using the Forward+ renderer.
   at: viewport_set_scaling_3d_mode (servers/rendering/renderer_viewport.cpp:979)
ERROR: FSR1 is only available when using the Forward+ renderer.
   at: viewport_set_scaling_3d_mode (servers/rendering/renderer_viewport.cpp:979)
ERROR: FSR1 is only available when using the Forward+ renderer.
   at: viewport_set_scaling_3d_mode (servers/rendering/renderer_viewport.cpp:979)
ERROR: FSR1 is only available when using the Forward+ renderer.
   at: viewport_set_scaling_3d_mode (servers/rendering/renderer_viewport.cpp:979)
ERROR: FSR1 is only available when using the Forward+ renderer.
   at: viewport_set_scaling_3d_mode (servers/rendering/renderer_viewport.cpp:979)
ERROR: FSR1 is only available when using the Forward+ renderer.
   at: viewport_set_scaling_3d_mode (servers/rendering/renderer_viewport.cpp:979)
ERROR: FSR1 is only available when using the Forward+ renderer.
   at: viewport_set_scaling_3d_mode (servers/rendering/renderer_viewport.cpp:979)
ERROR: FSR1 is only available when using the Forward+ renderer.
   at: viewport_set_scaling_3d_mode (servers/rendering/renderer_viewport.cpp:979)
ERROR: FSR1 is only available when using the Forward+ renderer.
   at: viewport_set_scaling_3d_mode (servers/rendering/renderer_viewport.cpp:979)
ERROR: FSR1 is only available when using the Forward+ renderer.
   at: viewport_set_scaling_3d_mode (servers/rendering/renderer_viewport.cpp:979)
ERROR: FSR1 is only available when using the Forward+ renderer.
   at: viewport_set_scaling_3d_mode (servers/rendering/renderer_viewport.cpp:979)
ERROR: FSR1 is only available when using the Forward+ renderer.
   at: viewport_set_scaling_3d_mode (servers/rendering/renderer_viewport.cpp:979)
ERROR: FSR1 is only available when using the Forward+ renderer.
   at: viewport_set_scaling_3d_mode (servers/rendering/renderer_viewport.cpp:979)
ERROR: FSR1 is only available when using the Forward+ renderer.
   at: viewport_set_scaling_3d_mode (servers/rendering/renderer_viewport.cpp:979)
ERROR: FSR1 is only available when using the Forward+ renderer.
   at: viewport_set_scaling_3d_mode (servers/rendering/renderer_viewport.cpp:979)
ERROR: FSR1 is only available when using the Forward+ renderer.
   at: viewport_set_scaling_3d_mode (servers/rendering/renderer_viewport.cpp:979)
ERROR: FSR1 is only available when using the Forward+ renderer.
   at: viewport_set_scaling_3d_mode (servers/rendering/renderer_viewport.cpp:979)
ERROR: FSR1 is only available when using the Forward+ renderer.
   at: viewport_set_scaling_3d_mode (servers/rendering/renderer_viewport.cpp:979)
ERROR: FSR1 is only available when using the Forward+ renderer.
   at: viewport_set_scaling_3d_mode (servers/rendering/renderer_viewport.cpp:979)
ERROR: FSR1 is only available when using the Forward+ renderer.
   at: viewport_set_scaling_3d_mode (servers/rendering/renderer_viewport.cpp:979)
ERROR: FSR1 is only available when using the Forward+ renderer.
   at: viewport_set_scaling_3d_mode (servers/rendering/renderer_viewport.cpp:979)
ERROR: FSR1 is only available when using the Forward+ renderer.
   at: viewport_set_scaling_3d_mode (servers/rendering/renderer_viewport.cpp:979)
ERROR: FSR1 is only available when using the Forward+ renderer.
   at: viewport_set_scaling_3d_mode (servers/rendering/renderer_viewport.cpp:979)
ERROR: FSR1 is only available when using the Forward+ renderer.
   at: viewport_set_scaling_3d_mode (servers/rendering/renderer_viewport.cpp:979)
ERROR: FSR1 is only available when using the Forward+ renderer.
   at: viewport_set_scaling_3d_mode (servers/rendering/renderer_viewport.cpp:979)
ERROR: FSR1 is only available when using the Forward+ renderer.
   at: viewport_set_scaling_3d_mode (servers/rendering/renderer_viewport.cpp:979)
ERROR: FSR1 is only available when using the Forward+ renderer.
   at: viewport_set_scaling_3d_mode (servers/rendering/renderer_viewport.cpp:979)
ERROR: FSR1 is only available when using the Forward+ renderer.
   at: viewport_set_scaling_3d_mode (servers/rendering/renderer_viewport.cpp:979)
ERROR: FSR1 is only available when using the Forward+ renderer.
   at: viewport_set_scaling_3d_mode (servers/rendering/renderer_viewport.cpp:979)
ERROR: FSR1 is only available when using the Forward+ renderer.
   at: viewport_set_scaling_3d_mode (servers/rendering/renderer_viewport.cpp:979)
ERROR: FSR1 is only available when using the Forward+ renderer.
   at: viewport_set_scaling_3d_mode (servers/rendering/renderer_viewport.cpp:979)
ERROR: FSR1 is only available when using the Forward+ renderer.
   at: viewport_set_scaling_3d_mode (servers/rendering/renderer_viewport.cpp:979)
ERROR: FSR1 is only available when using the Forward+ renderer.
   at: viewport_set_scaling_3d_mode (servers/rendering/renderer_viewport.cpp:979)
ERROR: FSR1 is only available when using the Forward+ renderer.
   at: viewport_set_scaling_3d_mode (servers/rendering/renderer_viewport.cpp:979)
ERROR: FSR1 is only available when using the Forward+ renderer.
   at: viewport_set_scaling_3d_mode (servers/rendering/renderer_viewport.cpp:979)
ERROR: FSR1 is only available when using the Forward+ renderer.
   at: viewport_set_scaling_3d_mode (servers/rendering/renderer_viewport.cpp:979)
ERROR: FSR1 is only available when using the Forward+ renderer.
   at: viewport_set_scaling_3d_mode (servers/rendering/renderer_viewport.cpp:979)
ERROR: FSR1 is only available when using the Forward+ renderer.
   at: viewport_set_scaling_3d_mode (servers/rendering/renderer_viewport.cpp:979)
ERROR: FSR1 is only available when using the Forward+ renderer.
   at: viewport_set_scaling_3d_mode (servers/rendering/renderer_viewport.cpp:979)
ERROR: FSR1 is only available when using the Forward+ renderer.
   at: viewport_set_scaling_3d_mode (servers/rendering/renderer_viewport.cpp:979)
ERROR: FSR1 is only available when using the Forward+ renderer.
   at: viewport_set_scaling_3d_mode (servers/rendering/renderer_viewport.cpp:979)
ERROR: FSR1 is only available when using the Forward+ renderer.
   at: viewport_set_scaling_3d_mode (servers/rendering/renderer_viewport.cpp:979)
ERROR: FSR1 is only available when using the Forward+ renderer.
   at: viewport_set_scaling_3d_mode (servers/rendering/renderer_viewport.cpp:979)
ERROR: FSR1 is only available when using the Forward+ renderer.
   at: viewport_set_scaling_3d_mode (servers/rendering/renderer_viewport.cpp:979)
ERROR: FSR1 is only available when using the Forward+ renderer.
   at: viewport_set_scaling_3d_mode (servers/rendering/renderer_viewport.cpp:979)
ERROR: FSR1 is only available when using the Forward+ renderer.
   at: viewport_set_scaling_3d_mode (servers/rendering/renderer_viewport.cpp:979)
ERROR: FSR1 is only available when using the Forward+ renderer.
   at: viewport_set_scaling_3d_mode (servers/rendering/renderer_viewport.cpp:979)
ERROR: FSR1 is only available when using the Forward+ renderer.
   at: viewport_set_scaling_3d_mode (servers/rendering/renderer_viewport.cpp:979)
ERROR: FSR1 is only available when using the Forward+ renderer.
   at: viewport_set_scaling_3d_mode (servers/rendering/renderer_viewport.cpp:979)
ERROR: FSR1 is only available when using the Forward+ renderer.
   at: viewport_set_scaling_3d_mode (servers/rendering/renderer_viewport.cpp:979)
ERROR: FSR1 is only available when using the Forward+ renderer.
   at: viewport_set_scaling_3d_mode (servers/rendering/renderer_viewport.cpp:979)
ERROR: FSR1 is only available when using the Forward+ renderer.
   at: viewport_set_scaling_3d_mode (servers/rendering/renderer_viewport.cpp:979)
ERROR: FSR1 is only available when using the Forward+ renderer.
   at: viewport_set_scaling_3d_mode (servers/rendering/renderer_viewport.cpp:979)
ERROR: FSR1 is only available when using the Forward+ renderer.
   at: viewport_set_scaling_3d_mode (servers/rendering/renderer_viewport.cpp:979)
ERROR: FSR1 is only available when using the Forward+ renderer.
   at: viewport_set_scaling_3d_mode (servers/rendering/renderer_viewport.cpp:979)
ERROR: FSR1 is only available when using the Forward+ renderer.
   at: viewport_set_scaling_3d_mode (servers/rendering/renderer_viewport.cpp:979)
ERROR: FSR1 is only available when using the Forward+ renderer.
   at: viewport_set_scaling_3d_mode (servers/rendering/renderer_viewport.cpp:979)
ERROR: FSR1 is only available when using the Forward+ renderer.
   at: viewport_set_scaling_3d_mode (servers/rendering/renderer_viewport.cpp:979)
ERROR: FSR1 is only available when using the Forward+ renderer.
   at: viewport_set_scaling_3d_mode (servers/rendering/renderer_viewport.cpp:979)
ERROR: FSR1 is only available when using the Forward+ renderer.
   at: viewport_set_scaling_3d_mode (servers/rendering/renderer_viewport.cpp:979)
ERROR: FSR1 is only available when using the Forward+ renderer.
   at: viewport_set_scaling_3d_mode (servers/rendering/renderer_viewport.cpp:979)
ERROR: FSR1 is only available when using the Forward+ renderer.
   at: viewport_set_scaling_3d_mode (servers/rendering/renderer_viewport.cpp:979)
ERROR: FSR1 is only available when using the Forward+ renderer.
   at: viewport_set_scaling_3d_mode (servers/rendering/renderer_viewport.cpp:979)
ERROR: FSR1 is only available when using the Forward+ renderer.
   at: viewport_set_scaling_3d_mode (servers/rendering/renderer_viewport.cpp:979)
ERROR: FSR1 is only available when using the Forward+ renderer.
   at: viewport_set_scaling_3d_mode (servers/rendering/renderer_viewport.cpp:979)
ERROR: FSR1 is only available when using the Forward+ renderer.
   at: viewport_set_scaling_3d_mode (servers/rendering/renderer_viewport.cpp:979)
ERROR: FSR1 is only available when using the Forward+ renderer.
   at: viewport_set_scaling_3d_mode (servers/rendering/renderer_viewport.cpp:979)
ERROR: FSR1 is only available when using the Forward+ renderer.
   at: viewport_set_scaling_3d_mode (servers/rendering/renderer_viewport.cpp:979)
ERROR: FSR1 is only available when using the Forward+ renderer.
   at: viewport_set_scaling_3d_mode (servers/rendering/renderer_viewport.cpp:979)
ERROR: FSR1 is only available when using the Forward+ renderer.
   at: viewport_set_scaling_3d_mode (servers/rendering/renderer_viewport.cpp:979)
ERROR: FSR1 is only available when using the Forward+ renderer.
   at: viewport_set_scaling_3d_mode (servers/rendering/renderer_viewport.cpp:979)
ERROR: FSR1 is only available when using the Forward+ renderer.
   at: viewport_set_scaling_3d_mode (servers/rendering/renderer_viewport.cpp:979)
ERROR: FSR1 is only available when using the Forward+ renderer.
   at: viewport_set_scaling_3d_mode (servers/rendering/renderer_viewport.cpp:979)
ERROR: FSR1 is only available when using the Forward+ renderer.
   at: viewport_set_scaling_3d_mode (servers/rendering/renderer_viewport.cpp:979)
ERROR: FSR1 is only available when using the Forward+ renderer.
   at: viewport_set_scaling_3d_mode (servers/rendering/renderer_viewport.cpp:979)
ERROR: FSR1 is only available when using the Forward+ renderer.
   at: viewport_set_scaling_3d_mode (servers/rendering/renderer_viewport.cpp:979)
ERROR: FSR1 is only available when using the Forward+ renderer.
   at: viewport_set_scaling_3d_mode (servers/rendering/renderer_viewport.cpp:979)
ERROR: FSR1 is only available when using the Forward+ renderer.
   at: viewport_set_scaling_3d_mode (servers/rendering/renderer_viewport.cpp:979)
ERROR: FSR1 is only available when using the Forward+ renderer.
   at: viewport_set_scaling_3d_mode (servers/rendering/renderer_viewport.cpp:979)
ERROR: FSR1 is only available when using the Forward+ renderer.
   at: viewport_set_scaling_3d_mode (servers/rendering/renderer_viewport.cpp:979)
ERROR: FSR1 is only available when using the Forward+ renderer.
   at: viewport_set_scaling_3d_mode (servers/rendering/renderer_viewport.cpp:979)
ERROR: FSR1 is only available when using the Forward+ renderer.
   at: viewport_set_scaling_3d_mode (servers/rendering/renderer_viewport.cpp:979)
ERROR: FSR1 is only available when using the Forward+ renderer.
   at: viewport_set_scaling_3d_mode (servers/rendering/renderer_viewport.cpp:979)
ERROR: FSR1 is only available when using the Forward+ renderer.
   at: viewport_set_scaling_3d_mode (servers/rendering/renderer_viewport.cpp:979)
ERROR: FSR1 is only available when using the Forward+ renderer.
   at: viewport_set_scaling_3d_mode (servers/rendering/renderer_viewport.cpp:979)
ERROR: FSR1 is only available when using the Forward+ renderer.
   at: viewport_set_scaling_3d_mode (servers/rendering/renderer_viewport.cpp:979)
ERROR: FSR1 is only available when using the Forward+ renderer.
   at: viewport_set_scaling_3d_mode (servers/rendering/renderer_viewport.cpp:979)
ERROR: FSR1 is only available when using the Forward+ renderer.
   at: viewport_set_scaling_3d_mode (servers/rendering/renderer_viewport.cpp:979)
ERROR: FSR1 is only available when using the Forward+ renderer.
   at: viewport_set_scaling_3d_mode (servers/rendering/renderer_viewport.cpp:979)
ERROR: FSR1 is only available when using the Forward+ renderer.
   at: viewport_set_scaling_3d_mode (servers/rendering/renderer_viewport.cpp:979)
ERROR: FSR1 is only available when using the Forward+ renderer.
   at: viewport_set_scaling_3d_mode (servers/rendering/renderer_viewport.cpp:979)
ERROR: FSR1 is only available when using the Forward+ renderer.
   at: viewport_set_scaling_3d_mode (servers/rendering/renderer_viewport.cpp:979)
ERROR: FSR1 is only available when using the Forward+ renderer.
   at: viewport_set_scaling_3d_mode (servers/rendering/renderer_viewport.cpp:979)
ERROR: FSR1 is only available when using the Forward+ renderer.
   at: viewport_set_scaling_3d_mode (servers/rendering/renderer_viewport.cpp:979)
ERROR: FSR1 is only available when using the Forward+ renderer.
   at: viewport_set_scaling_3d_mode (servers/rendering/renderer_viewport.cpp:979)
ERROR: FSR1 is only available when using the Forward+ renderer.
   at: viewport_set_scaling_3d_mode (servers/rendering/renderer_viewport.cpp:979)
ERROR: FSR1 is only available when using the Forward+ renderer.
   at: viewport_set_scaling_3d_mode (servers/rendering/renderer_viewport.cpp:979)
ERROR: FSR1 is only available when using the Forward+ renderer.
   at: viewport_set_scaling_3d_mode (servers/rendering/renderer_viewport.cpp:979)
ERROR: FSR1 is only available when using the Forward+ renderer.
   at: viewport_set_scaling_3d_mode (servers/rendering/renderer_viewport.cpp:979)
ERROR: FSR1 is only available when using the Forward+ renderer.
   at: viewport_set_scaling_3d_mode (servers/rendering/renderer_viewport.cpp:979)
ERROR: FSR1 is only available when using the Forward+ renderer.
   at: viewport_set_scaling_3d_mode (servers/rendering/renderer_viewport.cpp:979)
ERROR: FSR1 is only available when using the Forward+ renderer.
   at: viewport_set_scaling_3d_mode (servers/rendering/renderer_viewport.cpp:979)
ERROR: FSR1 is only available when using the Forward+ renderer.
   at: viewport_set_scaling_3d_mode (servers/rendering/renderer_viewport.cpp:979)
ERROR: FSR1 is only available when using the Forward+ renderer.
   at: viewport_set_scaling_3d_mode (servers/rendering/renderer_viewport.cpp:979)
ERROR: FSR1 is only available when using the Forward+ renderer.
   at: viewport_set_scaling_3d_mode (servers/rendering/renderer_viewport.cpp:979)
ERROR: FSR1 is only available when using the Forward+ renderer.
   at: viewport_set_scaling_3d_mode (servers/rendering/renderer_viewport.cpp:979)
ERROR: FSR1 is only available when using the Forward+ renderer.
   at: viewport_set_scaling_3d_mode (servers/rendering/renderer_viewport.cpp:979)
ERROR: FSR1 is only available when using the Forward+ renderer.
   at: viewport_set_scaling_3d_mode (servers/rendering/renderer_viewport.cpp:979)
ERROR: FSR1 is only available when using the Forward+ renderer.
   at: viewport_set_scaling_3d_mode (servers/rendering/renderer_viewport.cpp:979)
ERROR: FSR1 is only available when using the Forward+ renderer.
   at: viewport_set_scaling_3d_mode (servers/rendering/renderer_viewport.cpp:979)
ERROR: FSR1 is only available when using the Forward+ renderer.
   at: viewport_set_scaling_3d_mode (servers/rendering/renderer_viewport.cpp:979)
ERROR: FSR1 is only available when using the Forward+ renderer.
   at: viewport_set_scaling_3d_mode (servers/rendering/renderer_viewport.cpp:979)
ERROR: FSR1 is only available when using the Forward+ renderer.
   at: viewport_set_scaling_3d_mode (servers/rendering/renderer_viewport.cpp:979)
ERROR: FSR1 is only available when using the Forward+ renderer.
   at: viewport_set_scaling_3d_mode (servers/rendering/renderer_viewport.cpp:979)
ERROR: FSR1 is only available when using the Forward+ renderer.
   at: viewport_set_scaling_3d_mode (servers/rendering/renderer_viewport.cpp:979)
ERROR: FSR1 is only available when using the Forward+ renderer.
   at: viewport_set_scaling_3d_mode (servers/rendering/renderer_viewport.cpp:979)
ERROR: FSR1 is only available when using the Forward+ renderer.
   at: viewport_set_scaling_3d_mode (servers/rendering/renderer_viewport.cpp:979)
ERROR: FSR1 is only available when using the Forward+ renderer.
   at: viewport_set_scaling_3d_mode (servers/rendering/renderer_viewport.cpp:979)
ERROR: FSR1 is only available when using the Forward+ renderer.
   at: viewport_set_scaling_3d_mode (servers/rendering/renderer_viewport.cpp:979)
ERROR: FSR1 is only available when using the Forward+ renderer.
   at: viewport_set_scaling_3d_mode (servers/rendering/renderer_viewport.cpp:979)
ERROR: FSR1 is only available when using the Forward+ renderer.
   at: viewport_set_scaling_3d_mode (servers/rendering/renderer_viewport.cpp:979)
ERROR: FSR1 is only available when using the Forward+ renderer.
   at: viewport_set_scaling_3d_mode (servers/rendering/renderer_viewport.cpp:979)
ERROR: FSR1 is only available when using the Forward+ renderer.
   at: viewport_set_scaling_3d_mode (servers/rendering/renderer_viewport.cpp:979)
ERROR: FSR1 is only available when using the Forward+ renderer.
   at: viewport_set_scaling_3d_mode (servers/rendering/renderer_viewport.cpp:979)
ERROR: FSR1 is only available when using the Forward+ renderer.
   at: viewport_set_scaling_3d_mode (servers/rendering/renderer_viewport.cpp:979)
ERROR: FSR1 is only available when using the Forward+ renderer.
   at: viewport_set_scaling_3d_mode (servers/rendering/renderer_viewport.cpp:979)
ERROR: FSR1 is only available when using the Forward+ renderer.
   at: viewport_set_scaling_3d_mode (servers/rendering/renderer_viewport.cpp:979)
ERROR: FSR1 is only available when using the Forward+ renderer.
   at: viewport_set_scaling_3d_mode (servers/rendering/renderer_viewport.cpp:979)
ERROR: FSR1 is only available when using the Forward+ renderer.
   at: viewport_set_scaling_3d_mode (servers/rendering/renderer_viewport.cpp:979)
ERROR: FSR1 is only available when using the Forward+ renderer.
   at: viewport_set_scaling_3d_mode (servers/rendering/renderer_viewport.cpp:979)
ERROR: FSR1 is only available when using the Forward+ renderer.
   at: viewport_set_scaling_3d_mode (servers/rendering/renderer_viewport.cpp:979)
ERROR: FSR1 is only available when using the Forward+ renderer.
   at: viewport_set_scaling_3d_mode (servers/rendering/renderer_viewport.cpp:979)
ERROR: FSR1 is only available when using the Forward+ renderer.
   at: viewport_set_scaling_3d_mode (servers/rendering/renderer_viewport.cpp:979)
ERROR: FSR1 is only available when using the Forward+ renderer.
   at: viewport_set_scaling_3d_mode (servers/rendering/renderer_viewport.cpp:979)
ERROR: FSR1 is only available when using the Forward+ renderer.
   at: viewport_set_scaling_3d_mode (servers/rendering/renderer_viewport.cpp:979)
ERROR: FSR1 is only available when using the Forward+ renderer.
   at: viewport_set_scaling_3d_mode (servers/rendering/renderer_viewport.cpp:979)
ERROR: FSR1 is only available when using the Forward+ renderer.
   at: viewport_set_scaling_3d_mode (servers/rendering/renderer_viewport.cpp:979)
ERROR: FSR1 is only available when using the Forward+ renderer.
   at: viewport_set_scaling_3d_mode (servers/rendering/renderer_viewport.cpp:979)
ERROR: FSR1 is only available when using the Forward+ renderer.
   at: viewport_set_scaling_3d_mode (servers/rendering/renderer_viewport.cpp:979)
ERROR: FSR1 is only available when using the Forward+ renderer.
   at: viewport_set_scaling_3d_mode (servers/rendering/renderer_viewport.cpp:979)
ERROR: FSR1 is only available when using the Forward+ renderer.
   at: viewport_set_scaling_3d_mode (servers/rendering/renderer_viewport.cpp:979)
ERROR: FSR1 is only available when using the Forward+ renderer.
   at: viewport_set_scaling_3d_mode (servers/rendering/renderer_viewport.cpp:979)
ERROR: FSR1 is only available when using the Forward+ renderer.
   at: viewport_set_scaling_3d_mode (servers/rendering/renderer_viewport.cpp:979)
ERROR: FSR1 is only available when using the Forward+ renderer.
   at: viewport_set_scaling_3d_mode (servers/rendering/renderer_viewport.cpp:979)
ERROR: FSR1 is only available when using the Forward+ renderer.
   at: viewport_set_scaling_3d_mode (servers/rendering/renderer_viewport.cpp:979)
ERROR: FSR1 is only available when using the Forward+ renderer.
   at: viewport_set_scaling_3d_mode (servers/rendering/renderer_viewport.cpp:979)
ERROR: FSR1 is only available when using the Forward+ renderer.
   at: viewport_set_scaling_3d_mode (servers/rendering/renderer_viewport.cpp:979)
ERROR: FSR1 is only available when using the Forward+ renderer.
   at: viewport_set_scaling_3d_mode (servers/rendering/renderer_viewport.cpp:979)
ERROR: FSR1 is only available when using the Forward+ renderer.
   at: viewport_set_scaling_3d_mode (servers/rendering/renderer_viewport.cpp:979)
ERROR: FSR1 is only available when using the Forward+ renderer.
   at: viewport_set_scaling_3d_mode (servers/rendering/renderer_viewport.cpp:979)
ERROR: FSR1 is only available when using the Forward+ renderer.
   at: viewport_set_scaling_3d_mode (servers/rendering/renderer_viewport.cpp:979)
ERROR: FSR1 is only available when using the Forward+ renderer.
   at: viewport_set_scaling_3d_mode (servers/rendering/renderer_viewport.cpp:979)
ERROR: FSR1 is only available when using the Forward+ renderer.
   at: viewport_set_scaling_3d_mode (servers/rendering/renderer_viewport.cpp:979)
ERROR: FSR1 is only available when using the Forward+ renderer.
   at: viewport_set_scaling_3d_mode (servers/rendering/renderer_viewport.cpp:979)
ERROR: FSR1 is only available when using the Forward+ renderer.
   at: viewport_set_scaling_3d_mode (servers/rendering/renderer_viewport.cpp:979)
ERROR: FSR1 is only available when using the Forward+ renderer.
   at: viewport_set_scaling_3d_mode (servers/rendering/renderer_viewport.cpp:979)
ERROR: FSR1 is only available when using the Forward+ renderer.
   at: viewport_set_scaling_3d_mode (servers/rendering/renderer_viewport.cpp:979)
ERROR: FSR1 is only available when using the Forward+ renderer.
   at: viewport_set_scaling_3d_mode (servers/rendering/renderer_viewport.cpp:979)
ERROR: FSR1 is only available when using the Forward+ renderer.
   at: viewport_set_scaling_3d_mode (servers/rendering/renderer_viewport.cpp:979)
ERROR: FSR1 is only available when using the Forward+ renderer.
   at: viewport_set_scaling_3d_mode (servers/rendering/renderer_viewport.cpp:979)
ERROR: FSR1 is only available when using the Forward+ renderer.
   at: viewport_set_scaling_3d_mode (servers/rendering/renderer_viewport.cpp:979)
ERROR: FSR1 is only available when using the Forward+ renderer.
   at: viewport_set_scaling_3d_mode (servers/rendering/renderer_viewport.cpp:979)
ERROR: FSR1 is only available when using the Forward+ renderer.
   at: viewport_set_scaling_3d_mode (servers/rendering/renderer_viewport.cpp:979)
ERROR: FSR1 is only available when using the Forward+ renderer.
   at: viewport_set_scaling_3d_mode (servers/rendering/renderer_viewport.cpp:979)
ERROR: FSR1 is only available when using the Forward+ renderer.
   at: viewport_set_scaling_3d_mode (servers/rendering/renderer_viewport.cpp:979)
ERROR: FSR1 is only available when using the Forward+ renderer.
   at: viewport_set_scaling_3d_mode (servers/rendering/renderer_viewport.cpp:979)
ERROR: FSR1 is only available when using the Forward+ renderer.
   at: viewport_set_scaling_3d_mode (servers/rendering/renderer_viewport.cpp:979)
ERROR: FSR1 is only available when using the Forward+ renderer.
   at: viewport_set_scaling_3d_mode (servers/rendering/renderer_viewport.cpp:979)
ERROR: FSR1 is only available when using the Forward+ renderer.
   at: viewport_set_scaling_3d_mode (servers/rendering/renderer_viewport.cpp:979)
ERROR: FSR1 is only available when using the Forward+ renderer.
   at: viewport_set_scaling_3d_mode (servers/rendering/renderer_viewport.cpp:979)
ERROR: FSR1 is only available when using the Forward+ renderer.
   at: viewport_set_scaling_3d_mode (servers/rendering/renderer_viewport.cpp:979)
ERROR: FSR1 is only available when using the Forward+ renderer.
   at: viewport_set_scaling_3d_mode (servers/rendering/renderer_viewport.cpp:979)
ERROR: FSR1 is only available when using the Forward+ renderer.
   at: viewport_set_scaling_3d_mode (servers/rendering/renderer_viewport.cpp:979)
ERROR: FSR1 is only available when using the Forward+ renderer.
   at: viewport_set_scaling_3d_mode (servers/rendering/renderer_viewport.cpp:979)
ERROR: FSR1 is only available when using the Forward+ renderer.
   at: viewport_set_scaling_3d_mode (servers/rendering/renderer_viewport.cpp:979)
ERROR: FSR1 is only available when using the Forward+ renderer.
   at: viewport_set_scaling_3d_mode (servers/rendering/renderer_viewport.cpp:979)
ERROR: FSR1 is only available when using the Forward+ renderer.
   at: viewport_set_scaling_3d_mode (servers/rendering/renderer_viewport.cpp:979)
ERROR: FSR1 is only available when using the Forward+ renderer.
   at: viewport_set_scaling_3d_mode (servers/rendering/renderer_viewport.cpp:979)
ERROR: FSR1 is only available when using the Forward+ renderer.
   at: viewport_set_scaling_3d_mode (servers/rendering/renderer_viewport.cpp:979)
ERROR: FSR1 is only available when using the Forward+ renderer.
   at: viewport_set_scaling_3d_mode (servers/rendering/renderer_viewport.cpp:979)
ERROR: FSR1 is only available when using the Forward+ renderer.
   at: viewport_set_scaling_3d_mode (servers/rendering/renderer_viewport.cpp:979)
ERROR: FSR1 is only available when using the Forward+ renderer.
   at: viewport_set_scaling_3d_mode (servers/rendering/renderer_viewport.cpp:979)
ERROR: FSR1 is only available when using the Forward+ renderer.
   at: viewport_set_scaling_3d_mode (servers/rendering/renderer_viewport.cpp:979)
ERROR: FSR1 is only available when using the Forward+ renderer.
   at: viewport_set_scaling_3d_mode (servers/rendering/renderer_viewport.cpp:979)
ERROR: FSR1 is only available when using the Forward+ renderer.
   at: viewport_set_scaling_3d_mode (servers/rendering/renderer_viewport.cpp:979)
ERROR: FSR1 is only available when using the Forward+ renderer.
   at: viewport_set_scaling_3d_mode (servers/rendering/renderer_viewport.cpp:979)
ERROR: FSR1 is only available when using the Forward+ renderer.
   at: viewport_set_scaling_3d_mode (servers/rendering/renderer_viewport.cpp:979)
ERROR: FSR1 is only available when using the Forward+ renderer.
   at: viewport_set_scaling_3d_mode (servers/rendering/renderer_viewport.cpp:979)
ERROR: FSR1 is only available when using the Forward+ renderer.
   at: viewport_set_scaling_3d_mode (servers/rendering/renderer_viewport.cpp:979)
ERROR: FSR1 is only available when using the Forward+ renderer.
   at: viewport_set_scaling_3d_mode (servers/rendering/renderer_viewport.cpp:979)
ERROR: FSR1 is only available when using the Forward+ renderer.
   at: viewport_set_scaling_3d_mode (servers/rendering/renderer_viewport.cpp:979)
ERROR: FSR1 is only available when using the Forward+ renderer.
   at: viewport_set_scaling_3d_mode (servers/rendering/renderer_viewport.cpp:979)
ERROR: FSR1 is only available when using the Forward+ renderer.
   at: viewport_set_scaling_3d_mode (servers/rendering/renderer_viewport.cpp:979)
ERROR: FSR1 is only available when using the Forward+ renderer.
   at: viewport_set_scaling_3d_mode (servers/rendering/renderer_viewport.cpp:979)
ERROR: FSR1 is only available when using the Forward+ renderer.
   at: viewport_set_scaling_3d_mode (servers/rendering/renderer_viewport.cpp:979)
ERROR: FSR1 is only available when using the Forward+ renderer.
   at: viewport_set_scaling_3d_mode (servers/rendering/renderer_viewport.cpp:979)
ERROR: FSR1 is only available when using the Forward+ renderer.
   at: viewport_set_scaling_3d_mode (servers/rendering/renderer_viewport.cpp:979)
ERROR: FSR1 is only available when using the Forward+ renderer.
   at: viewport_set_scaling_3d_mode (servers/rendering/renderer_viewport.cpp:979)
ERROR: FSR1 is only available when using the Forward+ renderer.
   at: viewport_set_scaling_3d_mode (servers/rendering/renderer_viewport.cpp:979)
ERROR: FSR1 is only available when using the Forward+ renderer.
   at: viewport_set_scaling_3d_mode (servers/rendering/renderer_viewport.cpp:979)
ERROR: FSR1 is only available when using the Forward+ renderer.
   at: viewport_set_scaling_3d_mode (servers/rendering/renderer_viewport.cpp:979)
ERROR: FSR1 is only available when using the Forward+ renderer.
   at: viewport_set_scaling_3d_mode (servers/rendering/renderer_viewport.cpp:979)
ERROR: FSR1 is only available when using the Forward+ renderer.
   at: viewport_set_scaling_3d_mode (servers/rendering/renderer_viewport.cpp:979)
ERROR: FSR1 is only available when using the Forward+ renderer.
   at: viewport_set_scaling_3d_mode (servers/rendering/renderer_viewport.cpp:979)
ERROR: FSR1 is only available when using the Forward+ renderer.
   at: viewport_set_scaling_3d_mode (servers/rendering/renderer_viewport.cpp:979)
ERROR: FSR1 is only available when using the Forward+ renderer.
   at: viewport_set_scaling_3d_mode (servers/rendering/renderer_viewport.cpp:979)
ERROR: FSR1 is only available when using the Forward+ renderer.
   at: viewport_set_scaling_3d_mode (servers/rendering/renderer_viewport.cpp:979)
ERROR: FSR1 is only available when using the Forward+ renderer.
   at: viewport_set_scaling_3d_mode (servers/rendering/renderer_viewport.cpp:979)
ERROR: FSR1 is only available when using the Forward+ renderer.
   at: viewport_set_scaling_3d_mode (servers/rendering/renderer_viewport.cpp:979)
ERROR: FSR1 is only available when using the Forward+ renderer.
   at: viewport_set_scaling_3d_mode (servers/rendering/renderer_viewport.cpp:979)
ERROR: FSR1 is only available when using the Forward+ renderer.
   at: viewport_set_scaling_3d_mode (servers/rendering/renderer_viewport.cpp:979)
ERROR: FSR1 is only available when using the Forward+ renderer.
   at: viewport_set_scaling_3d_mode (servers/rendering/renderer_viewport.cpp:979)
ERROR: FSR1 is only available when using the Forward+ renderer.
   at: viewport_set_scaling_3d_mode (servers/rendering/renderer_viewport.cpp:979)
ERROR: FSR1 is only available when using the Forward+ renderer.
   at: viewport_set_scaling_3d_mode (servers/rendering/renderer_viewport.cpp:979)
ERROR: FSR1 is only available when using the Forward+ renderer.
   at: viewport_set_scaling_3d_mode (servers/rendering/renderer_viewport.cpp:979)
ERROR: FSR1 is only available when using the Forward+ renderer.
   at: viewport_set_scaling_3d_mode (servers/rendering/renderer_viewport.cpp:979)
ERROR: FSR1 is only available when using the Forward+ renderer.
   at: viewport_set_scaling_3d_mode (servers/rendering/renderer_viewport.cpp:979)
ERROR: FSR1 is only available when using the Forward+ renderer.
   at: viewport_set_scaling_3d_mode (servers/rendering/renderer_viewport.cpp:979)
ERROR: FSR1 is only available when using the Forward+ renderer.
   at: viewport_set_scaling_3d_mode (servers/rendering/renderer_viewport.cpp:979)
ERROR: FSR1 is only available when using the Forward+ renderer.
   at: viewport_set_scaling_3d_mode (servers/rendering/renderer_viewport.cpp:979)
ERROR: FSR1 is only available when using the Forward+ renderer.
   at: viewport_set_scaling_3d_mode (servers/rendering/renderer_viewport.cpp:979)
ERROR: FSR1 is only available when using the Forward+ renderer.
   at: viewport_set_scaling_3d_mode (servers/rendering/renderer_viewport.cpp:979)
ERROR: FSR1 is only available when using the Forward+ renderer.
   at: viewport_set_scaling_3d_mode (servers/rendering/renderer_viewport.cpp:979)
ERROR: FSR1 is only available when using the Forward+ renderer.
   at: viewport_set_scaling_3d_mode (servers/rendering/renderer_viewport.cpp:979)
ERROR: FSR1 is only available when using the Forward+ renderer.
   at: viewport_set_scaling_3d_mode (servers/rendering/renderer_viewport.cpp:979)
ERROR: FSR1 is only available when using the Forward+ renderer.
   at: viewport_set_scaling_3d_mode (servers/rendering/renderer_viewport.cpp:979)
ERROR: FSR1 is only available when using the Forward+ renderer.
   at: viewport_set_scaling_3d_mode (servers/rendering/renderer_viewport.cpp:979)
ERROR: FSR1 is only available when using the Forward+ renderer.
   at: viewport_set_scaling_3d_mode (servers/rendering/renderer_viewport.cpp:979)
ERROR: FSR1 is only available when using the Forward+ renderer.
   at: viewport_set_scaling_3d_mode (servers/rendering/renderer_viewport.cpp:979)
ERROR: FSR1 is only available when using the Forward+ renderer.
   at: viewport_set_scaling_3d_mode (servers/rendering/renderer_viewport.cpp:979)
ERROR: FSR1 is only available when using the Forward+ renderer.
   at: viewport_set_scaling_3d_mode (servers/rendering/renderer_viewport.cpp:979)
ERROR: FSR1 is only available when using the Forward+ renderer.
   at: viewport_set_scaling_3d_mode (servers/rendering/renderer_viewport.cpp:979)
ERROR: FSR1 is only available when using the Forward+ renderer.
   at: viewport_set_scaling_3d_mode (servers/rendering/renderer_viewport.cpp:979)
ERROR: FSR1 is only available when using the Forward+ renderer.
   at: viewport_set_scaling_3d_mode (servers/rendering/renderer_viewport.cpp:979)
ERROR: FSR1 is only available when using the Forward+ renderer.
   at: viewport_set_scaling_3d_mode (servers/rendering/renderer_viewport.cpp:979)
ERROR: FSR1 is only available when using the Forward+ renderer.
   at: viewport_set_scaling_3d_mode (servers/rendering/renderer_viewport.cpp:979)
ERROR: FSR1 is only available when using the Forward+ renderer.
   at: viewport_set_scaling_3d_mode (servers/rendering/renderer_viewport.cpp:979)
ERROR: FSR1 is only available when using the Forward+ renderer.
   at: viewport_set_scaling_3d_mode (servers/rendering/renderer_viewport.cpp:979)
ERROR: FSR1 is only available when using the Forward+ renderer.
   at: viewport_set_scaling_3d_mode (servers/rendering/renderer_viewport.cpp:979)
ERROR: FSR1 is only available when using the Forward+ renderer.
   at: viewport_set_scaling_3d_mode (servers/rendering/renderer_viewport.cpp:979)
ERROR: FSR1 is only available when using the Forward+ renderer.
   at: viewport_set_scaling_3d_mode (servers/rendering/renderer_viewport.cpp:979)
ERROR: FSR1 is only available when using the Forward+ renderer.
   at: viewport_set_scaling_3d_mode (servers/rendering/renderer_viewport.cpp:979)
ERROR: FSR1 is only available when using the Forward+ renderer.
   at: viewport_set_scaling_3d_mode (servers/rendering/renderer_viewport.cpp:979)
ERROR: FSR1 is only available when using the Forward+ renderer.
   at: viewport_set_scaling_3d_mode (servers/rendering/renderer_viewport.cpp:979)
ERROR: FSR1 is only available when using the Forward+ renderer.
   at: viewport_set_scaling_3d_mode (servers/rendering/renderer_viewport.cpp:979)
ERROR: FSR1 is only available when using the Forward+ renderer.
   at: viewport_set_scaling_3d_mode (servers/rendering/renderer_viewport.cpp:979)
ERROR: FSR1 is only available when using the Forward+ renderer.
   at: viewport_set_scaling_3d_mode (servers/rendering/renderer_viewport.cpp:979)
ERROR: FSR1 is only available when using the Forward+ renderer.
   at: viewport_set_scaling_3d_mode (servers/rendering/renderer_viewport.cpp:979)
ERROR: FSR1 is only available when using the Forward+ renderer.
   at: viewport_set_scaling_3d_mode (servers/rendering/renderer_viewport.cpp:979)
ERROR: FSR1 is only available when using the Forward+ renderer.
   at: viewport_set_scaling_3d_mode (servers/rendering/renderer_viewport.cpp:979)
ERROR: FSR1 is only available when using the Forward+ renderer.
   at: viewport_set_scaling_3d_mode (servers/rendering/renderer_viewport.cpp:979)
ERROR: FSR1 is only available when using the Forward+ renderer.
   at: viewport_set_scaling_3d_mode (servers/rendering/renderer_viewport.cpp:979)
ERROR: FSR1 is only available when using the Forward+ renderer.
   at: viewport_set_scaling_3d_mode (servers/rendering/renderer_viewport.cpp:979)
ERROR: FSR1 is only available when using the Forward+ renderer.
   at: viewport_set_scaling_3d_mode (servers/rendering/renderer_viewport.cpp:979)
ERROR: FSR1 is only available when using the Forward+ renderer.
   at: viewport_set_scaling_3d_mode (servers/rendering/renderer_viewport.cpp:979)
ERROR: FSR1 is only available when using the Forward+ renderer.
   at: viewport_set_scaling_3d_mode (servers/rendering/renderer_viewport.cpp:979)
ERROR: FSR1 is only available when using the Forward+ renderer.
   at: viewport_set_scaling_3d_mode (servers/rendering/renderer_viewport.cpp:979)
ERROR: FSR1 is only available when using the Forward+ renderer.
   at: viewport_set_scaling_3d_mode (servers/rendering/renderer_viewport.cpp:979)
ERROR: FSR1 is only available when using the Forward+ renderer.
   at: viewport_set_scaling_3d_mode (servers/rendering/renderer_viewport.cpp:979)
ERROR: FSR1 is only available when using the Forward+ renderer.
   at: viewport_set_scaling_3d_mode (servers/rendering/renderer_viewport.cpp:979)
ERROR: FSR1 is only available when using the Forward+ renderer.
   at: viewport_set_scaling_3d_mode (servers/rendering/renderer_viewport.cpp:979)
ERROR: FSR1 is only available when using the Forward+ renderer.
   at: viewport_set_scaling_3d_mode (servers/rendering/renderer_viewport.cpp:979)
ERROR: FSR1 is only available when using the Forward+ renderer.
   at: viewport_set_scaling_3d_mode (servers/rendering/renderer_viewport.cpp:979)
ERROR: FSR1 is only available when using the Forward+ renderer.
   at: viewport_set_scaling_3d_mode (servers/rendering/renderer_viewport.cpp:979)
ERROR: FSR1 is only available when using the Forward+ renderer.
   at: viewport_set_scaling_3d_mode (servers/rendering/renderer_viewport.cpp:979)
ERROR: FSR1 is only available when using the Forward+ renderer.
   at: viewport_set_scaling_3d_mode (servers/rendering/renderer_viewport.cpp:979)
ERROR: FSR1 is only available when using the Forward+ renderer.
   at: viewport_set_scaling_3d_mode (servers/rendering/renderer_viewport.cpp:979)
ERROR: FSR1 is only available when using the Forward+ renderer.
   at: viewport_set_scaling_3d_mode (servers/rendering/renderer_viewport.cpp:979)
ERROR: FSR1 is only available when using the Forward+ renderer.
   at: viewport_set_scaling_3d_mode (servers/rendering/renderer_viewport.cpp:979)
ERROR: FSR1 is only available when using the Forward+ renderer.
   at: viewport_set_scaling_3d_mode (servers/rendering/renderer_viewport.cpp:979)
ERROR: FSR1 is only available when using the Forward+ renderer.
   at: viewport_set_scaling_3d_mode (servers/rendering/renderer_viewport.cpp:979)
ERROR: FSR1 is only available when using the Forward+ renderer.
   at: viewport_set_scaling_3d_mode (servers/rendering/renderer_viewport.cpp:979)
ERROR: FSR1 is only available when using the Forward+ renderer.
   at: viewport_set_scaling_3d_mode (servers/rendering/renderer_viewport.cpp:979)
ERROR: FSR1 is only available when using the Forward+ renderer.
   at: viewport_set_scaling_3d_mode (servers/rendering/renderer_viewport.cpp:979)
ERROR: FSR1 is only available when using the Forward+ renderer.
   at: viewport_set_scaling_3d_mode (servers/rendering/renderer_viewport.cpp:979)
ERROR: FSR1 is only available when using the Forward+ renderer.
   at: viewport_set_scaling_3d_mode (servers/rendering/renderer_viewport.cpp:979)
ERROR: FSR1 is only available when using the Forward+ renderer.
   at: viewport_set_scaling_3d_mode (servers/rendering/renderer_viewport.cpp:979)
ERROR: FSR1 is only available when using the Forward+ renderer.
   at: viewport_set_scaling_3d_mode (servers/rendering/renderer_viewport.cpp:979)
ERROR: FSR1 is only available when using the Forward+ renderer.
   at: viewport_set_scaling_3d_mode (servers/rendering/renderer_viewport.cpp:979)
ERROR: FSR1 is only available when using the Forward+ renderer.
   at: viewport_set_scaling_3d_mode (servers/rendering/renderer_viewport.cpp:979)
ERROR: FSR1 is only available when using the Forward+ renderer.
   at: viewport_set_scaling_3d_mode (servers/rendering/renderer_viewport.cpp:979)
ERROR: FSR1 is only available when using the Forward+ renderer.
   at: viewport_set_scaling_3d_mode (servers/rendering/renderer_viewport.cpp:979)
ERROR: FSR1 is only available when using the Forward+ renderer.
   at: viewport_set_scaling_3d_mode (servers/rendering/renderer_viewport.cpp:979)
ERROR: FSR1 is only available when using the Forward+ renderer.
   at: viewport_set_scaling_3d_mode (servers/rendering/renderer_viewport.cpp:979)
ERROR: FSR1 is only available when using the Forward+ renderer.
   at: viewport_set_scaling_3d_mode (servers/rendering/renderer_viewport.cpp:979)
ERROR: FSR1 is only available when using the Forward+ renderer.
   at: viewport_set_scaling_3d_mode (servers/rendering/renderer_viewport.cpp:979)
ERROR: FSR1 is only available when using the Forward+ renderer.
   at: viewport_set_scaling_3d_mode (servers/rendering/renderer_viewport.cpp:979)
ERROR: FSR1 is only available when using the Forward+ renderer.
   at: viewport_set_scaling_3d_mode (servers/rendering/renderer_viewport.cpp:979)
ERROR: FSR1 is only available when using the Forward+ renderer.
   at: viewport_set_scaling_3d_mode (servers/rendering/renderer_viewport.cpp:979)
ERROR: FSR1 is only available when using the Forward+ renderer.
   at: viewport_set_scaling_3d_mode (servers/rendering/renderer_viewport.cpp:979)
ERROR: FSR1 is only available when using the Forward+ renderer.
   at: viewport_set_scaling_3d_mode (servers/rendering/renderer_viewport.cpp:979)
ERROR: FSR1 is only available when using the Forward+ renderer.
   at: viewport_set_scaling_3d_mode (servers/rendering/renderer_viewport.cpp:979)
ERROR: FSR1 is only available when using the Forward+ renderer.
   at: viewport_set_scaling_3d_mode (servers/rendering/renderer_viewport.cpp:979)
ERROR: FSR1 is only available when using the Forward+ renderer.
   at: viewport_set_scaling_3d_mode (servers/rendering/renderer_viewport.cpp:979)
ERROR: FSR1 is only available when using the Forward+ renderer.
   at: viewport_set_scaling_3d_mode (servers/rendering/renderer_viewport.cpp:979)
ERROR: FSR1 is only available when using the Forward+ renderer.
   at: viewport_set_scaling_3d_mode (servers/rendering/renderer_viewport.cpp:979)
ERROR: FSR1 is only available when using the Forward+ renderer.
   at: viewport_set_scaling_3d_mode (servers/rendering/renderer_viewport.cpp:979)
ERROR: FSR1 is only available when using the Forward+ renderer.
   at: viewport_set_scaling_3d_mode (servers/rendering/renderer_viewport.cpp:979)
ERROR: FSR1 is only available when using the Forward+ renderer.
   at: viewport_set_scaling_3d_mode (servers/rendering/renderer_viewport.cpp:979)
ERROR: FSR1 is only available when using the Forward+ renderer.
   at: viewport_set_scaling_3d_mode (servers/rendering/renderer_viewport.cpp:979)
ERROR: FSR1 is only available when using the Forward+ renderer.
   at: viewport_set_scaling_3d_mode (servers/rendering/renderer_viewport.cpp:979)
ERROR: FSR1 is only available when using the Forward+ renderer.
   at: viewport_set_scaling_3d_mode (servers/rendering/renderer_viewport.cpp:979)
ERROR: FSR1 is only available when using the Forward+ renderer.
   at: viewport_set_scaling_3d_mode (servers/rendering/renderer_viewport.cpp:979)
ERROR: FSR1 is only available when using the Forward+ renderer.
   at: viewport_set_scaling_3d_mode (servers/rendering/renderer_viewport.cpp:979)
ERROR: FSR1 is only available when using the Forward+ renderer.
   at: viewport_set_scaling_3d_mode (servers/rendering/renderer_viewport.cpp:979)
ERROR: FSR1 is only available when using the Forward+ renderer.
   at: viewport_set_scaling_3d_mode (servers/rendering/renderer_viewport.cpp:979)
ERROR: FSR1 is only available when using the Forward+ renderer.
   at: viewport_set_scaling_3d_mode (servers/rendering/renderer_viewport.cpp:979)
ERROR: FSR1 is only available when using the Forward+ renderer.
   at: viewport_set_scaling_3d_mode (servers/rendering/renderer_viewport.cpp:979)
ERROR: FSR1 is only available when using the Forward+ renderer.
   at: viewport_set_scaling_3d_mode (servers/rendering/renderer_viewport.cpp:979)
ERROR: FSR1 is only available when using the Forward+ renderer.
   at: viewport_set_scaling_3d_mode (servers/rendering/renderer_viewport.cpp:979)
ERROR: FSR1 is only available when using the Forward+ renderer.
   at: viewport_set_scaling_3d_mode (servers/rendering/renderer_viewport.cpp:979)
ERROR: FSR1 is only available when using the Forward+ renderer.
   at: viewport_set_scaling_3d_mode (servers/rendering/renderer_viewport.cpp:979)
ERROR: FSR1 is only available when using the Forward+ renderer.
   at: viewport_set_scaling_3d_mode (servers/rendering/renderer_viewport.cpp:979)
ERROR: FSR1 is only available when using the Forward+ renderer.
   at: viewport_set_scaling_3d_mode (servers/rendering/renderer_viewport.cpp:979)
ERROR: FSR1 is only available when using the Forward+ renderer.
   at: viewport_set_scaling_3d_mode (servers/rendering/renderer_viewport.cpp:979)
ERROR: FSR1 is only available when using the Forward+ renderer.
   at: viewport_set_scaling_3d_mode (servers/rendering/renderer_viewport.cpp:979)
ERROR: FSR1 is only available when using the Forward+ renderer.
   at: viewport_set_scaling_3d_mode (servers/rendering/renderer_viewport.cpp:979)
ERROR: FSR1 is only available when using the Forward+ renderer.
   at: viewport_set_scaling_3d_mode (servers/rendering/renderer_viewport.cpp:979)
ERROR: FSR1 is only available when using the Forward+ renderer.
   at: viewport_set_scaling_3d_mode (servers/rendering/renderer_viewport.cpp:979)
ERROR: FSR1 is only available when using the Forward+ renderer.
   at: viewport_set_scaling_3d_mode (servers/rendering/renderer_viewport.cpp:979)
ERROR: FSR1 is only available when using the Forward+ renderer.
   at: viewport_set_scaling_3d_mode (servers/rendering/renderer_viewport.cpp:979)
ERROR: FSR1 is only available when using the Forward+ renderer.
   at: viewport_set_scaling_3d_mode (servers/rendering/renderer_viewport.cpp:979)
ERROR: FSR1 is only available when using the Forward+ renderer.
   at: viewport_set_scaling_3d_mode (servers/rendering/renderer_viewport.cpp:979)
ERROR: FSR1 is only available when using the Forward+ renderer.
   at: viewport_set_scaling_3d_mode (servers/rendering/renderer_viewport.cpp:979)
ERROR: FSR1 is only available when using the Forward+ renderer.
   at: viewport_set_scaling_3d_mode (servers/rendering/renderer_viewport.cpp:979)
ERROR: FSR1 is only available when using the Forward+ renderer.
   at: viewport_set_scaling_3d_mode (servers/rendering/renderer_viewport.cpp:979)
ERROR: FSR1 is only available when using the Forward+ renderer.
   at: viewport_set_scaling_3d_mode (servers/rendering/renderer_viewport.cpp:979)
ERROR: FSR1 is only available when using the Forward+ renderer.
   at: viewport_set_scaling_3d_mode (servers/rendering/renderer_viewport.cpp:979)
ERROR: FSR1 is only available when using the Forward+ renderer.
   at: viewport_set_scaling_3d_mode (servers/rendering/renderer_viewport.cpp:979)
ERROR: FSR1 is only available when using the Forward+ renderer.
   at: viewport_set_scaling_3d_mode (servers/rendering/renderer_viewport.cpp:979)
ERROR: FSR1 is only available when using the Forward+ renderer.
   at: viewport_set_scaling_3d_mode (servers/rendering/renderer_viewport.cpp:979)
ERROR: FSR1 is only available when using the Forward+ renderer.
   at: viewport_set_scaling_3d_mode (servers/rendering/renderer_viewport.cpp:979)
ERROR: FSR1 is only available when using the Forward+ renderer.
   at: viewport_set_scaling_3d_mode (servers/rendering/renderer_viewport.cpp:979)
ERROR: FSR1 is only available when using the Forward+ renderer.
   at: viewport_set_scaling_3d_mode (servers/rendering/renderer_viewport.cpp:979)
ERROR: FSR1 is only available when using the Forward+ renderer.
   at: viewport_set_scaling_3d_mode (servers/rendering/renderer_viewport.cpp:979)
ERROR: FSR1 is only available when using the Forward+ renderer.
   at: viewport_set_scaling_3d_mode (servers/rendering/renderer_viewport.cpp:979)
ERROR: FSR1 is only available when using the Forward+ renderer.
   at: viewport_set_scaling_3d_mode (servers/rendering/renderer_viewport.cpp:979)
ERROR: FSR1 is only available when using the Forward+ renderer.
   at: viewport_set_scaling_3d_mode (servers/rendering/renderer_viewport.cpp:979)
ERROR: FSR1 is only available when using the Forward+ renderer.
   at: viewport_set_scaling_3d_mode (servers/rendering/renderer_viewport.cpp:979)
ERROR: FSR1 is only available when using the Forward+ renderer.
   at: viewport_set_scaling_3d_mode (servers/rendering/renderer_viewport.cpp:979)
ERROR: FSR1 is only available when using the Forward+ renderer.
   at: viewport_set_scaling_3d_mode (servers/rendering/renderer_viewport.cpp:979)
ERROR: FSR1 is only available when using the Forward+ renderer.
   at: viewport_set_scaling_3d_mode (servers/rendering/renderer_viewport.cpp:979)
ERROR: FSR1 is only available when using the Forward+ renderer.
   at: viewport_set_scaling_3d_mode (servers/rendering/renderer_viewport.cpp:979)
ERROR: FSR1 is only available when using the Forward+ renderer.
   at: viewport_set_scaling_3d_mode (servers/rendering/renderer_viewport.cpp:979)
ERROR: FSR1 is only available when using the Forward+ renderer.
   at: viewport_set_scaling_3d_mode (servers/rendering/renderer_viewport.cpp:979)
ERROR: FSR1 is only available when using the Forward+ renderer.
   at: viewport_set_scaling_3d_mode (servers/rendering/renderer_viewport.cpp:979)
ERROR: FSR1 is only available when using the Forward+ renderer.
   at: viewport_set_scaling_3d_mode (servers/rendering/renderer_viewport.cpp:979)
ERROR: FSR1 is only available when using the Forward+ renderer.
   at: viewport_set_scaling_3d_mode (servers/rendering/renderer_viewport.cpp:979)
ERROR: FSR1 is only available when using the Forward+ renderer.
   at: viewport_set_scaling_3d_mode (servers/rendering/renderer_viewport.cpp:979)
ERROR: FSR1 is only available when using the Forward+ renderer.
   at: viewport_set_scaling_3d_mode (servers/rendering/renderer_viewport.cpp:979)
ERROR: FSR1 is only available when using the Forward+ renderer.
   at: viewport_set_scaling_3d_mode (servers/rendering/renderer_viewport.cpp:979)
ERROR: FSR1 is only available when using the Forward+ renderer.
   at: viewport_set_scaling_3d_mode (servers/rendering/renderer_viewport.cpp:979)
ERROR: FSR1 is only available when using the Forward+ renderer.
   at: viewport_set_scaling_3d_mode (servers/rendering/renderer_viewport.cpp:979)
ERROR: FSR1 is only available when using the Forward+ renderer.
   at: viewport_set_scaling_3d_mode (servers/rendering/renderer_viewport.cpp:979)
ERROR: FSR1 is only available when using the Forward+ renderer.
   at: viewport_set_scaling_3d_mode (servers/rendering/renderer_viewport.cpp:979)
ERROR: FSR1 is only available when using the Forward+ renderer.
   at: viewport_set_scaling_3d_mode (servers/rendering/renderer_viewport.cpp:979)
ERROR: FSR1 is only available when using the Forward+ renderer.
   at: viewport_set_scaling_3d_mode (servers/rendering/renderer_viewport.cpp:979)
ERROR: FSR1 is only available when using the Forward+ renderer.
   at: viewport_set_scaling_3d_mode (servers/rendering/renderer_viewport.cpp:979)
ERROR: FSR1 is only available when using the Forward+ renderer.
   at: viewport_set_scaling_3d_mode (servers/rendering/renderer_viewport.cpp:979)
ERROR: FSR1 is only available when using the Forward+ renderer.
   at: viewport_set_scaling_3d_mode (servers/rendering/renderer_viewport.cpp:979)
ERROR: FSR1 is only available when using the Forward+ renderer.
   at: viewport_set_scaling_3d_mode (servers/rendering/renderer_viewport.cpp:979)
ERROR: FSR1 is only available when using the Forward+ renderer.
   at: viewport_set_scaling_3d_mode (servers/rendering/renderer_viewport.cpp:979)
ERROR: FSR1 is only available when using the Forward+ renderer.
   at: viewport_set_scaling_3d_mode (servers/rendering/renderer_viewport.cpp:979)
ERROR: FSR1 is only available when using the Forward+ renderer.
   at: viewport_set_scaling_3d_mode (servers/rendering/renderer_viewport.cpp:979)
ERROR: FSR1 is only available when using the Forward+ renderer.
   at: viewport_set_scaling_3d_mode (servers/rendering/renderer_viewport.cpp:979)
ERROR: FSR1 is only available when using the Forward+ renderer.
   at: viewport_set_scaling_3d_mode (servers/rendering/renderer_viewport.cpp:979)
ERROR: FSR1 is only available when using the Forward+ renderer.
   at: viewport_set_scaling_3d_mode (servers/rendering/renderer_viewport.cpp:979)
ERROR: FSR1 is only available when using the Forward+ renderer.
   at: viewport_set_scaling_3d_mode (servers/rendering/renderer_viewport.cpp:979)
ERROR: FSR1 is only available when using the Forward+ renderer.
   at: viewport_set_scaling_3d_mode (servers/rendering/renderer_viewport.cpp:979)
ERROR: FSR1 is only available when using the Forward+ renderer.
   at: viewport_set_scaling_3d_mode (servers/rendering/renderer_viewport.cpp:979)
ERROR: FSR1 is only available when using the Forward+ renderer.
   at: viewport_set_scaling_3d_mode (servers/rendering/renderer_viewport.cpp:979)
ERROR: FSR1 is only available when using the Forward+ renderer.
   at: viewport_set_scaling_3d_mode (servers/rendering/renderer_viewport.cpp:979)
ERROR: FSR1 is only available when using the Forward+ renderer.
   at: viewport_set_scaling_3d_mode (servers/rendering/renderer_viewport.cpp:979)
ERROR: FSR1 is only available when using the Forward+ renderer.
   at: viewport_set_scaling_3d_mode (servers/rendering/renderer_viewport.cpp:979)
ERROR: FSR1 is only available when using the Forward+ renderer.
   at: viewport_set_scaling_3d_mode (servers/rendering/renderer_viewport.cpp:979)
ERROR: FSR1 is only available when using the Forward+ renderer.
   at: viewport_set_scaling_3d_mode (servers/rendering/renderer_viewport.cpp:979)
ERROR: FSR1 is only available when using the Forward+ renderer.
   at: viewport_set_scaling_3d_mode (servers/rendering/renderer_viewport.cpp:979)
ERROR: FSR1 is only available when using the Forward+ renderer.
   at: viewport_set_scaling_3d_mode (servers/rendering/renderer_viewport.cpp:979)
ERROR: FSR1 is only available when using the Forward+ renderer.
   at: viewport_set_scaling_3d_mode (servers/rendering/renderer_viewport.cpp:979)
ERROR: FSR1 is only available when using the Forward+ renderer.
   at: viewport_set_scaling_3d_mode (servers/rendering/renderer_viewport.cpp:979)
ERROR: FSR1 is only available when using the Forward+ renderer.
   at: viewport_set_scaling_3d_mode (servers/rendering/renderer_viewport.cpp:979)
ERROR: FSR1 is only available when using the Forward+ renderer.
   at: viewport_set_scaling_3d_mode (servers/rendering/renderer_viewport.cpp:979)
ERROR: FSR1 is only available when using the Forward+ renderer.
   at: viewport_set_scaling_3d_mode (servers/rendering/renderer_viewport.cpp:979)
ERROR: FSR1 is only available when using the Forward+ renderer.
   at: viewport_set_scaling_3d_mode (servers/rendering/renderer_viewport.cpp:979)
ERROR: FSR1 is only available when using the Forward+ renderer.
   at: viewport_set_scaling_3d_mode (servers/rendering/renderer_viewport.cpp:979)
ERROR: FSR1 is only available when using the Forward+ renderer.
   at: viewport_set_scaling_3d_mode (servers/rendering/renderer_viewport.cpp:979)
ERROR: FSR1 is only available when using the Forward+ renderer.
   at: viewport_set_scaling_3d_mode (servers/rendering/renderer_viewport.cpp:979)
ERROR: FSR1 is only available when using the Forward+ renderer.
   at: viewport_set_scaling_3d_mode (servers/rendering/renderer_viewport.cpp:979)
ERROR: FSR1 is only available when using the Forward+ renderer.
   at: viewport_set_scaling_3d_mode (servers/rendering/renderer_viewport.cpp:979)
ERROR: FSR1 is only available when using the Forward+ renderer.
   at: viewport_set_scaling_3d_mode (servers/rendering/renderer_viewport.cpp:979)
ERROR: FSR1 is only available when using the Forward+ renderer.
   at: viewport_set_scaling_3d_mode (servers/rendering/renderer_viewport.cpp:979)
ERROR: FSR1 is only available when using the Forward+ renderer.
   at: viewport_set_scaling_3d_mode (servers/rendering/renderer_viewport.cpp:979)
ERROR: FSR1 is only available when using the Forward+ renderer.
   at: viewport_set_scaling_3d_mode (servers/rendering/renderer_viewport.cpp:979)
ERROR: FSR1 is only available when using the Forward+ renderer.
   at: viewport_set_scaling_3d_mode (servers/rendering/renderer_viewport.cpp:979)
ERROR: FSR1 is only available when using the Forward+ renderer.
   at: viewport_set_scaling_3d_mode (servers/rendering/renderer_viewport.cpp:979)
ERROR: FSR1 is only available when using the Forward+ renderer.
   at: viewport_set_scaling_3d_mode (servers/rendering/renderer_viewport.cpp:979)
ERROR: FSR1 is only available when using the Forward+ renderer.
   at: viewport_set_scaling_3d_mode (servers/rendering/renderer_viewport.cpp:979)
ERROR: FSR1 is only available when using the Forward+ renderer.
   at: viewport_set_scaling_3d_mode (servers/rendering/renderer_viewport.cpp:979)
ERROR: FSR1 is only available when using the Forward+ renderer.
   at: viewport_set_scaling_3d_mode (servers/rendering/renderer_viewport.cpp:979)
ERROR: FSR1 is only available when using the Forward+ renderer.
   at: viewport_set_scaling_3d_mode (servers/rendering/renderer_viewport.cpp:979)
ERROR: FSR1 is only available when using the Forward+ renderer.
   at: viewport_set_scaling_3d_mode (servers/rendering/renderer_viewport.cpp:979)
ERROR: FSR1 is only available when using the Forward+ renderer.
   at: viewport_set_scaling_3d_mode (servers/rendering/renderer_viewport.cpp:979)
ERROR: FSR1 is only available when using the Forward+ renderer.
   at: viewport_set_scaling_3d_mode (servers/rendering/renderer_viewport.cpp:979)
ERROR: FSR1 is only available when using the Forward+ renderer.
   at: viewport_set_scaling_3d_mode (servers/rendering/renderer_viewport.cpp:979)
ERROR: FSR1 is only available when using the Forward+ renderer.
   at: viewport_set_scaling_3d_mode (servers/rendering/renderer_viewport.cpp:979)
ERROR: FSR1 is only available when using the Forward+ renderer.
   at: viewport_set_scaling_3d_mode (servers/rendering/renderer_viewport.cpp:979)
ERROR: FSR1 is only available when using the Forward+ renderer.
   at: viewport_set_scaling_3d_mode (servers/rendering/renderer_viewport.cpp:979)
[   0% ] [90m[1mfirst_scan_filesystem[22m | Started Project initialization (5 steps)[39m[0m
[   0% ] [90m[1mfirst_scan_filesystem[22m | Scanning file structure...[39m[0m
[  16% ] [90m[1mfirst_scan_filesystem[22m | Loading global class names...[39m[0m
[  33% ] [90m[1mfirst_scan_filesystem[22m | Verifying GDExtensions...[39m[0m
[  50% ] [90m[1mfirst_scan_filesystem[22m | Creating autoload scripts...[39m[0m
[  66% ] [90m[1mfirst_scan_filesystem[22m | Initializing plugins...[39m[0m
[  83% ] [90m[1mfirst_scan_filesystem[22m | Starting file scan...[39m[0m
[92m[ DONE ][39m [1mfirst_scan_filesystem[22m
[0m
[   0% ] [90m[1mloading_editor_layout[22m | Started Loading editor (5 steps)[39m[0m
[   0% ] [90m[1mloading_editor_layout[22m | Loading editor layout...[39m[0m
[  16% ] [90m[1mloading_editor_layout[22m | Loading docks...[39m[0m
[  33% ] [90m[1mloading_editor_layout[22m | Reopening scenes...[39m[0m
ERROR: FSR1 is only available when using the Forward+ renderer.
   at: viewport_set_scaling_3d_mode (servers/rendering/renderer_viewport.cpp:979)
ERROR: FSR1 is only available when using the Forward+ renderer.
   at: viewport_set_scaling_3d_mode (servers/rendering/renderer_viewport.cpp:979)
ERROR: FSR1 is only available when using the Forward+ renderer.
   at: viewport_set_scaling_3d_mode (servers/rendering/renderer_viewport.cpp:979)
ERROR: FSR1 is only available when using the Forward+ renderer.
   at: viewport_set_scaling_3d_mode (servers/rendering/renderer_viewport.cpp:979)
ERROR: FSR1 is only available when using the Forward+ renderer.
   at: viewport_set_scaling_3d_mode (servers/rendering/renderer_viewport.cpp:979)
ERROR: FSR1 is only available when using the Forward+ renderer.
   at: viewport_set_scaling_3d_mode (servers/rendering/renderer_viewport.cpp:979)
ERROR: FSR1 is only available when using the Forward+ renderer.
   at: viewport_set_scaling_3d_mode (servers/rendering/renderer_viewport.cpp:979)
[  50% ] [90m[1mloading_editor_layout[22m | Loading central editor layout...[39m[0m
[  66% ] [90m[1mloading_editor_layout[22m | Loading plugin window layout...[39m[0m
[  83% ] [90m[1mloading_editor_layout[22m | Editor layout ready.[39m[0m
[92m[ DONE ][39m [1mloading_editor_layout[22m
[0m
PARSER_EXIT=0
MONITORED_STATE_RETENTION=passed
NEW_GUIDANCE=none_detected
OWNER_APPROVAL=absent
PROMOTION_AUTOMATIC=false
PROMOTION_ALLOWED=false
PRODUCTION_MODULES_CHANGED=false
REVIEW_STATUS=pending
ROLLBACK=available_by_commit
DEV3_VISUAL_HANDOFF=ready
DEV4_QA_HANDOFF=ready
DEV6_ENVIRONMENT_HANDOFF=ready
